ISO-10303-21;
HEADER;
FILE_DESCRIPTION(('KiCad electronic assembly'),'2;1');
FILE_NAME('JLC Step.step','2026-05-28T09:32:47',('Pcbnew'),('Kicad'),
  'Open CASCADE STEP processor 7.9','KiCad to STEP converter','Unknown'
  );
FILE_SCHEMA(('AUTOMOTIVE_DESIGN { 1 0 10303 214 1 1 1 1 }'));
ENDSEC;
DATA;
#1 = APPLICATION_PROTOCOL_DEFINITION('international standard',
  'automotive_design',2000,#2);
#2 = APPLICATION_CONTEXT(
  'core data for automotive mechanical design processes');
#3 = SHAPE_DEFINITION_REPRESENTATION(#4,#10);
#4 = PRODUCT_DEFINITION_SHAPE('','',#5);
#5 = PRODUCT_DEFINITION('design','',#6,#9);
#6 = PRODUCT_DEFINITION_FORMATION('','',#7);
#7 = PRODUCT('JLC Step 1','JLC Step 1','',(#8));
#8 = PRODUCT_CONTEXT('',#2,'mechanical');
#9 = PRODUCT_DEFINITION_CONTEXT('part definition',#2,'design');
#10 = SHAPE_REPRESENTATION('',(#11,#15,#19,#23,#27,#31),#35);
#11 = AXIS2_PLACEMENT_3D('',#12,#13,#14);
#12 = CARTESIAN_POINT('',(0.,0.,0.));
#13 = DIRECTION('',(0.,0.,1.));
#14 = DIRECTION('',(1.,0.,-0.));
#15 = AXIS2_PLACEMENT_3D('',#16,#17,#18);
#16 = CARTESIAN_POINT('',(125.79,-68.14,1.595));
#17 = DIRECTION('',(0.,0.,1.));
#18 = DIRECTION('',(1.,0.,0.));
#19 = AXIS2_PLACEMENT_3D('',#20,#21,#22);
#20 = CARTESIAN_POINT('',(0.,0.,0.));
#21 = DIRECTION('',(0.,0.,1.));
#22 = DIRECTION('',(1.,0.,-0.));
#23 = AXIS2_PLACEMENT_3D('',#24,#25,#26);
#24 = CARTESIAN_POINT('',(0.,0.,0.));
#25 = DIRECTION('',(0.,0.,1.));
#26 = DIRECTION('',(1.,0.,-0.));
#27 = AXIS2_PLACEMENT_3D('',#28,#29,#30);
#28 = CARTESIAN_POINT('',(0.,0.,0.));
#29 = DIRECTION('',(0.,0.,1.));
#30 = DIRECTION('',(1.,0.,-0.));
#31 = AXIS2_PLACEMENT_3D('',#32,#33,#34);
#32 = CARTESIAN_POINT('',(0.,0.,0.));
#33 = DIRECTION('',(0.,0.,1.));
#34 = DIRECTION('',(1.,0.,-0.));
#35 = ( GEOMETRIC_REPRESENTATION_CONTEXT(3) 
GLOBAL_UNCERTAINTY_ASSIGNED_CONTEXT((#39)) GLOBAL_UNIT_ASSIGNED_CONTEXT(
(#36,#37,#38)) REPRESENTATION_CONTEXT('Context #1',
  '3D Context with UNIT and UNCERTAINTY') );
#36 = ( LENGTH_UNIT() NAMED_UNIT(*) SI_UNIT(.MILLI.,.METRE.) );
#37 = ( NAMED_UNIT(*) PLANE_ANGLE_UNIT() SI_UNIT($,.RADIAN.) );
#38 = ( NAMED_UNIT(*) SI_UNIT($,.STERADIAN.) SOLID_ANGLE_UNIT() );
#39 = UNCERTAINTY_MEASURE_WITH_UNIT(LENGTH_MEASURE(1.E-07),#36,
  'distance_accuracy_value','confusion accuracy');
#40 = PRODUCT_RELATED_PRODUCT_CATEGORY('part',$,(#7));
#41 = SHAPE_DEFINITION_REPRESENTATION(#42,#48);
#42 = PRODUCT_DEFINITION_SHAPE('','',#43);
#43 = PRODUCT_DEFINITION('design','',#44,#47);
#44 = PRODUCT_DEFINITION_FORMATION('','',#45);
#45 = PRODUCT('R_0603','R_0603','',(#46));
#46 = PRODUCT_CONTEXT('',#2,'mechanical');
#47 = PRODUCT_DEFINITION_CONTEXT('part definition',#2,'design');
#48 = ADVANCED_BREP_SHAPE_REPRESENTATION('',(#11,#49),#839);
#49 = MANIFOLD_SOLID_BREP('',#50);
#50 = CLOSED_SHELL('',(#51,#91,#174,#199,#224,#291,#308,#325,#374,#391,
    #408,#457,#474,#543,#574,#598,#667,#691,#708,#725,#742,#759,#776,
    #793,#810,#827));
#51 = ADVANCED_FACE('',(#52),#86,.F.);
#52 = FACE_BOUND('',#53,.F.);
#53 = EDGE_LOOP('',(#54,#64,#72,#80));
#54 = ORIENTED_EDGE('',*,*,#55,.F.);
#55 = EDGE_CURVE('',#56,#58,#60,.T.);
#56 = VERTEX_POINT('',#57);
#57 = CARTESIAN_POINT('',(-0.8,-0.4,4.5E-02));
#58 = VERTEX_POINT('',#59);
#59 = CARTESIAN_POINT('',(-0.8,-0.4,0.405));
#60 = LINE('',#61,#62);
#61 = CARTESIAN_POINT('',(-0.8,-0.4,0.));
#62 = VECTOR('',#63,1.);
#63 = DIRECTION('',(0.,0.,1.));
#64 = ORIENTED_EDGE('',*,*,#65,.T.);
#65 = EDGE_CURVE('',#56,#66,#68,.T.);
#66 = VERTEX_POINT('',#67);
#67 = CARTESIAN_POINT('',(-0.8,0.4,4.5E-02));
#68 = LINE('',#69,#70);
#69 = CARTESIAN_POINT('',(-0.8,-0.4,4.5E-02));
#70 = VECTOR('',#71,1.);
#71 = DIRECTION('',(0.,1.,0.));
#72 = ORIENTED_EDGE('',*,*,#73,.T.);
#73 = EDGE_CURVE('',#66,#74,#76,.T.);
#74 = VERTEX_POINT('',#75);
#75 = CARTESIAN_POINT('',(-0.8,0.4,0.405));
#76 = LINE('',#77,#78);
#77 = CARTESIAN_POINT('',(-0.8,0.4,0.));
#78 = VECTOR('',#79,1.);
#79 = DIRECTION('',(0.,0.,1.));
#80 = ORIENTED_EDGE('',*,*,#81,.F.);
#81 = EDGE_CURVE('',#58,#74,#82,.T.);
#82 = LINE('',#83,#84);
#83 = CARTESIAN_POINT('',(-0.8,-0.4,0.405));
#84 = VECTOR('',#85,1.);
#85 = DIRECTION('',(0.,1.,0.));
#86 = PLANE('',#87);
#87 = AXIS2_PLACEMENT_3D('',#88,#89,#90);
#88 = CARTESIAN_POINT('',(-0.8,-0.4,0.));
#89 = DIRECTION('',(1.,0.,0.));
#90 = DIRECTION('',(0.,0.,1.));
#91 = ADVANCED_FACE('',(#92),#169,.F.);
#92 = FACE_BOUND('',#93,.F.);
#93 = EDGE_LOOP('',(#94,#104,#111,#112,#121,#129,#138,#146,#154,#162));
#94 = ORIENTED_EDGE('',*,*,#95,.F.);
#95 = EDGE_CURVE('',#96,#98,#100,.T.);
#96 = VERTEX_POINT('',#97);
#97 = CARTESIAN_POINT('',(-0.755,-0.4,-2.775557561563E-17));
#98 = VERTEX_POINT('',#99);
#99 = CARTESIAN_POINT('',(-0.545,-0.4,-2.775557561563E-17));
#100 = LINE('',#101,#102);
#101 = CARTESIAN_POINT('',(-0.8,-0.4,0.));
#102 = VECTOR('',#103,1.);
#103 = DIRECTION('',(1.,0.,0.));
#104 = ORIENTED_EDGE('',*,*,#105,.F.);
#105 = EDGE_CURVE('',#56,#96,#106,.T.);
#106 = CIRCLE('',#107,4.5E-02);
#107 = AXIS2_PLACEMENT_3D('',#108,#109,#110);
#108 = CARTESIAN_POINT('',(-0.755,-0.4,4.5E-02));
#109 = DIRECTION('',(0.,-1.,0.));
#110 = DIRECTION('',(0.,0.,1.));
#111 = ORIENTED_EDGE('',*,*,#55,.T.);
#112 = ORIENTED_EDGE('',*,*,#113,.T.);
#113 = EDGE_CURVE('',#58,#114,#116,.T.);
#114 = VERTEX_POINT('',#115);
#115 = CARTESIAN_POINT('',(-0.755,-0.4,0.45));
#116 = CIRCLE('',#117,4.5E-02);
#117 = AXIS2_PLACEMENT_3D('',#118,#119,#120);
#118 = CARTESIAN_POINT('',(-0.755,-0.4,0.405));
#119 = DIRECTION('',(0.,1.,0.));
#120 = DIRECTION('',(0.,-0.,1.));
#121 = ORIENTED_EDGE('',*,*,#122,.T.);
#122 = EDGE_CURVE('',#114,#123,#125,.T.);
#123 = VERTEX_POINT('',#124);
#124 = CARTESIAN_POINT('',(-0.545,-0.4,0.45));
#125 = LINE('',#126,#127);
#126 = CARTESIAN_POINT('',(-0.8,-0.4,0.45));
#127 = VECTOR('',#128,1.);
#128 = DIRECTION('',(1.,0.,0.));
#129 = ORIENTED_EDGE('',*,*,#130,.F.);
#130 = EDGE_CURVE('',#131,#123,#133,.T.);
#131 = VERTEX_POINT('',#132);
#132 = CARTESIAN_POINT('',(-0.5,-0.4,0.405));
#133 = CIRCLE('',#134,4.5E-02);
#134 = AXIS2_PLACEMENT_3D('',#135,#136,#137);
#135 = CARTESIAN_POINT('',(-0.545,-0.4,0.405));
#136 = DIRECTION('',(0.,-1.,0.));
#137 = DIRECTION('',(0.,0.,1.));
#138 = ORIENTED_EDGE('',*,*,#139,.F.);
#139 = EDGE_CURVE('',#140,#131,#142,.T.);
#140 = VERTEX_POINT('',#141);
#141 = CARTESIAN_POINT('',(-0.755,-0.4,0.405));
#142 = LINE('',#143,#144);
#143 = CARTESIAN_POINT('',(-0.755,-0.4,0.405));
#144 = VECTOR('',#145,1.);
#145 = DIRECTION('',(1.,0.,0.));
#146 = ORIENTED_EDGE('',*,*,#147,.F.);
#147 = EDGE_CURVE('',#148,#140,#150,.T.);
#148 = VERTEX_POINT('',#149);
#149 = CARTESIAN_POINT('',(-0.755,-0.4,4.5E-02));
#150 = LINE('',#151,#152);
#151 = CARTESIAN_POINT('',(-0.755,-0.4,4.5E-02));
#152 = VECTOR('',#153,1.);
#153 = DIRECTION('',(0.,0.,1.));
#154 = ORIENTED_EDGE('',*,*,#155,.T.);
#155 = EDGE_CURVE('',#148,#156,#158,.T.);
#156 = VERTEX_POINT('',#157);
#157 = CARTESIAN_POINT('',(-0.5,-0.4,4.5E-02));
#158 = LINE('',#159,#160);
#159 = CARTESIAN_POINT('',(-0.755,-0.4,4.5E-02));
#160 = VECTOR('',#161,1.);
#161 = DIRECTION('',(1.,0.,0.));
#162 = ORIENTED_EDGE('',*,*,#163,.T.);
#163 = EDGE_CURVE('',#156,#98,#164,.T.);
#164 = CIRCLE('',#165,4.5E-02);
#165 = AXIS2_PLACEMENT_3D('',#166,#167,#168);
#166 = CARTESIAN_POINT('',(-0.545,-0.4,4.5E-02));
#167 = DIRECTION('',(0.,1.,0.));
#168 = DIRECTION('',(0.,-0.,1.));
#169 = PLANE('',#170);
#170 = AXIS2_PLACEMENT_3D('',#171,#172,#173);
#171 = CARTESIAN_POINT('',(-0.8,-0.4,0.));
#172 = DIRECTION('',(0.,1.,0.));
#173 = DIRECTION('',(0.,-0.,1.));
#174 = ADVANCED_FACE('',(#175),#194,.T.);
#175 = FACE_BOUND('',#176,.T.);
#176 = EDGE_LOOP('',(#177,#178,#187,#193));
#177 = ORIENTED_EDGE('',*,*,#65,.T.);
#178 = ORIENTED_EDGE('',*,*,#179,.T.);
#179 = EDGE_CURVE('',#66,#180,#182,.T.);
#180 = VERTEX_POINT('',#181);
#181 = CARTESIAN_POINT('',(-0.755,0.4,-2.775557561563E-17));
#182 = CIRCLE('',#183,4.5E-02);
#183 = AXIS2_PLACEMENT_3D('',#184,#185,#186);
#184 = CARTESIAN_POINT('',(-0.755,0.4,4.5E-02));
#185 = DIRECTION('',(0.,-1.,0.));
#186 = DIRECTION('',(0.,0.,1.));
#187 = ORIENTED_EDGE('',*,*,#188,.F.);
#188 = EDGE_CURVE('',#96,#180,#189,.T.);
#189 = LINE('',#190,#191);
#190 = CARTESIAN_POINT('',(-0.755,-0.4,-2.775557561563E-17));
#191 = VECTOR('',#192,1.);
#192 = DIRECTION('',(0.,1.,0.));
#193 = ORIENTED_EDGE('',*,*,#105,.F.);
#194 = CYLINDRICAL_SURFACE('',#195,4.5E-02);
#195 = AXIS2_PLACEMENT_3D('',#196,#197,#198);
#196 = CARTESIAN_POINT('',(-0.755,-0.4,4.5E-02));
#197 = DIRECTION('',(0.,1.,0.));
#198 = DIRECTION('',(-1.,0.,0.));
#199 = ADVANCED_FACE('',(#200),#219,.T.);
#200 = FACE_BOUND('',#201,.T.);
#201 = EDGE_LOOP('',(#202,#203,#211,#218));
#202 = ORIENTED_EDGE('',*,*,#113,.T.);
#203 = ORIENTED_EDGE('',*,*,#204,.T.);
#204 = EDGE_CURVE('',#114,#205,#207,.T.);
#205 = VERTEX_POINT('',#206);
#206 = CARTESIAN_POINT('',(-0.755,0.4,0.45));
#207 = LINE('',#208,#209);
#208 = CARTESIAN_POINT('',(-0.755,-0.4,0.45));
#209 = VECTOR('',#210,1.);
#210 = DIRECTION('',(0.,1.,0.));
#211 = ORIENTED_EDGE('',*,*,#212,.F.);
#212 = EDGE_CURVE('',#74,#205,#213,.T.);
#213 = CIRCLE('',#214,4.5E-02);
#214 = AXIS2_PLACEMENT_3D('',#215,#216,#217);
#215 = CARTESIAN_POINT('',(-0.755,0.4,0.405));
#216 = DIRECTION('',(0.,1.,0.));
#217 = DIRECTION('',(0.,-0.,1.));
#218 = ORIENTED_EDGE('',*,*,#81,.F.);
#219 = CYLINDRICAL_SURFACE('',#220,4.5E-02);
#220 = AXIS2_PLACEMENT_3D('',#221,#222,#223);
#221 = CARTESIAN_POINT('',(-0.755,-0.4,0.405));
#222 = DIRECTION('',(0.,1.,0.));
#223 = DIRECTION('',(-1.,0.,0.));
#224 = ADVANCED_FACE('',(#225),#286,.T.);
#225 = FACE_BOUND('',#226,.T.);
#226 = EDGE_LOOP('',(#227,#235,#236,#237,#238,#246,#255,#263,#271,#279)
  );
#227 = ORIENTED_EDGE('',*,*,#228,.F.);
#228 = EDGE_CURVE('',#180,#229,#231,.T.);
#229 = VERTEX_POINT('',#230);
#230 = CARTESIAN_POINT('',(-0.545,0.4,-2.775557561563E-17));
#231 = LINE('',#232,#233);
#232 = CARTESIAN_POINT('',(-0.8,0.4,0.));
#233 = VECTOR('',#234,1.);
#234 = DIRECTION('',(1.,0.,0.));
#235 = ORIENTED_EDGE('',*,*,#179,.F.);
#236 = ORIENTED_EDGE('',*,*,#73,.T.);
#237 = ORIENTED_EDGE('',*,*,#212,.T.);
#238 = ORIENTED_EDGE('',*,*,#239,.T.);
#239 = EDGE_CURVE('',#205,#240,#242,.T.);
#240 = VERTEX_POINT('',#241);
#241 = CARTESIAN_POINT('',(-0.545,0.4,0.45));
#242 = LINE('',#243,#244);
#243 = CARTESIAN_POINT('',(-0.8,0.4,0.45));
#244 = VECTOR('',#245,1.);
#245 = DIRECTION('',(1.,0.,0.));
#246 = ORIENTED_EDGE('',*,*,#247,.F.);
#247 = EDGE_CURVE('',#248,#240,#250,.T.);
#248 = VERTEX_POINT('',#249);
#249 = CARTESIAN_POINT('',(-0.5,0.4,0.405));
#250 = CIRCLE('',#251,4.5E-02);
#251 = AXIS2_PLACEMENT_3D('',#252,#253,#254);
#252 = CARTESIAN_POINT('',(-0.545,0.4,0.405));
#253 = DIRECTION('',(0.,-1.,0.));
#254 = DIRECTION('',(0.,0.,1.));
#255 = ORIENTED_EDGE('',*,*,#256,.F.);
#256 = EDGE_CURVE('',#257,#248,#259,.T.);
#257 = VERTEX_POINT('',#258);
#258 = CARTESIAN_POINT('',(-0.755,0.4,0.405));
#259 = LINE('',#260,#261);
#260 = CARTESIAN_POINT('',(-0.755,0.4,0.405));
#261 = VECTOR('',#262,1.);
#262 = DIRECTION('',(1.,0.,0.));
#263 = ORIENTED_EDGE('',*,*,#264,.F.);
#264 = EDGE_CURVE('',#265,#257,#267,.T.);
#265 = VERTEX_POINT('',#266);
#266 = CARTESIAN_POINT('',(-0.755,0.4,4.5E-02));
#267 = LINE('',#268,#269);
#268 = CARTESIAN_POINT('',(-0.755,0.4,4.5E-02));
#269 = VECTOR('',#270,1.);
#270 = DIRECTION('',(0.,0.,1.));
#271 = ORIENTED_EDGE('',*,*,#272,.T.);
#272 = EDGE_CURVE('',#265,#273,#275,.T.);
#273 = VERTEX_POINT('',#274);
#274 = CARTESIAN_POINT('',(-0.5,0.4,4.5E-02));
#275 = LINE('',#276,#277);
#276 = CARTESIAN_POINT('',(-0.755,0.4,4.5E-02));
#277 = VECTOR('',#278,1.);
#278 = DIRECTION('',(1.,0.,0.));
#279 = ORIENTED_EDGE('',*,*,#280,.T.);
#280 = EDGE_CURVE('',#273,#229,#281,.T.);
#281 = CIRCLE('',#282,4.5E-02);
#282 = AXIS2_PLACEMENT_3D('',#283,#284,#285);
#283 = CARTESIAN_POINT('',(-0.545,0.4,4.5E-02));
#284 = DIRECTION('',(0.,1.,0.));
#285 = DIRECTION('',(0.,-0.,1.));
#286 = PLANE('',#287);
#287 = AXIS2_PLACEMENT_3D('',#288,#289,#290);
#288 = CARTESIAN_POINT('',(-0.8,0.4,0.));
#289 = DIRECTION('',(0.,1.,0.));
#290 = DIRECTION('',(0.,-0.,1.));
#291 = ADVANCED_FACE('',(#292),#303,.F.);
#292 = FACE_BOUND('',#293,.F.);
#293 = EDGE_LOOP('',(#294,#295,#296,#297));
#294 = ORIENTED_EDGE('',*,*,#228,.F.);
#295 = ORIENTED_EDGE('',*,*,#188,.F.);
#296 = ORIENTED_EDGE('',*,*,#95,.T.);
#297 = ORIENTED_EDGE('',*,*,#298,.T.);
#298 = EDGE_CURVE('',#98,#229,#299,.T.);
#299 = LINE('',#300,#301);
#300 = CARTESIAN_POINT('',(-0.545,-0.4,-2.775557561563E-17));
#301 = VECTOR('',#302,1.);
#302 = DIRECTION('',(0.,1.,0.));
#303 = PLANE('',#304);
#304 = AXIS2_PLACEMENT_3D('',#305,#306,#307);
#305 = CARTESIAN_POINT('',(-0.8,-0.4,0.));
#306 = DIRECTION('',(0.,0.,1.));
#307 = DIRECTION('',(1.,0.,-0.));
#308 = ADVANCED_FACE('',(#309),#320,.T.);
#309 = FACE_BOUND('',#310,.T.);
#310 = EDGE_LOOP('',(#311,#312,#313,#314));
#311 = ORIENTED_EDGE('',*,*,#163,.T.);
#312 = ORIENTED_EDGE('',*,*,#298,.T.);
#313 = ORIENTED_EDGE('',*,*,#280,.F.);
#314 = ORIENTED_EDGE('',*,*,#315,.F.);
#315 = EDGE_CURVE('',#156,#273,#316,.T.);
#316 = LINE('',#317,#318);
#317 = CARTESIAN_POINT('',(-0.5,-0.4,4.5E-02));
#318 = VECTOR('',#319,1.);
#319 = DIRECTION('',(0.,1.,0.));
#320 = CYLINDRICAL_SURFACE('',#321,4.5E-02);
#321 = AXIS2_PLACEMENT_3D('',#322,#323,#324);
#322 = CARTESIAN_POINT('',(-0.545,-0.4,4.5E-02));
#323 = DIRECTION('',(0.,1.,0.));
#324 = DIRECTION('',(1.,0.,0.));
#325 = ADVANCED_FACE('',(#326),#369,.F.);
#326 = FACE_BOUND('',#327,.F.);
#327 = EDGE_LOOP('',(#328,#329,#330,#331,#339,#347,#355,#363));
#328 = ORIENTED_EDGE('',*,*,#155,.F.);
#329 = ORIENTED_EDGE('',*,*,#147,.T.);
#330 = ORIENTED_EDGE('',*,*,#139,.T.);
#331 = ORIENTED_EDGE('',*,*,#332,.T.);
#332 = EDGE_CURVE('',#131,#333,#335,.T.);
#333 = VERTEX_POINT('',#334);
#334 = CARTESIAN_POINT('',(0.5,-0.4,0.405));
#335 = LINE('',#336,#337);
#336 = CARTESIAN_POINT('',(-0.5,-0.4,0.405));
#337 = VECTOR('',#338,1.);
#338 = DIRECTION('',(1.,0.,0.));
#339 = ORIENTED_EDGE('',*,*,#340,.T.);
#340 = EDGE_CURVE('',#333,#341,#343,.T.);
#341 = VERTEX_POINT('',#342);
#342 = CARTESIAN_POINT('',(0.755,-0.4,0.405));
#343 = LINE('',#344,#345);
#344 = CARTESIAN_POINT('',(-0.755,-0.4,0.405));
#345 = VECTOR('',#346,1.);
#346 = DIRECTION('',(1.,0.,0.));
#347 = ORIENTED_EDGE('',*,*,#348,.F.);
#348 = EDGE_CURVE('',#349,#341,#351,.T.);
#349 = VERTEX_POINT('',#350);
#350 = CARTESIAN_POINT('',(0.755,-0.4,4.5E-02));
#351 = LINE('',#352,#353);
#352 = CARTESIAN_POINT('',(0.755,-0.4,4.5E-02));
#353 = VECTOR('',#354,1.);
#354 = DIRECTION('',(0.,0.,1.));
#355 = ORIENTED_EDGE('',*,*,#356,.F.);
#356 = EDGE_CURVE('',#357,#349,#359,.T.);
#357 = VERTEX_POINT('',#358);
#358 = CARTESIAN_POINT('',(0.5,-0.4,4.5E-02));
#359 = LINE('',#360,#361);
#360 = CARTESIAN_POINT('',(-0.755,-0.4,4.5E-02));
#361 = VECTOR('',#362,1.);
#362 = DIRECTION('',(1.,0.,0.));
#363 = ORIENTED_EDGE('',*,*,#364,.F.);
#364 = EDGE_CURVE('',#156,#357,#365,.T.);
#365 = LINE('',#366,#367);
#366 = CARTESIAN_POINT('',(-0.755,-0.4,4.5E-02));
#367 = VECTOR('',#368,1.);
#368 = DIRECTION('',(1.,0.,0.));
#369 = PLANE('',#370);
#370 = AXIS2_PLACEMENT_3D('',#371,#372,#373);
#371 = CARTESIAN_POINT('',(-0.755,-0.4,4.5E-02));
#372 = DIRECTION('',(0.,1.,0.));
#373 = DIRECTION('',(0.,-0.,1.));
#374 = ADVANCED_FACE('',(#375),#386,.T.);
#375 = FACE_BOUND('',#376,.T.);
#376 = EDGE_LOOP('',(#377,#378,#379,#380));
#377 = ORIENTED_EDGE('',*,*,#239,.F.);
#378 = ORIENTED_EDGE('',*,*,#204,.F.);
#379 = ORIENTED_EDGE('',*,*,#122,.T.);
#380 = ORIENTED_EDGE('',*,*,#381,.T.);
#381 = EDGE_CURVE('',#123,#240,#382,.T.);
#382 = LINE('',#383,#384);
#383 = CARTESIAN_POINT('',(-0.545,-0.4,0.45));
#384 = VECTOR('',#385,1.);
#385 = DIRECTION('',(0.,1.,0.));
#386 = PLANE('',#387);
#387 = AXIS2_PLACEMENT_3D('',#388,#389,#390);
#388 = CARTESIAN_POINT('',(-0.8,-0.4,0.45));
#389 = DIRECTION('',(0.,0.,1.));
#390 = DIRECTION('',(1.,0.,-0.));
#391 = ADVANCED_FACE('',(#392),#403,.T.);
#392 = FACE_BOUND('',#393,.T.);
#393 = EDGE_LOOP('',(#394,#400,#401,#402));
#394 = ORIENTED_EDGE('',*,*,#395,.T.);
#395 = EDGE_CURVE('',#131,#248,#396,.T.);
#396 = LINE('',#397,#398);
#397 = CARTESIAN_POINT('',(-0.5,-0.4,0.405));
#398 = VECTOR('',#399,1.);
#399 = DIRECTION('',(0.,1.,0.));
#400 = ORIENTED_EDGE('',*,*,#247,.T.);
#401 = ORIENTED_EDGE('',*,*,#381,.F.);
#402 = ORIENTED_EDGE('',*,*,#130,.F.);
#403 = CYLINDRICAL_SURFACE('',#404,4.5E-02);
#404 = AXIS2_PLACEMENT_3D('',#405,#406,#407);
#405 = CARTESIAN_POINT('',(-0.545,-0.4,0.405));
#406 = DIRECTION('',(0.,1.,0.));
#407 = DIRECTION('',(1.,0.,0.));
#408 = ADVANCED_FACE('',(#409),#452,.T.);
#409 = FACE_BOUND('',#410,.T.);
#410 = EDGE_LOOP('',(#411,#412,#413,#414,#422,#430,#438,#446));
#411 = ORIENTED_EDGE('',*,*,#272,.F.);
#412 = ORIENTED_EDGE('',*,*,#264,.T.);
#413 = ORIENTED_EDGE('',*,*,#256,.T.);
#414 = ORIENTED_EDGE('',*,*,#415,.T.);
#415 = EDGE_CURVE('',#248,#416,#418,.T.);
#416 = VERTEX_POINT('',#417);
#417 = CARTESIAN_POINT('',(0.5,0.4,0.405));
#418 = LINE('',#419,#420);
#419 = CARTESIAN_POINT('',(-0.5,0.4,0.405));
#420 = VECTOR('',#421,1.);
#421 = DIRECTION('',(1.,0.,0.));
#422 = ORIENTED_EDGE('',*,*,#423,.T.);
#423 = EDGE_CURVE('',#416,#424,#426,.T.);
#424 = VERTEX_POINT('',#425);
#425 = CARTESIAN_POINT('',(0.755,0.4,0.405));
#426 = LINE('',#427,#428);
#427 = CARTESIAN_POINT('',(-0.755,0.4,0.405));
#428 = VECTOR('',#429,1.);
#429 = DIRECTION('',(1.,0.,0.));
#430 = ORIENTED_EDGE('',*,*,#431,.F.);
#431 = EDGE_CURVE('',#432,#424,#434,.T.);
#432 = VERTEX_POINT('',#433);
#433 = CARTESIAN_POINT('',(0.755,0.4,4.5E-02));
#434 = LINE('',#435,#436);
#435 = CARTESIAN_POINT('',(0.755,0.4,4.5E-02));
#436 = VECTOR('',#437,1.);
#437 = DIRECTION('',(0.,0.,1.));
#438 = ORIENTED_EDGE('',*,*,#439,.F.);
#439 = EDGE_CURVE('',#440,#432,#442,.T.);
#440 = VERTEX_POINT('',#441);
#441 = CARTESIAN_POINT('',(0.5,0.4,4.5E-02));
#442 = LINE('',#443,#444);
#443 = CARTESIAN_POINT('',(-0.755,0.4,4.5E-02));
#444 = VECTOR('',#445,1.);
#445 = DIRECTION('',(1.,0.,0.));
#446 = ORIENTED_EDGE('',*,*,#447,.F.);
#447 = EDGE_CURVE('',#273,#440,#448,.T.);
#448 = LINE('',#449,#450);
#449 = CARTESIAN_POINT('',(-0.755,0.4,4.5E-02));
#450 = VECTOR('',#451,1.);
#451 = DIRECTION('',(1.,0.,0.));
#452 = PLANE('',#453);
#453 = AXIS2_PLACEMENT_3D('',#454,#455,#456);
#454 = CARTESIAN_POINT('',(-0.755,0.4,4.5E-02));
#455 = DIRECTION('',(0.,1.,0.));
#456 = DIRECTION('',(0.,-0.,1.));
#457 = ADVANCED_FACE('',(#458),#469,.F.);
#458 = FACE_BOUND('',#459,.F.);
#459 = EDGE_LOOP('',(#460,#461,#462,#468));
#460 = ORIENTED_EDGE('',*,*,#315,.F.);
#461 = ORIENTED_EDGE('',*,*,#364,.T.);
#462 = ORIENTED_EDGE('',*,*,#463,.T.);
#463 = EDGE_CURVE('',#357,#440,#464,.T.);
#464 = LINE('',#465,#466);
#465 = CARTESIAN_POINT('',(0.5,-0.4,4.5E-02));
#466 = VECTOR('',#467,1.);
#467 = DIRECTION('',(0.,1.,0.));
#468 = ORIENTED_EDGE('',*,*,#447,.F.);
#469 = PLANE('',#470);
#470 = AXIS2_PLACEMENT_3D('',#471,#472,#473);
#471 = CARTESIAN_POINT('',(-0.755,-0.4,4.5E-02));
#472 = DIRECTION('',(0.,0.,1.));
#473 = DIRECTION('',(1.,0.,-0.));
#474 = ADVANCED_FACE('',(#475),#538,.F.);
#475 = FACE_BOUND('',#476,.F.);
#476 = EDGE_LOOP('',(#477,#487,#494,#495,#496,#497,#506,#514,#523,#531)
  );
#477 = ORIENTED_EDGE('',*,*,#478,.F.);
#478 = EDGE_CURVE('',#479,#481,#483,.T.);
#479 = VERTEX_POINT('',#480);
#480 = CARTESIAN_POINT('',(0.545,-0.4,-2.775557561563E-17));
#481 = VERTEX_POINT('',#482);
#482 = CARTESIAN_POINT('',(0.755,-0.4,-2.775557561563E-17));
#483 = LINE('',#484,#485);
#484 = CARTESIAN_POINT('',(0.5,-0.4,0.));
#485 = VECTOR('',#486,1.);
#486 = DIRECTION('',(1.,0.,0.));
#487 = ORIENTED_EDGE('',*,*,#488,.F.);
#488 = EDGE_CURVE('',#357,#479,#489,.T.);
#489 = CIRCLE('',#490,4.5E-02);
#490 = AXIS2_PLACEMENT_3D('',#491,#492,#493);
#491 = CARTESIAN_POINT('',(0.545,-0.4,4.5E-02));
#492 = DIRECTION('',(0.,-1.,0.));
#493 = DIRECTION('',(0.,0.,1.));
#494 = ORIENTED_EDGE('',*,*,#356,.T.);
#495 = ORIENTED_EDGE('',*,*,#348,.T.);
#496 = ORIENTED_EDGE('',*,*,#340,.F.);
#497 = ORIENTED_EDGE('',*,*,#498,.T.);
#498 = EDGE_CURVE('',#333,#499,#501,.T.);
#499 = VERTEX_POINT('',#500);
#500 = CARTESIAN_POINT('',(0.545,-0.4,0.45));
#501 = CIRCLE('',#502,4.5E-02);
#502 = AXIS2_PLACEMENT_3D('',#503,#504,#505);
#503 = CARTESIAN_POINT('',(0.545,-0.4,0.405));
#504 = DIRECTION('',(0.,1.,0.));
#505 = DIRECTION('',(0.,-0.,1.));
#506 = ORIENTED_EDGE('',*,*,#507,.T.);
#507 = EDGE_CURVE('',#499,#508,#510,.T.);
#508 = VERTEX_POINT('',#509);
#509 = CARTESIAN_POINT('',(0.755,-0.4,0.45));
#510 = LINE('',#511,#512);
#511 = CARTESIAN_POINT('',(0.5,-0.4,0.45));
#512 = VECTOR('',#513,1.);
#513 = DIRECTION('',(1.,0.,0.));
#514 = ORIENTED_EDGE('',*,*,#515,.F.);
#515 = EDGE_CURVE('',#516,#508,#518,.T.);
#516 = VERTEX_POINT('',#517);
#517 = CARTESIAN_POINT('',(0.8,-0.4,0.405));
#518 = CIRCLE('',#519,4.5E-02);
#519 = AXIS2_PLACEMENT_3D('',#520,#521,#522);
#520 = CARTESIAN_POINT('',(0.755,-0.4,0.405));
#521 = DIRECTION('',(0.,-1.,0.));
#522 = DIRECTION('',(0.,0.,1.));
#523 = ORIENTED_EDGE('',*,*,#524,.F.);
#524 = EDGE_CURVE('',#525,#516,#527,.T.);
#525 = VERTEX_POINT('',#526);
#526 = CARTESIAN_POINT('',(0.8,-0.4,4.5E-02));
#527 = LINE('',#528,#529);
#528 = CARTESIAN_POINT('',(0.8,-0.4,0.));
#529 = VECTOR('',#530,1.);
#530 = DIRECTION('',(0.,0.,1.));
#531 = ORIENTED_EDGE('',*,*,#532,.T.);
#532 = EDGE_CURVE('',#525,#481,#533,.T.);
#533 = CIRCLE('',#534,4.5E-02);
#534 = AXIS2_PLACEMENT_3D('',#535,#536,#537);
#535 = CARTESIAN_POINT('',(0.755,-0.4,4.5E-02));
#536 = DIRECTION('',(0.,1.,0.));
#537 = DIRECTION('',(0.,-0.,1.));
#538 = PLANE('',#539);
#539 = AXIS2_PLACEMENT_3D('',#540,#541,#542);
#540 = CARTESIAN_POINT('',(0.5,-0.4,0.));
#541 = DIRECTION('',(0.,1.,0.));
#542 = DIRECTION('',(0.,-0.,1.));
#543 = ADVANCED_FACE('',(#544),#569,.F.);
#544 = FACE_BOUND('',#545,.F.);
#545 = EDGE_LOOP('',(#546,#547,#555,#563));
#546 = ORIENTED_EDGE('',*,*,#332,.F.);
#547 = ORIENTED_EDGE('',*,*,#548,.T.);
#548 = EDGE_CURVE('',#131,#549,#551,.T.);
#549 = VERTEX_POINT('',#550);
#550 = CARTESIAN_POINT('',(-0.5,-0.4,0.45));
#551 = LINE('',#552,#553);
#552 = CARTESIAN_POINT('',(-0.5,-0.4,0.405));
#553 = VECTOR('',#554,1.);
#554 = DIRECTION('',(0.,0.,1.));
#555 = ORIENTED_EDGE('',*,*,#556,.T.);
#556 = EDGE_CURVE('',#549,#557,#559,.T.);
#557 = VERTEX_POINT('',#558);
#558 = CARTESIAN_POINT('',(0.5,-0.4,0.45));
#559 = LINE('',#560,#561);
#560 = CARTESIAN_POINT('',(-0.5,-0.4,0.45));
#561 = VECTOR('',#562,1.);
#562 = DIRECTION('',(1.,0.,0.));
#563 = ORIENTED_EDGE('',*,*,#564,.F.);
#564 = EDGE_CURVE('',#333,#557,#565,.T.);
#565 = LINE('',#566,#567);
#566 = CARTESIAN_POINT('',(0.5,-0.4,0.405));
#567 = VECTOR('',#568,1.);
#568 = DIRECTION('',(0.,0.,1.));
#569 = PLANE('',#570);
#570 = AXIS2_PLACEMENT_3D('',#571,#572,#573);
#571 = CARTESIAN_POINT('',(-0.5,-0.4,0.405));
#572 = DIRECTION('',(0.,1.,0.));
#573 = DIRECTION('',(0.,-0.,1.));
#574 = ADVANCED_FACE('',(#575),#593,.F.);
#575 = FACE_BOUND('',#576,.F.);
#576 = EDGE_LOOP('',(#577,#578,#579,#587));
#577 = ORIENTED_EDGE('',*,*,#548,.F.);
#578 = ORIENTED_EDGE('',*,*,#395,.T.);
#579 = ORIENTED_EDGE('',*,*,#580,.T.);
#580 = EDGE_CURVE('',#248,#581,#583,.T.);
#581 = VERTEX_POINT('',#582);
#582 = CARTESIAN_POINT('',(-0.5,0.4,0.45));
#583 = LINE('',#584,#585);
#584 = CARTESIAN_POINT('',(-0.5,0.4,0.405));
#585 = VECTOR('',#586,1.);
#586 = DIRECTION('',(0.,0.,1.));
#587 = ORIENTED_EDGE('',*,*,#588,.F.);
#588 = EDGE_CURVE('',#549,#581,#589,.T.);
#589 = LINE('',#590,#591);
#590 = CARTESIAN_POINT('',(-0.5,-0.4,0.45));
#591 = VECTOR('',#592,1.);
#592 = DIRECTION('',(0.,1.,0.));
#593 = PLANE('',#594);
#594 = AXIS2_PLACEMENT_3D('',#595,#596,#597);
#595 = CARTESIAN_POINT('',(-0.5,-0.4,0.405));
#596 = DIRECTION('',(1.,0.,0.));
#597 = DIRECTION('',(0.,0.,1.));
#598 = ADVANCED_FACE('',(#599),#662,.T.);
#599 = FACE_BOUND('',#600,.T.);
#600 = EDGE_LOOP('',(#601,#611,#618,#619,#620,#621,#630,#638,#647,#655)
  );
#601 = ORIENTED_EDGE('',*,*,#602,.F.);
#602 = EDGE_CURVE('',#603,#605,#607,.T.);
#603 = VERTEX_POINT('',#604);
#604 = CARTESIAN_POINT('',(0.545,0.4,-2.775557561563E-17));
#605 = VERTEX_POINT('',#606);
#606 = CARTESIAN_POINT('',(0.755,0.4,-2.775557561563E-17));
#607 = LINE('',#608,#609);
#608 = CARTESIAN_POINT('',(0.5,0.4,0.));
#609 = VECTOR('',#610,1.);
#610 = DIRECTION('',(1.,0.,0.));
#611 = ORIENTED_EDGE('',*,*,#612,.F.);
#612 = EDGE_CURVE('',#440,#603,#613,.T.);
#613 = CIRCLE('',#614,4.5E-02);
#614 = AXIS2_PLACEMENT_3D('',#615,#616,#617);
#615 = CARTESIAN_POINT('',(0.545,0.4,4.5E-02));
#616 = DIRECTION('',(0.,-1.,0.));
#617 = DIRECTION('',(0.,0.,1.));
#618 = ORIENTED_EDGE('',*,*,#439,.T.);
#619 = ORIENTED_EDGE('',*,*,#431,.T.);
#620 = ORIENTED_EDGE('',*,*,#423,.F.);
#621 = ORIENTED_EDGE('',*,*,#622,.T.);
#622 = EDGE_CURVE('',#416,#623,#625,.T.);
#623 = VERTEX_POINT('',#624);
#624 = CARTESIAN_POINT('',(0.545,0.4,0.45));
#625 = CIRCLE('',#626,4.5E-02);
#626 = AXIS2_PLACEMENT_3D('',#627,#628,#629);
#627 = CARTESIAN_POINT('',(0.545,0.4,0.405));
#628 = DIRECTION('',(0.,1.,0.));
#629 = DIRECTION('',(0.,-0.,1.));
#630 = ORIENTED_EDGE('',*,*,#631,.T.);
#631 = EDGE_CURVE('',#623,#632,#634,.T.);
#632 = VERTEX_POINT('',#633);
#633 = CARTESIAN_POINT('',(0.755,0.4,0.45));
#634 = LINE('',#635,#636);
#635 = CARTESIAN_POINT('',(0.5,0.4,0.45));
#636 = VECTOR('',#637,1.);
#637 = DIRECTION('',(1.,0.,0.));
#638 = ORIENTED_EDGE('',*,*,#639,.F.);
#639 = EDGE_CURVE('',#640,#632,#642,.T.);
#640 = VERTEX_POINT('',#641);
#641 = CARTESIAN_POINT('',(0.8,0.4,0.405));
#642 = CIRCLE('',#643,4.5E-02);
#643 = AXIS2_PLACEMENT_3D('',#644,#645,#646);
#644 = CARTESIAN_POINT('',(0.755,0.4,0.405));
#645 = DIRECTION('',(0.,-1.,0.));
#646 = DIRECTION('',(0.,0.,1.));
#647 = ORIENTED_EDGE('',*,*,#648,.F.);
#648 = EDGE_CURVE('',#649,#640,#651,.T.);
#649 = VERTEX_POINT('',#650);
#650 = CARTESIAN_POINT('',(0.8,0.4,4.5E-02));
#651 = LINE('',#652,#653);
#652 = CARTESIAN_POINT('',(0.8,0.4,0.));
#653 = VECTOR('',#654,1.);
#654 = DIRECTION('',(0.,0.,1.));
#655 = ORIENTED_EDGE('',*,*,#656,.T.);
#656 = EDGE_CURVE('',#649,#605,#657,.T.);
#657 = CIRCLE('',#658,4.5E-02);
#658 = AXIS2_PLACEMENT_3D('',#659,#660,#661);
#659 = CARTESIAN_POINT('',(0.755,0.4,4.5E-02));
#660 = DIRECTION('',(0.,1.,0.));
#661 = DIRECTION('',(0.,-0.,1.));
#662 = PLANE('',#663);
#663 = AXIS2_PLACEMENT_3D('',#664,#665,#666);
#664 = CARTESIAN_POINT('',(0.5,0.4,0.));
#665 = DIRECTION('',(0.,1.,0.));
#666 = DIRECTION('',(0.,-0.,1.));
#667 = ADVANCED_FACE('',(#668),#686,.T.);
#668 = FACE_BOUND('',#669,.T.);
#669 = EDGE_LOOP('',(#670,#671,#672,#680));
#670 = ORIENTED_EDGE('',*,*,#415,.F.);
#671 = ORIENTED_EDGE('',*,*,#580,.T.);
#672 = ORIENTED_EDGE('',*,*,#673,.T.);
#673 = EDGE_CURVE('',#581,#674,#676,.T.);
#674 = VERTEX_POINT('',#675);
#675 = CARTESIAN_POINT('',(0.5,0.4,0.45));
#676 = LINE('',#677,#678);
#677 = CARTESIAN_POINT('',(-0.5,0.4,0.45));
#678 = VECTOR('',#679,1.);
#679 = DIRECTION('',(1.,0.,0.));
#680 = ORIENTED_EDGE('',*,*,#681,.F.);
#681 = EDGE_CURVE('',#416,#674,#682,.T.);
#682 = LINE('',#683,#684);
#683 = CARTESIAN_POINT('',(0.5,0.4,0.405));
#684 = VECTOR('',#685,1.);
#685 = DIRECTION('',(0.,0.,1.));
#686 = PLANE('',#687);
#687 = AXIS2_PLACEMENT_3D('',#688,#689,#690);
#688 = CARTESIAN_POINT('',(-0.5,0.4,0.405));
#689 = DIRECTION('',(0.,1.,0.));
#690 = DIRECTION('',(0.,-0.,1.));
#691 = ADVANCED_FACE('',(#692),#703,.T.);
#692 = FACE_BOUND('',#693,.T.);
#693 = EDGE_LOOP('',(#694,#695,#696,#702));
#694 = ORIENTED_EDGE('',*,*,#463,.T.);
#695 = ORIENTED_EDGE('',*,*,#612,.T.);
#696 = ORIENTED_EDGE('',*,*,#697,.F.);
#697 = EDGE_CURVE('',#479,#603,#698,.T.);
#698 = LINE('',#699,#700);
#699 = CARTESIAN_POINT('',(0.545,-0.4,-2.775557561563E-17));
#700 = VECTOR('',#701,1.);
#701 = DIRECTION('',(0.,1.,0.));
#702 = ORIENTED_EDGE('',*,*,#488,.F.);
#703 = CYLINDRICAL_SURFACE('',#704,4.5E-02);
#704 = AXIS2_PLACEMENT_3D('',#705,#706,#707);
#705 = CARTESIAN_POINT('',(0.545,-0.4,4.5E-02));
#706 = DIRECTION('',(0.,1.,0.));
#707 = DIRECTION('',(-1.,0.,0.));
#708 = ADVANCED_FACE('',(#709),#720,.F.);
#709 = FACE_BOUND('',#710,.F.);
#710 = EDGE_LOOP('',(#711,#712,#713,#714));
#711 = ORIENTED_EDGE('',*,*,#602,.F.);
#712 = ORIENTED_EDGE('',*,*,#697,.F.);
#713 = ORIENTED_EDGE('',*,*,#478,.T.);
#714 = ORIENTED_EDGE('',*,*,#715,.T.);
#715 = EDGE_CURVE('',#481,#605,#716,.T.);
#716 = LINE('',#717,#718);
#717 = CARTESIAN_POINT('',(0.755,-0.4,-2.775557561563E-17));
#718 = VECTOR('',#719,1.);
#719 = DIRECTION('',(0.,1.,0.));
#720 = PLANE('',#721);
#721 = AXIS2_PLACEMENT_3D('',#722,#723,#724);
#722 = CARTESIAN_POINT('',(0.5,-0.4,0.));
#723 = DIRECTION('',(0.,0.,1.));
#724 = DIRECTION('',(1.,0.,-0.));
#725 = ADVANCED_FACE('',(#726),#737,.T.);
#726 = FACE_BOUND('',#727,.T.);
#727 = EDGE_LOOP('',(#728,#729,#730,#731));
#728 = ORIENTED_EDGE('',*,*,#532,.T.);
#729 = ORIENTED_EDGE('',*,*,#715,.T.);
#730 = ORIENTED_EDGE('',*,*,#656,.F.);
#731 = ORIENTED_EDGE('',*,*,#732,.F.);
#732 = EDGE_CURVE('',#525,#649,#733,.T.);
#733 = LINE('',#734,#735);
#734 = CARTESIAN_POINT('',(0.8,-0.4,4.5E-02));
#735 = VECTOR('',#736,1.);
#736 = DIRECTION('',(0.,1.,0.));
#737 = CYLINDRICAL_SURFACE('',#738,4.5E-02);
#738 = AXIS2_PLACEMENT_3D('',#739,#740,#741);
#739 = CARTESIAN_POINT('',(0.755,-0.4,4.5E-02));
#740 = DIRECTION('',(0.,1.,0.));
#741 = DIRECTION('',(1.,0.,0.));
#742 = ADVANCED_FACE('',(#743),#754,.T.);
#743 = FACE_BOUND('',#744,.T.);
#744 = EDGE_LOOP('',(#745,#746,#747,#748));
#745 = ORIENTED_EDGE('',*,*,#524,.F.);
#746 = ORIENTED_EDGE('',*,*,#732,.T.);
#747 = ORIENTED_EDGE('',*,*,#648,.T.);
#748 = ORIENTED_EDGE('',*,*,#749,.F.);
#749 = EDGE_CURVE('',#516,#640,#750,.T.);
#750 = LINE('',#751,#752);
#751 = CARTESIAN_POINT('',(0.8,-0.4,0.405));
#752 = VECTOR('',#753,1.);
#753 = DIRECTION('',(0.,1.,0.));
#754 = PLANE('',#755);
#755 = AXIS2_PLACEMENT_3D('',#756,#757,#758);
#756 = CARTESIAN_POINT('',(0.8,-0.4,0.));
#757 = DIRECTION('',(1.,0.,0.));
#758 = DIRECTION('',(0.,0.,1.));
#759 = ADVANCED_FACE('',(#760),#771,.T.);
#760 = FACE_BOUND('',#761,.T.);
#761 = EDGE_LOOP('',(#762,#763,#764,#770));
#762 = ORIENTED_EDGE('',*,*,#749,.T.);
#763 = ORIENTED_EDGE('',*,*,#639,.T.);
#764 = ORIENTED_EDGE('',*,*,#765,.F.);
#765 = EDGE_CURVE('',#508,#632,#766,.T.);
#766 = LINE('',#767,#768);
#767 = CARTESIAN_POINT('',(0.755,-0.4,0.45));
#768 = VECTOR('',#769,1.);
#769 = DIRECTION('',(0.,1.,0.));
#770 = ORIENTED_EDGE('',*,*,#515,.F.);
#771 = CYLINDRICAL_SURFACE('',#772,4.5E-02);
#772 = AXIS2_PLACEMENT_3D('',#773,#774,#775);
#773 = CARTESIAN_POINT('',(0.755,-0.4,0.405));
#774 = DIRECTION('',(0.,1.,0.));
#775 = DIRECTION('',(1.,0.,0.));
#776 = ADVANCED_FACE('',(#777),#788,.T.);
#777 = FACE_BOUND('',#778,.T.);
#778 = EDGE_LOOP('',(#779,#780,#786,#787));
#779 = ORIENTED_EDGE('',*,*,#631,.F.);
#780 = ORIENTED_EDGE('',*,*,#781,.F.);
#781 = EDGE_CURVE('',#499,#623,#782,.T.);
#782 = LINE('',#783,#784);
#783 = CARTESIAN_POINT('',(0.545,-0.4,0.45));
#784 = VECTOR('',#785,1.);
#785 = DIRECTION('',(0.,1.,0.));
#786 = ORIENTED_EDGE('',*,*,#507,.T.);
#787 = ORIENTED_EDGE('',*,*,#765,.T.);
#788 = PLANE('',#789);
#789 = AXIS2_PLACEMENT_3D('',#790,#791,#792);
#790 = CARTESIAN_POINT('',(0.5,-0.4,0.45));
#791 = DIRECTION('',(0.,0.,1.));
#792 = DIRECTION('',(1.,0.,-0.));
#793 = ADVANCED_FACE('',(#794),#805,.T.);
#794 = FACE_BOUND('',#795,.T.);
#795 = EDGE_LOOP('',(#796,#797,#798,#799));
#796 = ORIENTED_EDGE('',*,*,#498,.T.);
#797 = ORIENTED_EDGE('',*,*,#781,.T.);
#798 = ORIENTED_EDGE('',*,*,#622,.F.);
#799 = ORIENTED_EDGE('',*,*,#800,.F.);
#800 = EDGE_CURVE('',#333,#416,#801,.T.);
#801 = LINE('',#802,#803);
#802 = CARTESIAN_POINT('',(0.5,-0.4,0.405));
#803 = VECTOR('',#804,1.);
#804 = DIRECTION('',(0.,1.,0.));
#805 = CYLINDRICAL_SURFACE('',#806,4.5E-02);
#806 = AXIS2_PLACEMENT_3D('',#807,#808,#809);
#807 = CARTESIAN_POINT('',(0.545,-0.4,0.405));
#808 = DIRECTION('',(0.,1.,0.));
#809 = DIRECTION('',(-1.,0.,0.));
#810 = ADVANCED_FACE('',(#811),#822,.T.);
#811 = FACE_BOUND('',#812,.T.);
#812 = EDGE_LOOP('',(#813,#814,#815,#816));
#813 = ORIENTED_EDGE('',*,*,#564,.F.);
#814 = ORIENTED_EDGE('',*,*,#800,.T.);
#815 = ORIENTED_EDGE('',*,*,#681,.T.);
#816 = ORIENTED_EDGE('',*,*,#817,.F.);
#817 = EDGE_CURVE('',#557,#674,#818,.T.);
#818 = LINE('',#819,#820);
#819 = CARTESIAN_POINT('',(0.5,-0.4,0.45));
#820 = VECTOR('',#821,1.);
#821 = DIRECTION('',(0.,1.,0.));
#822 = PLANE('',#823);
#823 = AXIS2_PLACEMENT_3D('',#824,#825,#826);
#824 = CARTESIAN_POINT('',(0.5,-0.4,0.405));
#825 = DIRECTION('',(1.,0.,0.));
#826 = DIRECTION('',(0.,0.,1.));
#827 = ADVANCED_FACE('',(#828),#834,.T.);
#828 = FACE_BOUND('',#829,.T.);
#829 = EDGE_LOOP('',(#830,#831,#832,#833));
#830 = ORIENTED_EDGE('',*,*,#588,.F.);
#831 = ORIENTED_EDGE('',*,*,#556,.T.);
#832 = ORIENTED_EDGE('',*,*,#817,.T.);
#833 = ORIENTED_EDGE('',*,*,#673,.F.);
#834 = PLANE('',#835);
#835 = AXIS2_PLACEMENT_3D('',#836,#837,#838);
#836 = CARTESIAN_POINT('',(-0.5,-0.4,0.45));
#837 = DIRECTION('',(0.,0.,1.));
#838 = DIRECTION('',(1.,0.,-0.));
#839 = ( GEOMETRIC_REPRESENTATION_CONTEXT(3) 
GLOBAL_UNCERTAINTY_ASSIGNED_CONTEXT((#843)) GLOBAL_UNIT_ASSIGNED_CONTEXT
((#840,#841,#842)) REPRESENTATION_CONTEXT('Context #1',
  '3D Context with UNIT and UNCERTAINTY') );
#840 = ( LENGTH_UNIT() NAMED_UNIT(*) SI_UNIT(.MILLI.,.METRE.) );
#841 = ( NAMED_UNIT(*) PLANE_ANGLE_UNIT() SI_UNIT($,.RADIAN.) );
#842 = ( NAMED_UNIT(*) SI_UNIT($,.STERADIAN.) SOLID_ANGLE_UNIT() );
#843 = UNCERTAINTY_MEASURE_WITH_UNIT(LENGTH_MEASURE(1.E-07),#840,
  'distance_accuracy_value','confusion accuracy');
#844 = CONTEXT_DEPENDENT_SHAPE_REPRESENTATION(#845,#847);
#845 = ( REPRESENTATION_RELATIONSHIP('','',#48,#10) 
REPRESENTATION_RELATIONSHIP_WITH_TRANSFORMATION(#846) 
SHAPE_REPRESENTATION_RELATIONSHIP() );
#846 = ITEM_DEFINED_TRANSFORMATION('','',#11,#15);
#847 = PRODUCT_DEFINITION_SHAPE('Placement','Placement of an item',#848
  );
#848 = NEXT_ASSEMBLY_USAGE_OCCURRENCE('1','TH1','',#5,#43,$);
#849 = PRODUCT_RELATED_PRODUCT_CATEGORY('part',$,(#45));
#850 = SHAPE_DEFINITION_REPRESENTATION(#851,#857);
#851 = PRODUCT_DEFINITION_SHAPE('','',#852);
#852 = PRODUCT_DEFINITION('design','',#853,#856);
#853 = PRODUCT_DEFINITION_FORMATION('','',#854);
#854 = PRODUCT('Flexible Heater_pad','Flexible Heater_pad','',(#855));
#855 = PRODUCT_CONTEXT('',#2,'mechanical');
#856 = PRODUCT_DEFINITION_CONTEXT('part definition',#2,'design');
#857 = SHAPE_REPRESENTATION('',(#11,#858,#1148,#1438,#1728,#2018,#2308),
  #2598);
#858 = MANIFOLD_SOLID_BREP('',#859);
#859 = CLOSED_SHELL('',(#860,#902,#933,#966,#997,#1030,#1061,#1094,#1116
    ,#1132));
#860 = ADVANCED_FACE('',(#861),#897,.T.);
#861 = FACE_BOUND('',#862,.T.);
#862 = EDGE_LOOP('',(#863,#873,#882,#890));
#863 = ORIENTED_EDGE('',*,*,#864,.T.);
#864 = EDGE_CURVE('',#865,#867,#869,.T.);
#865 = VERTEX_POINT('',#866);
#866 = CARTESIAN_POINT('',(124.57,-67.865,1.51));
#867 = VERTEX_POINT('',#868);
#868 = CARTESIAN_POINT('',(124.57,-67.865,1.55));
#869 = LINE('',#870,#871);
#870 = CARTESIAN_POINT('',(124.57,-67.865,1.51));
#871 = VECTOR('',#872,1.);
#872 = DIRECTION('',(0.,0.,1.));
#873 = ORIENTED_EDGE('',*,*,#874,.T.);
#874 = EDGE_CURVE('',#867,#875,#877,.T.);
#875 = VERTEX_POINT('',#876);
#876 = CARTESIAN_POINT('',(124.77,-67.665,1.55));
#877 = CIRCLE('',#878,0.200001216283);
#878 = AXIS2_PLACEMENT_3D('',#879,#880,#881);
#879 = CARTESIAN_POINT('',(124.77000121627,-67.86500121627,1.55));
#880 = DIRECTION('',(0.,0.,-1.));
#881 = DIRECTION('',(-0.999999999982,6.081358954676E-06,0.));
#882 = ORIENTED_EDGE('',*,*,#883,.F.);
#883 = EDGE_CURVE('',#884,#875,#886,.T.);
#884 = VERTEX_POINT('',#885);
#885 = CARTESIAN_POINT('',(124.77,-67.665,1.51));
#886 = LINE('',#887,#888);
#887 = CARTESIAN_POINT('',(124.77,-67.665,1.51));
#888 = VECTOR('',#889,1.);
#889 = DIRECTION('',(0.,0.,1.));
#890 = ORIENTED_EDGE('',*,*,#891,.F.);
#891 = EDGE_CURVE('',#865,#884,#892,.T.);
#892 = CIRCLE('',#893,0.200001216283);
#893 = AXIS2_PLACEMENT_3D('',#894,#895,#896);
#894 = CARTESIAN_POINT('',(124.77000121627,-67.86500121627,1.51));
#895 = DIRECTION('',(0.,0.,-1.));
#896 = DIRECTION('',(-0.999999999982,6.081358954676E-06,0.));
#897 = CYLINDRICAL_SURFACE('',#898,0.200001216283);
#898 = AXIS2_PLACEMENT_3D('',#899,#900,#901);
#899 = CARTESIAN_POINT('',(124.77000121627,-67.86500121627,1.51));
#900 = DIRECTION('',(0.,0.,-1.));
#901 = DIRECTION('',(-0.999999999982,6.081358954676E-06,0.));
#902 = ADVANCED_FACE('',(#903),#928,.T.);
#903 = FACE_BOUND('',#904,.T.);
#904 = EDGE_LOOP('',(#905,#906,#914,#922));
#905 = ORIENTED_EDGE('',*,*,#883,.T.);
#906 = ORIENTED_EDGE('',*,*,#907,.T.);
#907 = EDGE_CURVE('',#875,#908,#910,.T.);
#908 = VERTEX_POINT('',#909);
#909 = CARTESIAN_POINT('',(125.17,-67.665,1.55));
#910 = LINE('',#911,#912);
#911 = CARTESIAN_POINT('',(124.77,-67.665,1.55));
#912 = VECTOR('',#913,1.);
#913 = DIRECTION('',(1.,0.,0.));
#914 = ORIENTED_EDGE('',*,*,#915,.F.);
#915 = EDGE_CURVE('',#916,#908,#918,.T.);
#916 = VERTEX_POINT('',#917);
#917 = CARTESIAN_POINT('',(125.17,-67.665,1.51));
#918 = LINE('',#919,#920);
#919 = CARTESIAN_POINT('',(125.17,-67.665,1.51));
#920 = VECTOR('',#921,1.);
#921 = DIRECTION('',(0.,0.,1.));
#922 = ORIENTED_EDGE('',*,*,#923,.F.);
#923 = EDGE_CURVE('',#884,#916,#924,.T.);
#924 = LINE('',#925,#926);
#925 = CARTESIAN_POINT('',(124.77,-67.665,1.51));
#926 = VECTOR('',#927,1.);
#927 = DIRECTION('',(1.,0.,0.));
#928 = PLANE('',#929);
#929 = AXIS2_PLACEMENT_3D('',#930,#931,#932);
#930 = CARTESIAN_POINT('',(124.77,-67.665,1.51));
#931 = DIRECTION('',(0.,1.,0.));
#932 = DIRECTION('',(1.,0.,0.));
#933 = ADVANCED_FACE('',(#934),#961,.T.);
#934 = FACE_BOUND('',#935,.T.);
#935 = EDGE_LOOP('',(#936,#937,#946,#954));
#936 = ORIENTED_EDGE('',*,*,#915,.T.);
#937 = ORIENTED_EDGE('',*,*,#938,.T.);
#938 = EDGE_CURVE('',#908,#939,#941,.T.);
#939 = VERTEX_POINT('',#940);
#940 = CARTESIAN_POINT('',(125.37,-67.865,1.55));
#941 = CIRCLE('',#942,0.200001216283);
#942 = AXIS2_PLACEMENT_3D('',#943,#944,#945);
#943 = CARTESIAN_POINT('',(125.16999878372,-67.86500121627,1.55));
#944 = DIRECTION('',(0.,0.,-1.));
#945 = DIRECTION('',(6.081358883623E-06,0.999999999982,0.));
#946 = ORIENTED_EDGE('',*,*,#947,.F.);
#947 = EDGE_CURVE('',#948,#939,#950,.T.);
#948 = VERTEX_POINT('',#949);
#949 = CARTESIAN_POINT('',(125.37,-67.865,1.51));
#950 = LINE('',#951,#952);
#951 = CARTESIAN_POINT('',(125.37,-67.865,1.51));
#952 = VECTOR('',#953,1.);
#953 = DIRECTION('',(0.,0.,1.));
#954 = ORIENTED_EDGE('',*,*,#955,.F.);
#955 = EDGE_CURVE('',#916,#948,#956,.T.);
#956 = CIRCLE('',#957,0.200001216283);
#957 = AXIS2_PLACEMENT_3D('',#958,#959,#960);
#958 = CARTESIAN_POINT('',(125.16999878372,-67.86500121627,1.51));
#959 = DIRECTION('',(0.,0.,-1.));
#960 = DIRECTION('',(6.081358883623E-06,0.999999999982,0.));
#961 = CYLINDRICAL_SURFACE('',#962,0.200001216283);
#962 = AXIS2_PLACEMENT_3D('',#963,#964,#965);
#963 = CARTESIAN_POINT('',(125.16999878372,-67.86500121627,1.51));
#964 = DIRECTION('',(0.,0.,-1.));
#965 = DIRECTION('',(6.081358883623E-06,0.999999999982,0.));
#966 = ADVANCED_FACE('',(#967),#992,.T.);
#967 = FACE_BOUND('',#968,.T.);
#968 = EDGE_LOOP('',(#969,#970,#978,#986));
#969 = ORIENTED_EDGE('',*,*,#947,.T.);
#970 = ORIENTED_EDGE('',*,*,#971,.T.);
#971 = EDGE_CURVE('',#939,#972,#974,.T.);
#972 = VERTEX_POINT('',#973);
#973 = CARTESIAN_POINT('',(125.37,-68.415,1.55));
#974 = LINE('',#975,#976);
#975 = CARTESIAN_POINT('',(125.37,-67.865,1.55));
#976 = VECTOR('',#977,1.);
#977 = DIRECTION('',(0.,-1.,0.));
#978 = ORIENTED_EDGE('',*,*,#979,.F.);
#979 = EDGE_CURVE('',#980,#972,#982,.T.);
#980 = VERTEX_POINT('',#981);
#981 = CARTESIAN_POINT('',(125.37,-68.415,1.51));
#982 = LINE('',#983,#984);
#983 = CARTESIAN_POINT('',(125.37,-68.415,1.51));
#984 = VECTOR('',#985,1.);
#985 = DIRECTION('',(0.,0.,1.));
#986 = ORIENTED_EDGE('',*,*,#987,.F.);
#987 = EDGE_CURVE('',#948,#980,#988,.T.);
#988 = LINE('',#989,#990);
#989 = CARTESIAN_POINT('',(125.37,-67.865,1.51));
#990 = VECTOR('',#991,1.);
#991 = DIRECTION('',(0.,-1.,0.));
#992 = PLANE('',#993);
#993 = AXIS2_PLACEMENT_3D('',#994,#995,#996);
#994 = CARTESIAN_POINT('',(125.37,-67.865,1.51));
#995 = DIRECTION('',(1.,0.,-0.));
#996 = DIRECTION('',(0.,-1.,0.));
#997 = ADVANCED_FACE('',(#998),#1025,.T.);
#998 = FACE_BOUND('',#999,.T.);
#999 = EDGE_LOOP('',(#1000,#1001,#1010,#1018));
#1000 = ORIENTED_EDGE('',*,*,#979,.T.);
#1001 = ORIENTED_EDGE('',*,*,#1002,.T.);
#1002 = EDGE_CURVE('',#972,#1003,#1005,.T.);
#1003 = VERTEX_POINT('',#1004);
#1004 = CARTESIAN_POINT('',(125.17,-68.615,1.55));
#1005 = CIRCLE('',#1006,0.200001216283);
#1006 = AXIS2_PLACEMENT_3D('',#1007,#1008,#1009);
#1007 = CARTESIAN_POINT('',(125.16999878372,-68.41499878372,1.55));
#1008 = DIRECTION('',(0.,0.,-1.));
#1009 = DIRECTION('',(0.999999999982,-6.081358954676E-06,0.));
#1010 = ORIENTED_EDGE('',*,*,#1011,.F.);
#1011 = EDGE_CURVE('',#1012,#1003,#1014,.T.);
#1012 = VERTEX_POINT('',#1013);
#1013 = CARTESIAN_POINT('',(125.17,-68.615,1.51));
#1014 = LINE('',#1015,#1016);
#1015 = CARTESIAN_POINT('',(125.17,-68.615,1.51));
#1016 = VECTOR('',#1017,1.);
#1017 = DIRECTION('',(0.,0.,1.));
#1018 = ORIENTED_EDGE('',*,*,#1019,.F.);
#1019 = EDGE_CURVE('',#980,#1012,#1020,.T.);
#1020 = CIRCLE('',#1021,0.200001216283);
#1021 = AXIS2_PLACEMENT_3D('',#1022,#1023,#1024);
#1022 = CARTESIAN_POINT('',(125.16999878372,-68.41499878372,1.51));
#1023 = DIRECTION('',(0.,0.,-1.));
#1024 = DIRECTION('',(0.999999999982,-6.081358954676E-06,0.));
#1025 = CYLINDRICAL_SURFACE('',#1026,0.200001216283);
#1026 = AXIS2_PLACEMENT_3D('',#1027,#1028,#1029);
#1027 = CARTESIAN_POINT('',(125.16999878372,-68.41499878372,1.51));
#1028 = DIRECTION('',(0.,0.,-1.));
#1029 = DIRECTION('',(0.999999999982,-6.081358954676E-06,0.));
#1030 = ADVANCED_FACE('',(#1031),#1056,.T.);
#1031 = FACE_BOUND('',#1032,.T.);
#1032 = EDGE_LOOP('',(#1033,#1034,#1042,#1050));
#1033 = ORIENTED_EDGE('',*,*,#1011,.T.);
#1034 = ORIENTED_EDGE('',*,*,#1035,.T.);
#1035 = EDGE_CURVE('',#1003,#1036,#1038,.T.);
#1036 = VERTEX_POINT('',#1037);
#1037 = CARTESIAN_POINT('',(124.77,-68.615,1.55));
#1038 = LINE('',#1039,#1040);
#1039 = CARTESIAN_POINT('',(125.17,-68.615,1.55));
#1040 = VECTOR('',#1041,1.);
#1041 = DIRECTION('',(-1.,0.,0.));
#1042 = ORIENTED_EDGE('',*,*,#1043,.F.);
#1043 = EDGE_CURVE('',#1044,#1036,#1046,.T.);
#1044 = VERTEX_POINT('',#1045);
#1045 = CARTESIAN_POINT('',(124.77,-68.615,1.51));
#1046 = LINE('',#1047,#1048);
#1047 = CARTESIAN_POINT('',(124.77,-68.615,1.51));
#1048 = VECTOR('',#1049,1.);
#1049 = DIRECTION('',(0.,0.,1.));
#1050 = ORIENTED_EDGE('',*,*,#1051,.F.);
#1051 = EDGE_CURVE('',#1012,#1044,#1052,.T.);
#1052 = LINE('',#1053,#1054);
#1053 = CARTESIAN_POINT('',(125.17,-68.615,1.51));
#1054 = VECTOR('',#1055,1.);
#1055 = DIRECTION('',(-1.,0.,0.));
#1056 = PLANE('',#1057);
#1057 = AXIS2_PLACEMENT_3D('',#1058,#1059,#1060);
#1058 = CARTESIAN_POINT('',(125.17,-68.615,1.51));
#1059 = DIRECTION('',(0.,-1.,0.));
#1060 = DIRECTION('',(-1.,0.,0.));
#1061 = ADVANCED_FACE('',(#1062),#1089,.T.);
#1062 = FACE_BOUND('',#1063,.T.);
#1063 = EDGE_LOOP('',(#1064,#1065,#1074,#1082));
#1064 = ORIENTED_EDGE('',*,*,#1043,.T.);
#1065 = ORIENTED_EDGE('',*,*,#1066,.T.);
#1066 = EDGE_CURVE('',#1036,#1067,#1069,.T.);
#1067 = VERTEX_POINT('',#1068);
#1068 = CARTESIAN_POINT('',(124.57,-68.415,1.55));
#1069 = CIRCLE('',#1070,0.200001216283);
#1070 = AXIS2_PLACEMENT_3D('',#1071,#1072,#1073);
#1071 = CARTESIAN_POINT('',(124.77000121627,-68.41499878372,1.55));
#1072 = DIRECTION('',(0.,0.,-1.));
#1073 = DIRECTION('',(-6.081358883623E-06,-0.999999999982,-0.));
#1074 = ORIENTED_EDGE('',*,*,#1075,.F.);
#1075 = EDGE_CURVE('',#1076,#1067,#1078,.T.);
#1076 = VERTEX_POINT('',#1077);
#1077 = CARTESIAN_POINT('',(124.57,-68.415,1.51));
#1078 = LINE('',#1079,#1080);
#1079 = CARTESIAN_POINT('',(124.57,-68.415,1.51));
#1080 = VECTOR('',#1081,1.);
#1081 = DIRECTION('',(0.,0.,1.));
#1082 = ORIENTED_EDGE('',*,*,#1083,.F.);
#1083 = EDGE_CURVE('',#1044,#1076,#1084,.T.);
#1084 = CIRCLE('',#1085,0.200001216283);
#1085 = AXIS2_PLACEMENT_3D('',#1086,#1087,#1088);
#1086 = CARTESIAN_POINT('',(124.77000121627,-68.41499878372,1.51));
#1087 = DIRECTION('',(0.,0.,-1.));
#1088 = DIRECTION('',(-6.081358883623E-06,-0.999999999982,-0.));
#1089 = CYLINDRICAL_SURFACE('',#1090,0.200001216283);
#1090 = AXIS2_PLACEMENT_3D('',#1091,#1092,#1093);
#1091 = CARTESIAN_POINT('',(124.77000121627,-68.41499878372,1.51));
#1092 = DIRECTION('',(0.,0.,-1.));
#1093 = DIRECTION('',(-6.081358883623E-06,-0.999999999982,-0.));
#1094 = ADVANCED_FACE('',(#1095),#1111,.T.);
#1095 = FACE_BOUND('',#1096,.T.);
#1096 = EDGE_LOOP('',(#1097,#1098,#1104,#1105));
#1097 = ORIENTED_EDGE('',*,*,#1075,.T.);
#1098 = ORIENTED_EDGE('',*,*,#1099,.T.);
#1099 = EDGE_CURVE('',#1067,#867,#1100,.T.);
#1100 = LINE('',#1101,#1102);
#1101 = CARTESIAN_POINT('',(124.57,-68.415,1.55));
#1102 = VECTOR('',#1103,1.);
#1103 = DIRECTION('',(0.,1.,0.));
#1104 = ORIENTED_EDGE('',*,*,#864,.F.);
#1105 = ORIENTED_EDGE('',*,*,#1106,.F.);
#1106 = EDGE_CURVE('',#1076,#865,#1107,.T.);
#1107 = LINE('',#1108,#1109);
#1108 = CARTESIAN_POINT('',(124.57,-68.415,1.51));
#1109 = VECTOR('',#1110,1.);
#1110 = DIRECTION('',(0.,1.,0.));
#1111 = PLANE('',#1112);
#1112 = AXIS2_PLACEMENT_3D('',#1113,#1114,#1115);
#1113 = CARTESIAN_POINT('',(124.57,-68.415,1.51));
#1114 = DIRECTION('',(-1.,0.,0.));
#1115 = DIRECTION('',(0.,1.,0.));
#1116 = ADVANCED_FACE('',(#1117),#1127,.F.);
#1117 = FACE_BOUND('',#1118,.T.);
#1118 = EDGE_LOOP('',(#1119,#1120,#1121,#1122,#1123,#1124,#1125,#1126));
#1119 = ORIENTED_EDGE('',*,*,#891,.T.);
#1120 = ORIENTED_EDGE('',*,*,#923,.T.);
#1121 = ORIENTED_EDGE('',*,*,#955,.T.);
#1122 = ORIENTED_EDGE('',*,*,#987,.T.);
#1123 = ORIENTED_EDGE('',*,*,#1019,.T.);
#1124 = ORIENTED_EDGE('',*,*,#1051,.T.);
#1125 = ORIENTED_EDGE('',*,*,#1083,.T.);
#1126 = ORIENTED_EDGE('',*,*,#1106,.T.);
#1127 = PLANE('',#1128);
#1128 = AXIS2_PLACEMENT_3D('',#1129,#1130,#1131);
#1129 = CARTESIAN_POINT('',(0.,0.,1.51));
#1130 = DIRECTION('',(0.,0.,1.));
#1131 = DIRECTION('',(1.,0.,-0.));
#1132 = ADVANCED_FACE('',(#1133),#1143,.T.);
#1133 = FACE_BOUND('',#1134,.F.);
#1134 = EDGE_LOOP('',(#1135,#1136,#1137,#1138,#1139,#1140,#1141,#1142));
#1135 = ORIENTED_EDGE('',*,*,#874,.T.);
#1136 = ORIENTED_EDGE('',*,*,#907,.T.);
#1137 = ORIENTED_EDGE('',*,*,#938,.T.);
#1138 = ORIENTED_EDGE('',*,*,#971,.T.);
#1139 = ORIENTED_EDGE('',*,*,#1002,.T.);
#1140 = ORIENTED_EDGE('',*,*,#1035,.T.);
#1141 = ORIENTED_EDGE('',*,*,#1066,.T.);
#1142 = ORIENTED_EDGE('',*,*,#1099,.T.);
#1143 = PLANE('',#1144);
#1144 = AXIS2_PLACEMENT_3D('',#1145,#1146,#1147);
#1145 = CARTESIAN_POINT('',(0.,0.,1.55));
#1146 = DIRECTION('',(0.,0.,1.));
#1147 = DIRECTION('',(1.,0.,-0.));
#1148 = MANIFOLD_SOLID_BREP('',#1149);
#1149 = CLOSED_SHELL('',(#1150,#1192,#1223,#1256,#1287,#1320,#1351,#1384
    ,#1406,#1422));
#1150 = ADVANCED_FACE('',(#1151),#1187,.T.);
#1151 = FACE_BOUND('',#1152,.T.);
#1152 = EDGE_LOOP('',(#1153,#1163,#1172,#1180));
#1153 = ORIENTED_EDGE('',*,*,#1154,.T.);
#1154 = EDGE_CURVE('',#1155,#1157,#1159,.T.);
#1155 = VERTEX_POINT('',#1156);
#1156 = CARTESIAN_POINT('',(126.21,-67.865,1.51));
#1157 = VERTEX_POINT('',#1158);
#1158 = CARTESIAN_POINT('',(126.21,-67.865,1.55));
#1159 = LINE('',#1160,#1161);
#1160 = CARTESIAN_POINT('',(126.21,-67.865,1.51));
#1161 = VECTOR('',#1162,1.);
#1162 = DIRECTION('',(0.,0.,1.));
#1163 = ORIENTED_EDGE('',*,*,#1164,.T.);
#1164 = EDGE_CURVE('',#1157,#1165,#1167,.T.);
#1165 = VERTEX_POINT('',#1166);
#1166 = CARTESIAN_POINT('',(126.41,-67.665,1.55));
#1167 = CIRCLE('',#1168,0.200001216283);
#1168 = AXIS2_PLACEMENT_3D('',#1169,#1170,#1171);
#1169 = CARTESIAN_POINT('',(126.41000121627,-67.86500121627,1.55));
#1170 = DIRECTION('',(0.,0.,-1.));
#1171 = DIRECTION('',(-0.999999999982,6.08135902573E-06,0.));
#1172 = ORIENTED_EDGE('',*,*,#1173,.F.);
#1173 = EDGE_CURVE('',#1174,#1165,#1176,.T.);
#1174 = VERTEX_POINT('',#1175);
#1175 = CARTESIAN_POINT('',(126.41,-67.665,1.51));
#1176 = LINE('',#1177,#1178);
#1177 = CARTESIAN_POINT('',(126.41,-67.665,1.51));
#1178 = VECTOR('',#1179,1.);
#1179 = DIRECTION('',(0.,0.,1.));
#1180 = ORIENTED_EDGE('',*,*,#1181,.F.);
#1181 = EDGE_CURVE('',#1155,#1174,#1182,.T.);
#1182 = CIRCLE('',#1183,0.200001216283);
#1183 = AXIS2_PLACEMENT_3D('',#1184,#1185,#1186);
#1184 = CARTESIAN_POINT('',(126.41000121627,-67.86500121627,1.51));
#1185 = DIRECTION('',(0.,0.,-1.));
#1186 = DIRECTION('',(-0.999999999982,6.08135902573E-06,0.));
#1187 = CYLINDRICAL_SURFACE('',#1188,0.200001216283);
#1188 = AXIS2_PLACEMENT_3D('',#1189,#1190,#1191);
#1189 = CARTESIAN_POINT('',(126.41000121627,-67.86500121627,1.51));
#1190 = DIRECTION('',(0.,0.,-1.));
#1191 = DIRECTION('',(-0.999999999982,6.08135902573E-06,0.));
#1192 = ADVANCED_FACE('',(#1193),#1218,.T.);
#1193 = FACE_BOUND('',#1194,.T.);
#1194 = EDGE_LOOP('',(#1195,#1196,#1204,#1212));
#1195 = ORIENTED_EDGE('',*,*,#1173,.T.);
#1196 = ORIENTED_EDGE('',*,*,#1197,.T.);
#1197 = EDGE_CURVE('',#1165,#1198,#1200,.T.);
#1198 = VERTEX_POINT('',#1199);
#1199 = CARTESIAN_POINT('',(126.81,-67.665,1.55));
#1200 = LINE('',#1201,#1202);
#1201 = CARTESIAN_POINT('',(126.41,-67.665,1.55));
#1202 = VECTOR('',#1203,1.);
#1203 = DIRECTION('',(1.,0.,0.));
#1204 = ORIENTED_EDGE('',*,*,#1205,.F.);
#1205 = EDGE_CURVE('',#1206,#1198,#1208,.T.);
#1206 = VERTEX_POINT('',#1207);
#1207 = CARTESIAN_POINT('',(126.81,-67.665,1.51));
#1208 = LINE('',#1209,#1210);
#1209 = CARTESIAN_POINT('',(126.81,-67.665,1.51));
#1210 = VECTOR('',#1211,1.);
#1211 = DIRECTION('',(0.,0.,1.));
#1212 = ORIENTED_EDGE('',*,*,#1213,.F.);
#1213 = EDGE_CURVE('',#1174,#1206,#1214,.T.);
#1214 = LINE('',#1215,#1216);
#1215 = CARTESIAN_POINT('',(126.41,-67.665,1.51));
#1216 = VECTOR('',#1217,1.);
#1217 = DIRECTION('',(1.,0.,0.));
#1218 = PLANE('',#1219);
#1219 = AXIS2_PLACEMENT_3D('',#1220,#1221,#1222);
#1220 = CARTESIAN_POINT('',(126.41,-67.665,1.51));
#1221 = DIRECTION('',(0.,1.,0.));
#1222 = DIRECTION('',(1.,0.,0.));
#1223 = ADVANCED_FACE('',(#1224),#1251,.T.);
#1224 = FACE_BOUND('',#1225,.T.);
#1225 = EDGE_LOOP('',(#1226,#1227,#1236,#1244));
#1226 = ORIENTED_EDGE('',*,*,#1205,.T.);
#1227 = ORIENTED_EDGE('',*,*,#1228,.T.);
#1228 = EDGE_CURVE('',#1198,#1229,#1231,.T.);
#1229 = VERTEX_POINT('',#1230);
#1230 = CARTESIAN_POINT('',(127.01,-67.865,1.55));
#1231 = CIRCLE('',#1232,0.200001216283);
#1232 = AXIS2_PLACEMENT_3D('',#1233,#1234,#1235);
#1233 = CARTESIAN_POINT('',(126.80999878372,-67.86500121627,1.55));
#1234 = DIRECTION('',(0.,0.,-1.));
#1235 = DIRECTION('',(6.081358954676E-06,0.999999999982,0.));
#1236 = ORIENTED_EDGE('',*,*,#1237,.F.);
#1237 = EDGE_CURVE('',#1238,#1229,#1240,.T.);
#1238 = VERTEX_POINT('',#1239);
#1239 = CARTESIAN_POINT('',(127.01,-67.865,1.51));
#1240 = LINE('',#1241,#1242);
#1241 = CARTESIAN_POINT('',(127.01,-67.865,1.51));
#1242 = VECTOR('',#1243,1.);
#1243 = DIRECTION('',(0.,0.,1.));
#1244 = ORIENTED_EDGE('',*,*,#1245,.F.);
#1245 = EDGE_CURVE('',#1206,#1238,#1246,.T.);
#1246 = CIRCLE('',#1247,0.200001216283);
#1247 = AXIS2_PLACEMENT_3D('',#1248,#1249,#1250);
#1248 = CARTESIAN_POINT('',(126.80999878372,-67.86500121627,1.51));
#1249 = DIRECTION('',(0.,0.,-1.));
#1250 = DIRECTION('',(6.081358954676E-06,0.999999999982,0.));
#1251 = CYLINDRICAL_SURFACE('',#1252,0.200001216283);
#1252 = AXIS2_PLACEMENT_3D('',#1253,#1254,#1255);
#1253 = CARTESIAN_POINT('',(126.80999878372,-67.86500121627,1.51));
#1254 = DIRECTION('',(0.,0.,-1.));
#1255 = DIRECTION('',(6.081358954676E-06,0.999999999982,0.));
#1256 = ADVANCED_FACE('',(#1257),#1282,.T.);
#1257 = FACE_BOUND('',#1258,.T.);
#1258 = EDGE_LOOP('',(#1259,#1260,#1268,#1276));
#1259 = ORIENTED_EDGE('',*,*,#1237,.T.);
#1260 = ORIENTED_EDGE('',*,*,#1261,.T.);
#1261 = EDGE_CURVE('',#1229,#1262,#1264,.T.);
#1262 = VERTEX_POINT('',#1263);
#1263 = CARTESIAN_POINT('',(127.01,-68.415,1.55));
#1264 = LINE('',#1265,#1266);
#1265 = CARTESIAN_POINT('',(127.01,-67.865,1.55));
#1266 = VECTOR('',#1267,1.);
#1267 = DIRECTION('',(0.,-1.,0.));
#1268 = ORIENTED_EDGE('',*,*,#1269,.F.);
#1269 = EDGE_CURVE('',#1270,#1262,#1272,.T.);
#1270 = VERTEX_POINT('',#1271);
#1271 = CARTESIAN_POINT('',(127.01,-68.415,1.51));
#1272 = LINE('',#1273,#1274);
#1273 = CARTESIAN_POINT('',(127.01,-68.415,1.51));
#1274 = VECTOR('',#1275,1.);
#1275 = DIRECTION('',(0.,0.,1.));
#1276 = ORIENTED_EDGE('',*,*,#1277,.F.);
#1277 = EDGE_CURVE('',#1238,#1270,#1278,.T.);
#1278 = LINE('',#1279,#1280);
#1279 = CARTESIAN_POINT('',(127.01,-67.865,1.51));
#1280 = VECTOR('',#1281,1.);
#1281 = DIRECTION('',(0.,-1.,0.));
#1282 = PLANE('',#1283);
#1283 = AXIS2_PLACEMENT_3D('',#1284,#1285,#1286);
#1284 = CARTESIAN_POINT('',(127.01,-67.865,1.51));
#1285 = DIRECTION('',(1.,0.,-0.));
#1286 = DIRECTION('',(0.,-1.,0.));
#1287 = ADVANCED_FACE('',(#1288),#1315,.T.);
#1288 = FACE_BOUND('',#1289,.T.);
#1289 = EDGE_LOOP('',(#1290,#1291,#1300,#1308));
#1290 = ORIENTED_EDGE('',*,*,#1269,.T.);
#1291 = ORIENTED_EDGE('',*,*,#1292,.T.);
#1292 = EDGE_CURVE('',#1262,#1293,#1295,.T.);
#1293 = VERTEX_POINT('',#1294);
#1294 = CARTESIAN_POINT('',(126.81,-68.615,1.55));
#1295 = CIRCLE('',#1296,0.200001216283);
#1296 = AXIS2_PLACEMENT_3D('',#1297,#1298,#1299);
#1297 = CARTESIAN_POINT('',(126.80999878372,-68.41499878372,1.55));
#1298 = DIRECTION('',(0.,0.,-1.));
#1299 = DIRECTION('',(0.999999999982,-6.08135902573E-06,0.));
#1300 = ORIENTED_EDGE('',*,*,#1301,.F.);
#1301 = EDGE_CURVE('',#1302,#1293,#1304,.T.);
#1302 = VERTEX_POINT('',#1303);
#1303 = CARTESIAN_POINT('',(126.81,-68.615,1.51));
#1304 = LINE('',#1305,#1306);
#1305 = CARTESIAN_POINT('',(126.81,-68.615,1.51));
#1306 = VECTOR('',#1307,1.);
#1307 = DIRECTION('',(0.,0.,1.));
#1308 = ORIENTED_EDGE('',*,*,#1309,.F.);
#1309 = EDGE_CURVE('',#1270,#1302,#1310,.T.);
#1310 = CIRCLE('',#1311,0.200001216283);
#1311 = AXIS2_PLACEMENT_3D('',#1312,#1313,#1314);
#1312 = CARTESIAN_POINT('',(126.80999878372,-68.41499878372,1.51));
#1313 = DIRECTION('',(0.,0.,-1.));
#1314 = DIRECTION('',(0.999999999982,-6.08135902573E-06,0.));
#1315 = CYLINDRICAL_SURFACE('',#1316,0.200001216283);
#1316 = AXIS2_PLACEMENT_3D('',#1317,#1318,#1319);
#1317 = CARTESIAN_POINT('',(126.80999878372,-68.41499878372,1.51));
#1318 = DIRECTION('',(0.,0.,-1.));
#1319 = DIRECTION('',(0.999999999982,-6.08135902573E-06,0.));
#1320 = ADVANCED_FACE('',(#1321),#1346,.T.);
#1321 = FACE_BOUND('',#1322,.T.);
#1322 = EDGE_LOOP('',(#1323,#1324,#1332,#1340));
#1323 = ORIENTED_EDGE('',*,*,#1301,.T.);
#1324 = ORIENTED_EDGE('',*,*,#1325,.T.);
#1325 = EDGE_CURVE('',#1293,#1326,#1328,.T.);
#1326 = VERTEX_POINT('',#1327);
#1327 = CARTESIAN_POINT('',(126.41,-68.615,1.55));
#1328 = LINE('',#1329,#1330);
#1329 = CARTESIAN_POINT('',(126.81,-68.615,1.55));
#1330 = VECTOR('',#1331,1.);
#1331 = DIRECTION('',(-1.,0.,0.));
#1332 = ORIENTED_EDGE('',*,*,#1333,.F.);
#1333 = EDGE_CURVE('',#1334,#1326,#1336,.T.);
#1334 = VERTEX_POINT('',#1335);
#1335 = CARTESIAN_POINT('',(126.41,-68.615,1.51));
#1336 = LINE('',#1337,#1338);
#1337 = CARTESIAN_POINT('',(126.41,-68.615,1.51));
#1338 = VECTOR('',#1339,1.);
#1339 = DIRECTION('',(0.,0.,1.));
#1340 = ORIENTED_EDGE('',*,*,#1341,.F.);
#1341 = EDGE_CURVE('',#1302,#1334,#1342,.T.);
#1342 = LINE('',#1343,#1344);
#1343 = CARTESIAN_POINT('',(126.81,-68.615,1.51));
#1344 = VECTOR('',#1345,1.);
#1345 = DIRECTION('',(-1.,0.,0.));
#1346 = PLANE('',#1347);
#1347 = AXIS2_PLACEMENT_3D('',#1348,#1349,#1350);
#1348 = CARTESIAN_POINT('',(126.81,-68.615,1.51));
#1349 = DIRECTION('',(0.,-1.,0.));
#1350 = DIRECTION('',(-1.,0.,0.));
#1351 = ADVANCED_FACE('',(#1352),#1379,.T.);
#1352 = FACE_BOUND('',#1353,.T.);
#1353 = EDGE_LOOP('',(#1354,#1355,#1364,#1372));
#1354 = ORIENTED_EDGE('',*,*,#1333,.T.);
#1355 = ORIENTED_EDGE('',*,*,#1356,.T.);
#1356 = EDGE_CURVE('',#1326,#1357,#1359,.T.);
#1357 = VERTEX_POINT('',#1358);
#1358 = CARTESIAN_POINT('',(126.21,-68.415,1.55));
#1359 = CIRCLE('',#1360,0.200001216283);
#1360 = AXIS2_PLACEMENT_3D('',#1361,#1362,#1363);
#1361 = CARTESIAN_POINT('',(126.41000121627,-68.41499878372,1.55));
#1362 = DIRECTION('',(0.,0.,-1.));
#1363 = DIRECTION('',(-6.081358954676E-06,-0.999999999982,-0.));
#1364 = ORIENTED_EDGE('',*,*,#1365,.F.);
#1365 = EDGE_CURVE('',#1366,#1357,#1368,.T.);
#1366 = VERTEX_POINT('',#1367);
#1367 = CARTESIAN_POINT('',(126.21,-68.415,1.51));
#1368 = LINE('',#1369,#1370);
#1369 = CARTESIAN_POINT('',(126.21,-68.415,1.51));
#1370 = VECTOR('',#1371,1.);
#1371 = DIRECTION('',(0.,0.,1.));
#1372 = ORIENTED_EDGE('',*,*,#1373,.F.);
#1373 = EDGE_CURVE('',#1334,#1366,#1374,.T.);
#1374 = CIRCLE('',#1375,0.200001216283);
#1375 = AXIS2_PLACEMENT_3D('',#1376,#1377,#1378);
#1376 = CARTESIAN_POINT('',(126.41000121627,-68.41499878372,1.51));
#1377 = DIRECTION('',(0.,0.,-1.));
#1378 = DIRECTION('',(-6.081358954676E-06,-0.999999999982,-0.));
#1379 = CYLINDRICAL_SURFACE('',#1380,0.200001216283);
#1380 = AXIS2_PLACEMENT_3D('',#1381,#1382,#1383);
#1381 = CARTESIAN_POINT('',(126.41000121627,-68.41499878372,1.51));
#1382 = DIRECTION('',(0.,0.,-1.));
#1383 = DIRECTION('',(-6.081358954676E-06,-0.999999999982,-0.));
#1384 = ADVANCED_FACE('',(#1385),#1401,.T.);
#1385 = FACE_BOUND('',#1386,.T.);
#1386 = EDGE_LOOP('',(#1387,#1388,#1394,#1395));
#1387 = ORIENTED_EDGE('',*,*,#1365,.T.);
#1388 = ORIENTED_EDGE('',*,*,#1389,.T.);
#1389 = EDGE_CURVE('',#1357,#1157,#1390,.T.);
#1390 = LINE('',#1391,#1392);
#1391 = CARTESIAN_POINT('',(126.21,-68.415,1.55));
#1392 = VECTOR('',#1393,1.);
#1393 = DIRECTION('',(0.,1.,0.));
#1394 = ORIENTED_EDGE('',*,*,#1154,.F.);
#1395 = ORIENTED_EDGE('',*,*,#1396,.F.);
#1396 = EDGE_CURVE('',#1366,#1155,#1397,.T.);
#1397 = LINE('',#1398,#1399);
#1398 = CARTESIAN_POINT('',(126.21,-68.415,1.51));
#1399 = VECTOR('',#1400,1.);
#1400 = DIRECTION('',(0.,1.,0.));
#1401 = PLANE('',#1402);
#1402 = AXIS2_PLACEMENT_3D('',#1403,#1404,#1405);
#1403 = CARTESIAN_POINT('',(126.21,-68.415,1.51));
#1404 = DIRECTION('',(-1.,0.,0.));
#1405 = DIRECTION('',(0.,1.,0.));
#1406 = ADVANCED_FACE('',(#1407),#1417,.F.);
#1407 = FACE_BOUND('',#1408,.T.);
#1408 = EDGE_LOOP('',(#1409,#1410,#1411,#1412,#1413,#1414,#1415,#1416));
#1409 = ORIENTED_EDGE('',*,*,#1181,.T.);
#1410 = ORIENTED_EDGE('',*,*,#1213,.T.);
#1411 = ORIENTED_EDGE('',*,*,#1245,.T.);
#1412 = ORIENTED_EDGE('',*,*,#1277,.T.);
#1413 = ORIENTED_EDGE('',*,*,#1309,.T.);
#1414 = ORIENTED_EDGE('',*,*,#1341,.T.);
#1415 = ORIENTED_EDGE('',*,*,#1373,.T.);
#1416 = ORIENTED_EDGE('',*,*,#1396,.T.);
#1417 = PLANE('',#1418);
#1418 = AXIS2_PLACEMENT_3D('',#1419,#1420,#1421);
#1419 = CARTESIAN_POINT('',(0.,0.,1.51));
#1420 = DIRECTION('',(0.,0.,1.));
#1421 = DIRECTION('',(1.,0.,-0.));
#1422 = ADVANCED_FACE('',(#1423),#1433,.T.);
#1423 = FACE_BOUND('',#1424,.F.);
#1424 = EDGE_LOOP('',(#1425,#1426,#1427,#1428,#1429,#1430,#1431,#1432));
#1425 = ORIENTED_EDGE('',*,*,#1164,.T.);
#1426 = ORIENTED_EDGE('',*,*,#1197,.T.);
#1427 = ORIENTED_EDGE('',*,*,#1228,.T.);
#1428 = ORIENTED_EDGE('',*,*,#1261,.T.);
#1429 = ORIENTED_EDGE('',*,*,#1292,.T.);
#1430 = ORIENTED_EDGE('',*,*,#1325,.T.);
#1431 = ORIENTED_EDGE('',*,*,#1356,.T.);
#1432 = ORIENTED_EDGE('',*,*,#1389,.T.);
#1433 = PLANE('',#1434);
#1434 = AXIS2_PLACEMENT_3D('',#1435,#1436,#1437);
#1435 = CARTESIAN_POINT('',(0.,0.,1.55));
#1436 = DIRECTION('',(0.,0.,1.));
#1437 = DIRECTION('',(1.,0.,-0.));
#1438 = MANIFOLD_SOLID_BREP('',#1439);
#1439 = CLOSED_SHELL('',(#1440,#1482,#1513,#1546,#1577,#1610,#1641,#1674
    ,#1696,#1712));
#1440 = ADVANCED_FACE('',(#1441),#1477,.T.);
#1441 = FACE_BOUND('',#1442,.T.);
#1442 = EDGE_LOOP('',(#1443,#1453,#1462,#1470));
#1443 = ORIENTED_EDGE('',*,*,#1444,.T.);
#1444 = EDGE_CURVE('',#1445,#1447,#1449,.T.);
#1445 = VERTEX_POINT('',#1446);
#1446 = CARTESIAN_POINT('',(132.21,-110.09,1.51));
#1447 = VERTEX_POINT('',#1448);
#1448 = CARTESIAN_POINT('',(132.21,-110.09,1.55));
#1449 = LINE('',#1450,#1451);
#1450 = CARTESIAN_POINT('',(132.21,-110.09,1.51));
#1451 = VECTOR('',#1452,1.);
#1452 = DIRECTION('',(0.,0.,1.));
#1453 = ORIENTED_EDGE('',*,*,#1454,.T.);
#1454 = EDGE_CURVE('',#1447,#1455,#1457,.T.);
#1455 = VERTEX_POINT('',#1456);
#1456 = CARTESIAN_POINT('',(132.36,-109.94,1.55));
#1457 = CIRCLE('',#1458,0.150000058649);
#1458 = AXIS2_PLACEMENT_3D('',#1459,#1460,#1461);
#1459 = CARTESIAN_POINT('',(132.36000005864,-110.0900000586,1.55));
#1460 = DIRECTION('',(0.,0.,-1.));
#1461 = DIRECTION('',(-1.,3.909951247591E-07,0.));
#1462 = ORIENTED_EDGE('',*,*,#1463,.F.);
#1463 = EDGE_CURVE('',#1464,#1455,#1466,.T.);
#1464 = VERTEX_POINT('',#1465);
#1465 = CARTESIAN_POINT('',(132.36,-109.94,1.51));
#1466 = LINE('',#1467,#1468);
#1467 = CARTESIAN_POINT('',(132.36,-109.94,1.51));
#1468 = VECTOR('',#1469,1.);
#1469 = DIRECTION('',(0.,0.,1.));
#1470 = ORIENTED_EDGE('',*,*,#1471,.F.);
#1471 = EDGE_CURVE('',#1445,#1464,#1472,.T.);
#1472 = CIRCLE('',#1473,0.150000058649);
#1473 = AXIS2_PLACEMENT_3D('',#1474,#1475,#1476);
#1474 = CARTESIAN_POINT('',(132.36000005864,-110.0900000586,1.51));
#1475 = DIRECTION('',(0.,0.,-1.));
#1476 = DIRECTION('',(-1.,3.909951247591E-07,0.));
#1477 = CYLINDRICAL_SURFACE('',#1478,0.150000058649);
#1478 = AXIS2_PLACEMENT_3D('',#1479,#1480,#1481);
#1479 = CARTESIAN_POINT('',(132.36000005864,-110.0900000586,1.51));
#1480 = DIRECTION('',(0.,0.,-1.));
#1481 = DIRECTION('',(-1.,3.909951247591E-07,0.));
#1482 = ADVANCED_FACE('',(#1483),#1508,.T.);
#1483 = FACE_BOUND('',#1484,.T.);
#1484 = EDGE_LOOP('',(#1485,#1486,#1494,#1502));
#1485 = ORIENTED_EDGE('',*,*,#1463,.T.);
#1486 = ORIENTED_EDGE('',*,*,#1487,.T.);
#1487 = EDGE_CURVE('',#1455,#1488,#1490,.T.);
#1488 = VERTEX_POINT('',#1489);
#1489 = CARTESIAN_POINT('',(133.06,-109.94,1.55));
#1490 = LINE('',#1491,#1492);
#1491 = CARTESIAN_POINT('',(132.36,-109.94,1.55));
#1492 = VECTOR('',#1493,1.);
#1493 = DIRECTION('',(1.,0.,0.));
#1494 = ORIENTED_EDGE('',*,*,#1495,.F.);
#1495 = EDGE_CURVE('',#1496,#1488,#1498,.T.);
#1496 = VERTEX_POINT('',#1497);
#1497 = CARTESIAN_POINT('',(133.06,-109.94,1.51));
#1498 = LINE('',#1499,#1500);
#1499 = CARTESIAN_POINT('',(133.06,-109.94,1.51));
#1500 = VECTOR('',#1501,1.);
#1501 = DIRECTION('',(0.,0.,1.));
#1502 = ORIENTED_EDGE('',*,*,#1503,.F.);
#1503 = EDGE_CURVE('',#1464,#1496,#1504,.T.);
#1504 = LINE('',#1505,#1506);
#1505 = CARTESIAN_POINT('',(132.36,-109.94,1.51));
#1506 = VECTOR('',#1507,1.);
#1507 = DIRECTION('',(1.,0.,0.));
#1508 = PLANE('',#1509);
#1509 = AXIS2_PLACEMENT_3D('',#1510,#1511,#1512);
#1510 = CARTESIAN_POINT('',(132.36,-109.94,1.51));
#1511 = DIRECTION('',(0.,1.,0.));
#1512 = DIRECTION('',(1.,0.,0.));
#1513 = ADVANCED_FACE('',(#1514),#1541,.T.);
#1514 = FACE_BOUND('',#1515,.T.);
#1515 = EDGE_LOOP('',(#1516,#1517,#1526,#1534));
#1516 = ORIENTED_EDGE('',*,*,#1495,.T.);
#1517 = ORIENTED_EDGE('',*,*,#1518,.T.);
#1518 = EDGE_CURVE('',#1488,#1519,#1521,.T.);
#1519 = VERTEX_POINT('',#1520);
#1520 = CARTESIAN_POINT('',(133.21,-110.09,1.55));
#1521 = CIRCLE('',#1522,0.150000058649);
#1522 = AXIS2_PLACEMENT_3D('',#1523,#1524,#1525);
#1523 = CARTESIAN_POINT('',(133.05999994135,-110.0900000586,1.55));
#1524 = DIRECTION('',(0.,0.,-1.));
#1525 = DIRECTION('',(3.909955984539E-07,1.,0.));
#1526 = ORIENTED_EDGE('',*,*,#1527,.F.);
#1527 = EDGE_CURVE('',#1528,#1519,#1530,.T.);
#1528 = VERTEX_POINT('',#1529);
#1529 = CARTESIAN_POINT('',(133.21,-110.09,1.51));
#1530 = LINE('',#1531,#1532);
#1531 = CARTESIAN_POINT('',(133.21,-110.09,1.51));
#1532 = VECTOR('',#1533,1.);
#1533 = DIRECTION('',(0.,0.,1.));
#1534 = ORIENTED_EDGE('',*,*,#1535,.F.);
#1535 = EDGE_CURVE('',#1496,#1528,#1536,.T.);
#1536 = CIRCLE('',#1537,0.150000058649);
#1537 = AXIS2_PLACEMENT_3D('',#1538,#1539,#1540);
#1538 = CARTESIAN_POINT('',(133.05999994135,-110.0900000586,1.51));
#1539 = DIRECTION('',(0.,0.,-1.));
#1540 = DIRECTION('',(3.909955984539E-07,1.,0.));
#1541 = CYLINDRICAL_SURFACE('',#1542,0.150000058649);
#1542 = AXIS2_PLACEMENT_3D('',#1543,#1544,#1545);
#1543 = CARTESIAN_POINT('',(133.05999994135,-110.0900000586,1.51));
#1544 = DIRECTION('',(0.,0.,-1.));
#1545 = DIRECTION('',(3.909955984539E-07,1.,0.));
#1546 = ADVANCED_FACE('',(#1547),#1572,.T.);
#1547 = FACE_BOUND('',#1548,.T.);
#1548 = EDGE_LOOP('',(#1549,#1550,#1558,#1566));
#1549 = ORIENTED_EDGE('',*,*,#1527,.T.);
#1550 = ORIENTED_EDGE('',*,*,#1551,.T.);
#1551 = EDGE_CURVE('',#1519,#1552,#1554,.T.);
#1552 = VERTEX_POINT('',#1553);
#1553 = CARTESIAN_POINT('',(133.21,-110.79,1.55));
#1554 = LINE('',#1555,#1556);
#1555 = CARTESIAN_POINT('',(133.21,-110.09,1.55));
#1556 = VECTOR('',#1557,1.);
#1557 = DIRECTION('',(0.,-1.,0.));
#1558 = ORIENTED_EDGE('',*,*,#1559,.F.);
#1559 = EDGE_CURVE('',#1560,#1552,#1562,.T.);
#1560 = VERTEX_POINT('',#1561);
#1561 = CARTESIAN_POINT('',(133.21,-110.79,1.51));
#1562 = LINE('',#1563,#1564);
#1563 = CARTESIAN_POINT('',(133.21,-110.79,1.51));
#1564 = VECTOR('',#1565,1.);
#1565 = DIRECTION('',(0.,0.,1.));
#1566 = ORIENTED_EDGE('',*,*,#1567,.F.);
#1567 = EDGE_CURVE('',#1528,#1560,#1568,.T.);
#1568 = LINE('',#1569,#1570);
#1569 = CARTESIAN_POINT('',(133.21,-110.09,1.51));
#1570 = VECTOR('',#1571,1.);
#1571 = DIRECTION('',(0.,-1.,0.));
#1572 = PLANE('',#1573);
#1573 = AXIS2_PLACEMENT_3D('',#1574,#1575,#1576);
#1574 = CARTESIAN_POINT('',(133.21,-110.09,1.51));
#1575 = DIRECTION('',(1.,0.,-0.));
#1576 = DIRECTION('',(0.,-1.,0.));
#1577 = ADVANCED_FACE('',(#1578),#1605,.T.);
#1578 = FACE_BOUND('',#1579,.T.);
#1579 = EDGE_LOOP('',(#1580,#1581,#1590,#1598));
#1580 = ORIENTED_EDGE('',*,*,#1559,.T.);
#1581 = ORIENTED_EDGE('',*,*,#1582,.T.);
#1582 = EDGE_CURVE('',#1552,#1583,#1585,.T.);
#1583 = VERTEX_POINT('',#1584);
#1584 = CARTESIAN_POINT('',(133.06,-110.94,1.55));
#1585 = CIRCLE('',#1586,0.150000058649);
#1586 = AXIS2_PLACEMENT_3D('',#1587,#1588,#1589);
#1587 = CARTESIAN_POINT('',(133.05999994135,-110.7899999413,1.55));
#1588 = DIRECTION('',(0.,0.,-1.));
#1589 = DIRECTION('',(1.,-3.909955037149E-07,0.));
#1590 = ORIENTED_EDGE('',*,*,#1591,.F.);
#1591 = EDGE_CURVE('',#1592,#1583,#1594,.T.);
#1592 = VERTEX_POINT('',#1593);
#1593 = CARTESIAN_POINT('',(133.06,-110.94,1.51));
#1594 = LINE('',#1595,#1596);
#1595 = CARTESIAN_POINT('',(133.06,-110.94,1.51));
#1596 = VECTOR('',#1597,1.);
#1597 = DIRECTION('',(0.,0.,1.));
#1598 = ORIENTED_EDGE('',*,*,#1599,.F.);
#1599 = EDGE_CURVE('',#1560,#1592,#1600,.T.);
#1600 = CIRCLE('',#1601,0.150000058649);
#1601 = AXIS2_PLACEMENT_3D('',#1602,#1603,#1604);
#1602 = CARTESIAN_POINT('',(133.05999994135,-110.7899999413,1.51));
#1603 = DIRECTION('',(0.,0.,-1.));
#1604 = DIRECTION('',(1.,-3.909955037149E-07,0.));
#1605 = CYLINDRICAL_SURFACE('',#1606,0.150000058649);
#1606 = AXIS2_PLACEMENT_3D('',#1607,#1608,#1609);
#1607 = CARTESIAN_POINT('',(133.05999994135,-110.7899999413,1.51));
#1608 = DIRECTION('',(0.,0.,-1.));
#1609 = DIRECTION('',(1.,-3.909955037149E-07,0.));
#1610 = ADVANCED_FACE('',(#1611),#1636,.T.);
#1611 = FACE_BOUND('',#1612,.T.);
#1612 = EDGE_LOOP('',(#1613,#1614,#1622,#1630));
#1613 = ORIENTED_EDGE('',*,*,#1591,.T.);
#1614 = ORIENTED_EDGE('',*,*,#1615,.T.);
#1615 = EDGE_CURVE('',#1583,#1616,#1618,.T.);
#1616 = VERTEX_POINT('',#1617);
#1617 = CARTESIAN_POINT('',(132.36,-110.94,1.55));
#1618 = LINE('',#1619,#1620);
#1619 = CARTESIAN_POINT('',(133.06,-110.94,1.55));
#1620 = VECTOR('',#1621,1.);
#1621 = DIRECTION('',(-1.,0.,0.));
#1622 = ORIENTED_EDGE('',*,*,#1623,.F.);
#1623 = EDGE_CURVE('',#1624,#1616,#1626,.T.);
#1624 = VERTEX_POINT('',#1625);
#1625 = CARTESIAN_POINT('',(132.36,-110.94,1.51));
#1626 = LINE('',#1627,#1628);
#1627 = CARTESIAN_POINT('',(132.36,-110.94,1.51));
#1628 = VECTOR('',#1629,1.);
#1629 = DIRECTION('',(0.,0.,1.));
#1630 = ORIENTED_EDGE('',*,*,#1631,.F.);
#1631 = EDGE_CURVE('',#1592,#1624,#1632,.T.);
#1632 = LINE('',#1633,#1634);
#1633 = CARTESIAN_POINT('',(133.06,-110.94,1.51));
#1634 = VECTOR('',#1635,1.);
#1635 = DIRECTION('',(-1.,0.,0.));
#1636 = PLANE('',#1637);
#1637 = AXIS2_PLACEMENT_3D('',#1638,#1639,#1640);
#1638 = CARTESIAN_POINT('',(133.06,-110.94,1.51));
#1639 = DIRECTION('',(0.,-1.,0.));
#1640 = DIRECTION('',(-1.,0.,0.));
#1641 = ADVANCED_FACE('',(#1642),#1669,.T.);
#1642 = FACE_BOUND('',#1643,.T.);
#1643 = EDGE_LOOP('',(#1644,#1645,#1654,#1662));
#1644 = ORIENTED_EDGE('',*,*,#1623,.T.);
#1645 = ORIENTED_EDGE('',*,*,#1646,.T.);
#1646 = EDGE_CURVE('',#1616,#1647,#1649,.T.);
#1647 = VERTEX_POINT('',#1648);
#1648 = CARTESIAN_POINT('',(132.21,-110.79,1.55));
#1649 = CIRCLE('',#1650,0.150000058649);
#1650 = AXIS2_PLACEMENT_3D('',#1651,#1652,#1653);
#1651 = CARTESIAN_POINT('',(132.36000005864,-110.7899999413,1.55));
#1652 = DIRECTION('',(0.,0.,-1.));
#1653 = DIRECTION('',(-3.909948405421E-07,-1.,-0.));
#1654 = ORIENTED_EDGE('',*,*,#1655,.F.);
#1655 = EDGE_CURVE('',#1656,#1647,#1658,.T.);
#1656 = VERTEX_POINT('',#1657);
#1657 = CARTESIAN_POINT('',(132.21,-110.79,1.51));
#1658 = LINE('',#1659,#1660);
#1659 = CARTESIAN_POINT('',(132.21,-110.79,1.51));
#1660 = VECTOR('',#1661,1.);
#1661 = DIRECTION('',(0.,0.,1.));
#1662 = ORIENTED_EDGE('',*,*,#1663,.F.);
#1663 = EDGE_CURVE('',#1624,#1656,#1664,.T.);
#1664 = CIRCLE('',#1665,0.150000058649);
#1665 = AXIS2_PLACEMENT_3D('',#1666,#1667,#1668);
#1666 = CARTESIAN_POINT('',(132.36000005864,-110.7899999413,1.51));
#1667 = DIRECTION('',(0.,0.,-1.));
#1668 = DIRECTION('',(-3.909948405421E-07,-1.,-0.));
#1669 = CYLINDRICAL_SURFACE('',#1670,0.150000058649);
#1670 = AXIS2_PLACEMENT_3D('',#1671,#1672,#1673);
#1671 = CARTESIAN_POINT('',(132.36000005864,-110.7899999413,1.51));
#1672 = DIRECTION('',(0.,0.,-1.));
#1673 = DIRECTION('',(-3.909948405421E-07,-1.,-0.));
#1674 = ADVANCED_FACE('',(#1675),#1691,.T.);
#1675 = FACE_BOUND('',#1676,.T.);
#1676 = EDGE_LOOP('',(#1677,#1678,#1684,#1685));
#1677 = ORIENTED_EDGE('',*,*,#1655,.T.);
#1678 = ORIENTED_EDGE('',*,*,#1679,.T.);
#1679 = EDGE_CURVE('',#1647,#1447,#1680,.T.);
#1680 = LINE('',#1681,#1682);
#1681 = CARTESIAN_POINT('',(132.21,-110.79,1.55));
#1682 = VECTOR('',#1683,1.);
#1683 = DIRECTION('',(0.,1.,0.));
#1684 = ORIENTED_EDGE('',*,*,#1444,.F.);
#1685 = ORIENTED_EDGE('',*,*,#1686,.F.);
#1686 = EDGE_CURVE('',#1656,#1445,#1687,.T.);
#1687 = LINE('',#1688,#1689);
#1688 = CARTESIAN_POINT('',(132.21,-110.79,1.51));
#1689 = VECTOR('',#1690,1.);
#1690 = DIRECTION('',(0.,1.,0.));
#1691 = PLANE('',#1692);
#1692 = AXIS2_PLACEMENT_3D('',#1693,#1694,#1695);
#1693 = CARTESIAN_POINT('',(132.21,-110.79,1.51));
#1694 = DIRECTION('',(-1.,0.,0.));
#1695 = DIRECTION('',(0.,1.,0.));
#1696 = ADVANCED_FACE('',(#1697),#1707,.F.);
#1697 = FACE_BOUND('',#1698,.T.);
#1698 = EDGE_LOOP('',(#1699,#1700,#1701,#1702,#1703,#1704,#1705,#1706));
#1699 = ORIENTED_EDGE('',*,*,#1471,.T.);
#1700 = ORIENTED_EDGE('',*,*,#1503,.T.);
#1701 = ORIENTED_EDGE('',*,*,#1535,.T.);
#1702 = ORIENTED_EDGE('',*,*,#1567,.T.);
#1703 = ORIENTED_EDGE('',*,*,#1599,.T.);
#1704 = ORIENTED_EDGE('',*,*,#1631,.T.);
#1705 = ORIENTED_EDGE('',*,*,#1663,.T.);
#1706 = ORIENTED_EDGE('',*,*,#1686,.T.);
#1707 = PLANE('',#1708);
#1708 = AXIS2_PLACEMENT_3D('',#1709,#1710,#1711);
#1709 = CARTESIAN_POINT('',(0.,0.,1.51));
#1710 = DIRECTION('',(0.,0.,1.));
#1711 = DIRECTION('',(1.,0.,-0.));
#1712 = ADVANCED_FACE('',(#1713),#1723,.T.);
#1713 = FACE_BOUND('',#1714,.F.);
#1714 = EDGE_LOOP('',(#1715,#1716,#1717,#1718,#1719,#1720,#1721,#1722));
#1715 = ORIENTED_EDGE('',*,*,#1454,.T.);
#1716 = ORIENTED_EDGE('',*,*,#1487,.T.);
#1717 = ORIENTED_EDGE('',*,*,#1518,.T.);
#1718 = ORIENTED_EDGE('',*,*,#1551,.T.);
#1719 = ORIENTED_EDGE('',*,*,#1582,.T.);
#1720 = ORIENTED_EDGE('',*,*,#1615,.T.);
#1721 = ORIENTED_EDGE('',*,*,#1646,.T.);
#1722 = ORIENTED_EDGE('',*,*,#1679,.T.);
#1723 = PLANE('',#1724);
#1724 = AXIS2_PLACEMENT_3D('',#1725,#1726,#1727);
#1725 = CARTESIAN_POINT('',(0.,0.,1.55));
#1726 = DIRECTION('',(0.,0.,1.));
#1727 = DIRECTION('',(1.,0.,-0.));
#1728 = MANIFOLD_SOLID_BREP('',#1729);
#1729 = CLOSED_SHELL('',(#1730,#1772,#1803,#1836,#1867,#1900,#1931,#1964
    ,#1986,#2002));
#1730 = ADVANCED_FACE('',(#1731),#1767,.T.);
#1731 = FACE_BOUND('',#1732,.T.);
#1732 = EDGE_LOOP('',(#1733,#1743,#1752,#1760));
#1733 = ORIENTED_EDGE('',*,*,#1734,.T.);
#1734 = EDGE_CURVE('',#1735,#1737,#1739,.T.);
#1735 = VERTEX_POINT('',#1736);
#1736 = CARTESIAN_POINT('',(133.4,-110.09,1.51));
#1737 = VERTEX_POINT('',#1738);
#1738 = CARTESIAN_POINT('',(133.4,-110.09,1.55));
#1739 = LINE('',#1740,#1741);
#1740 = CARTESIAN_POINT('',(133.4,-110.09,1.51));
#1741 = VECTOR('',#1742,1.);
#1742 = DIRECTION('',(0.,0.,1.));
#1743 = ORIENTED_EDGE('',*,*,#1744,.T.);
#1744 = EDGE_CURVE('',#1737,#1745,#1747,.T.);
#1745 = VERTEX_POINT('',#1746);
#1746 = CARTESIAN_POINT('',(133.55,-109.94,1.55));
#1747 = CIRCLE('',#1748,0.150000058649);
#1748 = AXIS2_PLACEMENT_3D('',#1749,#1750,#1751);
#1749 = CARTESIAN_POINT('',(133.55000005864,-110.0900000586,1.55));
#1750 = DIRECTION('',(0.,0.,-1.));
#1751 = DIRECTION('',(-1.,3.909955037148E-07,0.));
#1752 = ORIENTED_EDGE('',*,*,#1753,.F.);
#1753 = EDGE_CURVE('',#1754,#1745,#1756,.T.);
#1754 = VERTEX_POINT('',#1755);
#1755 = CARTESIAN_POINT('',(133.55,-109.94,1.51));
#1756 = LINE('',#1757,#1758);
#1757 = CARTESIAN_POINT('',(133.55,-109.94,1.51));
#1758 = VECTOR('',#1759,1.);
#1759 = DIRECTION('',(0.,0.,1.));
#1760 = ORIENTED_EDGE('',*,*,#1761,.F.);
#1761 = EDGE_CURVE('',#1735,#1754,#1762,.T.);
#1762 = CIRCLE('',#1763,0.150000058649);
#1763 = AXIS2_PLACEMENT_3D('',#1764,#1765,#1766);
#1764 = CARTESIAN_POINT('',(133.55000005864,-110.0900000586,1.51));
#1765 = DIRECTION('',(0.,0.,-1.));
#1766 = DIRECTION('',(-1.,3.909955037148E-07,0.));
#1767 = CYLINDRICAL_SURFACE('',#1768,0.150000058649);
#1768 = AXIS2_PLACEMENT_3D('',#1769,#1770,#1771);
#1769 = CARTESIAN_POINT('',(133.55000005864,-110.0900000586,1.51));
#1770 = DIRECTION('',(0.,0.,-1.));
#1771 = DIRECTION('',(-1.,3.909955037148E-07,0.));
#1772 = ADVANCED_FACE('',(#1773),#1798,.T.);
#1773 = FACE_BOUND('',#1774,.T.);
#1774 = EDGE_LOOP('',(#1775,#1776,#1784,#1792));
#1775 = ORIENTED_EDGE('',*,*,#1753,.T.);
#1776 = ORIENTED_EDGE('',*,*,#1777,.T.);
#1777 = EDGE_CURVE('',#1745,#1778,#1780,.T.);
#1778 = VERTEX_POINT('',#1779);
#1779 = CARTESIAN_POINT('',(134.25,-109.94,1.55));
#1780 = LINE('',#1781,#1782);
#1781 = CARTESIAN_POINT('',(133.55,-109.94,1.55));
#1782 = VECTOR('',#1783,1.);
#1783 = DIRECTION('',(1.,0.,0.));
#1784 = ORIENTED_EDGE('',*,*,#1785,.F.);
#1785 = EDGE_CURVE('',#1786,#1778,#1788,.T.);
#1786 = VERTEX_POINT('',#1787);
#1787 = CARTESIAN_POINT('',(134.25,-109.94,1.51));
#1788 = LINE('',#1789,#1790);
#1789 = CARTESIAN_POINT('',(134.25,-109.94,1.51));
#1790 = VECTOR('',#1791,1.);
#1791 = DIRECTION('',(0.,0.,1.));
#1792 = ORIENTED_EDGE('',*,*,#1793,.F.);
#1793 = EDGE_CURVE('',#1754,#1786,#1794,.T.);
#1794 = LINE('',#1795,#1796);
#1795 = CARTESIAN_POINT('',(133.55,-109.94,1.51));
#1796 = VECTOR('',#1797,1.);
#1797 = DIRECTION('',(1.,0.,0.));
#1798 = PLANE('',#1799);
#1799 = AXIS2_PLACEMENT_3D('',#1800,#1801,#1802);
#1800 = CARTESIAN_POINT('',(133.55,-109.94,1.51));
#1801 = DIRECTION('',(0.,1.,0.));
#1802 = DIRECTION('',(1.,0.,0.));
#1803 = ADVANCED_FACE('',(#1804),#1831,.T.);
#1804 = FACE_BOUND('',#1805,.T.);
#1805 = EDGE_LOOP('',(#1806,#1807,#1816,#1824));
#1806 = ORIENTED_EDGE('',*,*,#1785,.T.);
#1807 = ORIENTED_EDGE('',*,*,#1808,.T.);
#1808 = EDGE_CURVE('',#1778,#1809,#1811,.T.);
#1809 = VERTEX_POINT('',#1810);
#1810 = CARTESIAN_POINT('',(134.4,-110.09,1.55));
#1811 = CIRCLE('',#1812,0.150000058649);
#1812 = AXIS2_PLACEMENT_3D('',#1813,#1814,#1815);
#1813 = CARTESIAN_POINT('',(134.24999994135,-110.0900000586,1.55));
#1814 = DIRECTION('',(0.,0.,-1.));
#1815 = DIRECTION('',(3.909955984539E-07,1.,0.));
#1816 = ORIENTED_EDGE('',*,*,#1817,.F.);
#1817 = EDGE_CURVE('',#1818,#1809,#1820,.T.);
#1818 = VERTEX_POINT('',#1819);
#1819 = CARTESIAN_POINT('',(134.4,-110.09,1.51));
#1820 = LINE('',#1821,#1822);
#1821 = CARTESIAN_POINT('',(134.4,-110.09,1.51));
#1822 = VECTOR('',#1823,1.);
#1823 = DIRECTION('',(0.,0.,1.));
#1824 = ORIENTED_EDGE('',*,*,#1825,.F.);
#1825 = EDGE_CURVE('',#1786,#1818,#1826,.T.);
#1826 = CIRCLE('',#1827,0.150000058649);
#1827 = AXIS2_PLACEMENT_3D('',#1828,#1829,#1830);
#1828 = CARTESIAN_POINT('',(134.24999994135,-110.0900000586,1.51));
#1829 = DIRECTION('',(0.,0.,-1.));
#1830 = DIRECTION('',(3.909955984539E-07,1.,0.));
#1831 = CYLINDRICAL_SURFACE('',#1832,0.150000058649);
#1832 = AXIS2_PLACEMENT_3D('',#1833,#1834,#1835);
#1833 = CARTESIAN_POINT('',(134.24999994135,-110.0900000586,1.51));
#1834 = DIRECTION('',(0.,0.,-1.));
#1835 = DIRECTION('',(3.909955984539E-07,1.,0.));
#1836 = ADVANCED_FACE('',(#1837),#1862,.T.);
#1837 = FACE_BOUND('',#1838,.T.);
#1838 = EDGE_LOOP('',(#1839,#1840,#1848,#1856));
#1839 = ORIENTED_EDGE('',*,*,#1817,.T.);
#1840 = ORIENTED_EDGE('',*,*,#1841,.T.);
#1841 = EDGE_CURVE('',#1809,#1842,#1844,.T.);
#1842 = VERTEX_POINT('',#1843);
#1843 = CARTESIAN_POINT('',(134.4,-110.79,1.55));
#1844 = LINE('',#1845,#1846);
#1845 = CARTESIAN_POINT('',(134.4,-110.09,1.55));
#1846 = VECTOR('',#1847,1.);
#1847 = DIRECTION('',(0.,-1.,0.));
#1848 = ORIENTED_EDGE('',*,*,#1849,.F.);
#1849 = EDGE_CURVE('',#1850,#1842,#1852,.T.);
#1850 = VERTEX_POINT('',#1851);
#1851 = CARTESIAN_POINT('',(134.4,-110.79,1.51));
#1852 = LINE('',#1853,#1854);
#1853 = CARTESIAN_POINT('',(134.4,-110.79,1.51));
#1854 = VECTOR('',#1855,1.);
#1855 = DIRECTION('',(0.,0.,1.));
#1856 = ORIENTED_EDGE('',*,*,#1857,.F.);
#1857 = EDGE_CURVE('',#1818,#1850,#1858,.T.);
#1858 = LINE('',#1859,#1860);
#1859 = CARTESIAN_POINT('',(134.4,-110.09,1.51));
#1860 = VECTOR('',#1861,1.);
#1861 = DIRECTION('',(0.,-1.,0.));
#1862 = PLANE('',#1863);
#1863 = AXIS2_PLACEMENT_3D('',#1864,#1865,#1866);
#1864 = CARTESIAN_POINT('',(134.4,-110.09,1.51));
#1865 = DIRECTION('',(1.,0.,-0.));
#1866 = DIRECTION('',(0.,-1.,0.));
#1867 = ADVANCED_FACE('',(#1868),#1895,.T.);
#1868 = FACE_BOUND('',#1869,.T.);
#1869 = EDGE_LOOP('',(#1870,#1871,#1880,#1888));
#1870 = ORIENTED_EDGE('',*,*,#1849,.T.);
#1871 = ORIENTED_EDGE('',*,*,#1872,.T.);
#1872 = EDGE_CURVE('',#1842,#1873,#1875,.T.);
#1873 = VERTEX_POINT('',#1874);
#1874 = CARTESIAN_POINT('',(134.25,-110.94,1.55));
#1875 = CIRCLE('',#1876,0.150000058649);
#1876 = AXIS2_PLACEMENT_3D('',#1877,#1878,#1879);
#1877 = CARTESIAN_POINT('',(134.24999994135,-110.7899999413,1.55));
#1878 = DIRECTION('',(0.,0.,-1.));
#1879 = DIRECTION('',(1.,-3.909955037149E-07,0.));
#1880 = ORIENTED_EDGE('',*,*,#1881,.F.);
#1881 = EDGE_CURVE('',#1882,#1873,#1884,.T.);
#1882 = VERTEX_POINT('',#1883);
#1883 = CARTESIAN_POINT('',(134.25,-110.94,1.51));
#1884 = LINE('',#1885,#1886);
#1885 = CARTESIAN_POINT('',(134.25,-110.94,1.51));
#1886 = VECTOR('',#1887,1.);
#1887 = DIRECTION('',(0.,0.,1.));
#1888 = ORIENTED_EDGE('',*,*,#1889,.F.);
#1889 = EDGE_CURVE('',#1850,#1882,#1890,.T.);
#1890 = CIRCLE('',#1891,0.150000058649);
#1891 = AXIS2_PLACEMENT_3D('',#1892,#1893,#1894);
#1892 = CARTESIAN_POINT('',(134.24999994135,-110.7899999413,1.51));
#1893 = DIRECTION('',(0.,0.,-1.));
#1894 = DIRECTION('',(1.,-3.909955037149E-07,0.));
#1895 = CYLINDRICAL_SURFACE('',#1896,0.150000058649);
#1896 = AXIS2_PLACEMENT_3D('',#1897,#1898,#1899);
#1897 = CARTESIAN_POINT('',(134.24999994135,-110.7899999413,1.51));
#1898 = DIRECTION('',(0.,0.,-1.));
#1899 = DIRECTION('',(1.,-3.909955037149E-07,0.));
#1900 = ADVANCED_FACE('',(#1901),#1926,.T.);
#1901 = FACE_BOUND('',#1902,.T.);
#1902 = EDGE_LOOP('',(#1903,#1904,#1912,#1920));
#1903 = ORIENTED_EDGE('',*,*,#1881,.T.);
#1904 = ORIENTED_EDGE('',*,*,#1905,.T.);
#1905 = EDGE_CURVE('',#1873,#1906,#1908,.T.);
#1906 = VERTEX_POINT('',#1907);
#1907 = CARTESIAN_POINT('',(133.55,-110.94,1.55));
#1908 = LINE('',#1909,#1910);
#1909 = CARTESIAN_POINT('',(134.25,-110.94,1.55));
#1910 = VECTOR('',#1911,1.);
#1911 = DIRECTION('',(-1.,0.,0.));
#1912 = ORIENTED_EDGE('',*,*,#1913,.F.);
#1913 = EDGE_CURVE('',#1914,#1906,#1916,.T.);
#1914 = VERTEX_POINT('',#1915);
#1915 = CARTESIAN_POINT('',(133.55,-110.94,1.51));
#1916 = LINE('',#1917,#1918);
#1917 = CARTESIAN_POINT('',(133.55,-110.94,1.51));
#1918 = VECTOR('',#1919,1.);
#1919 = DIRECTION('',(0.,0.,1.));
#1920 = ORIENTED_EDGE('',*,*,#1921,.F.);
#1921 = EDGE_CURVE('',#1882,#1914,#1922,.T.);
#1922 = LINE('',#1923,#1924);
#1923 = CARTESIAN_POINT('',(134.25,-110.94,1.51));
#1924 = VECTOR('',#1925,1.);
#1925 = DIRECTION('',(-1.,0.,0.));
#1926 = PLANE('',#1927);
#1927 = AXIS2_PLACEMENT_3D('',#1928,#1929,#1930);
#1928 = CARTESIAN_POINT('',(134.25,-110.94,1.51));
#1929 = DIRECTION('',(0.,-1.,0.));
#1930 = DIRECTION('',(-1.,0.,0.));
#1931 = ADVANCED_FACE('',(#1932),#1959,.T.);
#1932 = FACE_BOUND('',#1933,.T.);
#1933 = EDGE_LOOP('',(#1934,#1935,#1944,#1952));
#1934 = ORIENTED_EDGE('',*,*,#1913,.T.);
#1935 = ORIENTED_EDGE('',*,*,#1936,.T.);
#1936 = EDGE_CURVE('',#1906,#1937,#1939,.T.);
#1937 = VERTEX_POINT('',#1938);
#1938 = CARTESIAN_POINT('',(133.4,-110.79,1.55));
#1939 = CIRCLE('',#1940,0.150000058649);
#1940 = AXIS2_PLACEMENT_3D('',#1941,#1942,#1943);
#1941 = CARTESIAN_POINT('',(133.55000005864,-110.7899999413,1.55));
#1942 = DIRECTION('',(0.,0.,-1.));
#1943 = DIRECTION('',(-3.909954089759E-07,-1.,-0.));
#1944 = ORIENTED_EDGE('',*,*,#1945,.F.);
#1945 = EDGE_CURVE('',#1946,#1937,#1948,.T.);
#1946 = VERTEX_POINT('',#1947);
#1947 = CARTESIAN_POINT('',(133.4,-110.79,1.51));
#1948 = LINE('',#1949,#1950);
#1949 = CARTESIAN_POINT('',(133.4,-110.79,1.51));
#1950 = VECTOR('',#1951,1.);
#1951 = DIRECTION('',(0.,0.,1.));
#1952 = ORIENTED_EDGE('',*,*,#1953,.F.);
#1953 = EDGE_CURVE('',#1914,#1946,#1954,.T.);
#1954 = CIRCLE('',#1955,0.150000058649);
#1955 = AXIS2_PLACEMENT_3D('',#1956,#1957,#1958);
#1956 = CARTESIAN_POINT('',(133.55000005864,-110.7899999413,1.51));
#1957 = DIRECTION('',(0.,0.,-1.));
#1958 = DIRECTION('',(-3.909954089759E-07,-1.,-0.));
#1959 = CYLINDRICAL_SURFACE('',#1960,0.150000058649);
#1960 = AXIS2_PLACEMENT_3D('',#1961,#1962,#1963);
#1961 = CARTESIAN_POINT('',(133.55000005864,-110.7899999413,1.51));
#1962 = DIRECTION('',(0.,0.,-1.));
#1963 = DIRECTION('',(-3.909954089759E-07,-1.,-0.));
#1964 = ADVANCED_FACE('',(#1965),#1981,.T.);
#1965 = FACE_BOUND('',#1966,.T.);
#1966 = EDGE_LOOP('',(#1967,#1968,#1974,#1975));
#1967 = ORIENTED_EDGE('',*,*,#1945,.T.);
#1968 = ORIENTED_EDGE('',*,*,#1969,.T.);
#1969 = EDGE_CURVE('',#1937,#1737,#1970,.T.);
#1970 = LINE('',#1971,#1972);
#1971 = CARTESIAN_POINT('',(133.4,-110.79,1.55));
#1972 = VECTOR('',#1973,1.);
#1973 = DIRECTION('',(0.,1.,0.));
#1974 = ORIENTED_EDGE('',*,*,#1734,.F.);
#1975 = ORIENTED_EDGE('',*,*,#1976,.F.);
#1976 = EDGE_CURVE('',#1946,#1735,#1977,.T.);
#1977 = LINE('',#1978,#1979);
#1978 = CARTESIAN_POINT('',(133.4,-110.79,1.51));
#1979 = VECTOR('',#1980,1.);
#1980 = DIRECTION('',(0.,1.,0.));
#1981 = PLANE('',#1982);
#1982 = AXIS2_PLACEMENT_3D('',#1983,#1984,#1985);
#1983 = CARTESIAN_POINT('',(133.4,-110.79,1.51));
#1984 = DIRECTION('',(-1.,0.,0.));
#1985 = DIRECTION('',(0.,1.,0.));
#1986 = ADVANCED_FACE('',(#1987),#1997,.F.);
#1987 = FACE_BOUND('',#1988,.T.);
#1988 = EDGE_LOOP('',(#1989,#1990,#1991,#1992,#1993,#1994,#1995,#1996));
#1989 = ORIENTED_EDGE('',*,*,#1761,.T.);
#1990 = ORIENTED_EDGE('',*,*,#1793,.T.);
#1991 = ORIENTED_EDGE('',*,*,#1825,.T.);
#1992 = ORIENTED_EDGE('',*,*,#1857,.T.);
#1993 = ORIENTED_EDGE('',*,*,#1889,.T.);
#1994 = ORIENTED_EDGE('',*,*,#1921,.T.);
#1995 = ORIENTED_EDGE('',*,*,#1953,.T.);
#1996 = ORIENTED_EDGE('',*,*,#1976,.T.);
#1997 = PLANE('',#1998);
#1998 = AXIS2_PLACEMENT_3D('',#1999,#2000,#2001);
#1999 = CARTESIAN_POINT('',(0.,0.,1.51));
#2000 = DIRECTION('',(0.,0.,1.));
#2001 = DIRECTION('',(1.,0.,-0.));
#2002 = ADVANCED_FACE('',(#2003),#2013,.T.);
#2003 = FACE_BOUND('',#2004,.F.);
#2004 = EDGE_LOOP('',(#2005,#2006,#2007,#2008,#2009,#2010,#2011,#2012));
#2005 = ORIENTED_EDGE('',*,*,#1744,.T.);
#2006 = ORIENTED_EDGE('',*,*,#1777,.T.);
#2007 = ORIENTED_EDGE('',*,*,#1808,.T.);
#2008 = ORIENTED_EDGE('',*,*,#1841,.T.);
#2009 = ORIENTED_EDGE('',*,*,#1872,.T.);
#2010 = ORIENTED_EDGE('',*,*,#1905,.T.);
#2011 = ORIENTED_EDGE('',*,*,#1936,.T.);
#2012 = ORIENTED_EDGE('',*,*,#1969,.T.);
#2013 = PLANE('',#2014);
#2014 = AXIS2_PLACEMENT_3D('',#2015,#2016,#2017);
#2015 = CARTESIAN_POINT('',(0.,0.,1.55));
#2016 = DIRECTION('',(0.,0.,1.));
#2017 = DIRECTION('',(1.,0.,-0.));
#2018 = MANIFOLD_SOLID_BREP('',#2019);
#2019 = CLOSED_SHELL('',(#2020,#2062,#2093,#2126,#2157,#2190,#2221,#2254
    ,#2276,#2292));
#2020 = ADVANCED_FACE('',(#2021),#2057,.T.);
#2021 = FACE_BOUND('',#2022,.T.);
#2022 = EDGE_LOOP('',(#2023,#2033,#2042,#2050));
#2023 = ORIENTED_EDGE('',*,*,#2024,.T.);
#2024 = EDGE_CURVE('',#2025,#2027,#2029,.T.);
#2025 = VERTEX_POINT('',#2026);
#2026 = CARTESIAN_POINT('',(115.84,-108.205,1.51));
#2027 = VERTEX_POINT('',#2028);
#2028 = CARTESIAN_POINT('',(115.84,-108.205,1.55));
#2029 = LINE('',#2030,#2031);
#2030 = CARTESIAN_POINT('',(115.84,-108.205,1.51));
#2031 = VECTOR('',#2032,1.);
#2032 = DIRECTION('',(0.,0.,1.));
#2033 = ORIENTED_EDGE('',*,*,#2034,.T.);
#2034 = EDGE_CURVE('',#2027,#2035,#2037,.T.);
#2035 = VERTEX_POINT('',#2036);
#2036 = CARTESIAN_POINT('',(116.065,-107.98,1.55));
#2037 = CIRCLE('',#2038,0.225000087974);
#2038 = AXIS2_PLACEMENT_3D('',#2039,#2040,#2041);
#2039 = CARTESIAN_POINT('',(116.06500008797,-108.2050000879,1.55));
#2040 = DIRECTION('',(0.,0.,-1.));
#2041 = DIRECTION('',(-1.,3.909953458166E-07,0.));
#2042 = ORIENTED_EDGE('',*,*,#2043,.F.);
#2043 = EDGE_CURVE('',#2044,#2035,#2046,.T.);
#2044 = VERTEX_POINT('',#2045);
#2045 = CARTESIAN_POINT('',(116.065,-107.98,1.51));
#2046 = LINE('',#2047,#2048);
#2047 = CARTESIAN_POINT('',(116.065,-107.98,1.51));
#2048 = VECTOR('',#2049,1.);
#2049 = DIRECTION('',(0.,0.,1.));
#2050 = ORIENTED_EDGE('',*,*,#2051,.F.);
#2051 = EDGE_CURVE('',#2025,#2044,#2052,.T.);
#2052 = CIRCLE('',#2053,0.225000087974);
#2053 = AXIS2_PLACEMENT_3D('',#2054,#2055,#2056);
#2054 = CARTESIAN_POINT('',(116.06500008797,-108.2050000879,1.51));
#2055 = DIRECTION('',(0.,0.,-1.));
#2056 = DIRECTION('',(-1.,3.909953458166E-07,0.));
#2057 = CYLINDRICAL_SURFACE('',#2058,0.225000087974);
#2058 = AXIS2_PLACEMENT_3D('',#2059,#2060,#2061);
#2059 = CARTESIAN_POINT('',(116.06500008797,-108.2050000879,1.51));
#2060 = DIRECTION('',(0.,0.,-1.));
#2061 = DIRECTION('',(-1.,3.909953458166E-07,0.));
#2062 = ADVANCED_FACE('',(#2063),#2088,.T.);
#2063 = FACE_BOUND('',#2064,.T.);
#2064 = EDGE_LOOP('',(#2065,#2066,#2074,#2082));
#2065 = ORIENTED_EDGE('',*,*,#2043,.T.);
#2066 = ORIENTED_EDGE('',*,*,#2067,.T.);
#2067 = EDGE_CURVE('',#2035,#2068,#2070,.T.);
#2068 = VERTEX_POINT('',#2069);
#2069 = CARTESIAN_POINT('',(117.115,-107.98,1.55));
#2070 = LINE('',#2071,#2072);
#2071 = CARTESIAN_POINT('',(116.065,-107.98,1.55));
#2072 = VECTOR('',#2073,1.);
#2073 = DIRECTION('',(1.,0.,0.));
#2074 = ORIENTED_EDGE('',*,*,#2075,.F.);
#2075 = EDGE_CURVE('',#2076,#2068,#2078,.T.);
#2076 = VERTEX_POINT('',#2077);
#2077 = CARTESIAN_POINT('',(117.115,-107.98,1.51));
#2078 = LINE('',#2079,#2080);
#2079 = CARTESIAN_POINT('',(117.115,-107.98,1.51));
#2080 = VECTOR('',#2081,1.);
#2081 = DIRECTION('',(0.,0.,1.));
#2082 = ORIENTED_EDGE('',*,*,#2083,.F.);
#2083 = EDGE_CURVE('',#2044,#2076,#2084,.T.);
#2084 = LINE('',#2085,#2086);
#2085 = CARTESIAN_POINT('',(116.065,-107.98,1.51));
#2086 = VECTOR('',#2087,1.);
#2087 = DIRECTION('',(1.,0.,0.));
#2088 = PLANE('',#2089);
#2089 = AXIS2_PLACEMENT_3D('',#2090,#2091,#2092);
#2090 = CARTESIAN_POINT('',(116.065,-107.98,1.51));
#2091 = DIRECTION('',(0.,1.,0.));
#2092 = DIRECTION('',(1.,0.,0.));
#2093 = ADVANCED_FACE('',(#2094),#2121,.T.);
#2094 = FACE_BOUND('',#2095,.T.);
#2095 = EDGE_LOOP('',(#2096,#2097,#2106,#2114));
#2096 = ORIENTED_EDGE('',*,*,#2075,.T.);
#2097 = ORIENTED_EDGE('',*,*,#2098,.T.);
#2098 = EDGE_CURVE('',#2068,#2099,#2101,.T.);
#2099 = VERTEX_POINT('',#2100);
#2100 = CARTESIAN_POINT('',(117.34,-108.205,1.55));
#2101 = CIRCLE('',#2102,0.225000087974);
#2102 = AXIS2_PLACEMENT_3D('',#2103,#2104,#2105);
#2103 = CARTESIAN_POINT('',(117.11499991202,-108.2050000879,1.55));
#2104 = DIRECTION('',(0.,0.,-1.));
#2105 = DIRECTION('',(3.909952826573E-07,1.,0.));
#2106 = ORIENTED_EDGE('',*,*,#2107,.F.);
#2107 = EDGE_CURVE('',#2108,#2099,#2110,.T.);
#2108 = VERTEX_POINT('',#2109);
#2109 = CARTESIAN_POINT('',(117.34,-108.205,1.51));
#2110 = LINE('',#2111,#2112);
#2111 = CARTESIAN_POINT('',(117.34,-108.205,1.51));
#2112 = VECTOR('',#2113,1.);
#2113 = DIRECTION('',(0.,0.,1.));
#2114 = ORIENTED_EDGE('',*,*,#2115,.F.);
#2115 = EDGE_CURVE('',#2076,#2108,#2116,.T.);
#2116 = CIRCLE('',#2117,0.225000087974);
#2117 = AXIS2_PLACEMENT_3D('',#2118,#2119,#2120);
#2118 = CARTESIAN_POINT('',(117.11499991202,-108.2050000879,1.51));
#2119 = DIRECTION('',(0.,0.,-1.));
#2120 = DIRECTION('',(3.909952826573E-07,1.,0.));
#2121 = CYLINDRICAL_SURFACE('',#2122,0.225000087974);
#2122 = AXIS2_PLACEMENT_3D('',#2123,#2124,#2125);
#2123 = CARTESIAN_POINT('',(117.11499991202,-108.2050000879,1.51));
#2124 = DIRECTION('',(0.,0.,-1.));
#2125 = DIRECTION('',(3.909952826573E-07,1.,0.));
#2126 = ADVANCED_FACE('',(#2127),#2152,.T.);
#2127 = FACE_BOUND('',#2128,.T.);
#2128 = EDGE_LOOP('',(#2129,#2130,#2138,#2146));
#2129 = ORIENTED_EDGE('',*,*,#2107,.T.);
#2130 = ORIENTED_EDGE('',*,*,#2131,.T.);
#2131 = EDGE_CURVE('',#2099,#2132,#2134,.T.);
#2132 = VERTEX_POINT('',#2133);
#2133 = CARTESIAN_POINT('',(117.34,-110.755,1.55));
#2134 = LINE('',#2135,#2136);
#2135 = CARTESIAN_POINT('',(117.34,-108.205,1.55));
#2136 = VECTOR('',#2137,1.);
#2137 = DIRECTION('',(0.,-1.,0.));
#2138 = ORIENTED_EDGE('',*,*,#2139,.F.);
#2139 = EDGE_CURVE('',#2140,#2132,#2142,.T.);
#2140 = VERTEX_POINT('',#2141);
#2141 = CARTESIAN_POINT('',(117.34,-110.755,1.51));
#2142 = LINE('',#2143,#2144);
#2143 = CARTESIAN_POINT('',(117.34,-110.755,1.51));
#2144 = VECTOR('',#2145,1.);
#2145 = DIRECTION('',(0.,0.,1.));
#2146 = ORIENTED_EDGE('',*,*,#2147,.F.);
#2147 = EDGE_CURVE('',#2108,#2140,#2148,.T.);
#2148 = LINE('',#2149,#2150);
#2149 = CARTESIAN_POINT('',(117.34,-108.205,1.51));
#2150 = VECTOR('',#2151,1.);
#2151 = DIRECTION('',(0.,-1.,0.));
#2152 = PLANE('',#2153);
#2153 = AXIS2_PLACEMENT_3D('',#2154,#2155,#2156);
#2154 = CARTESIAN_POINT('',(117.34,-108.205,1.51));
#2155 = DIRECTION('',(1.,0.,-0.));
#2156 = DIRECTION('',(0.,-1.,0.));
#2157 = ADVANCED_FACE('',(#2158),#2185,.T.);
#2158 = FACE_BOUND('',#2159,.T.);
#2159 = EDGE_LOOP('',(#2160,#2161,#2170,#2178));
#2160 = ORIENTED_EDGE('',*,*,#2139,.T.);
#2161 = ORIENTED_EDGE('',*,*,#2162,.T.);
#2162 = EDGE_CURVE('',#2132,#2163,#2165,.T.);
#2163 = VERTEX_POINT('',#2164);
#2164 = CARTESIAN_POINT('',(117.115,-110.98,1.55));
#2165 = CIRCLE('',#2166,0.225000087974);
#2166 = AXIS2_PLACEMENT_3D('',#2167,#2168,#2169);
#2167 = CARTESIAN_POINT('',(117.11499991202,-110.754999912,1.55));
#2168 = DIRECTION('',(0.,0.,-1.));
#2169 = DIRECTION('',(1.,-3.909954089759E-07,0.));
#2170 = ORIENTED_EDGE('',*,*,#2171,.F.);
#2171 = EDGE_CURVE('',#2172,#2163,#2174,.T.);
#2172 = VERTEX_POINT('',#2173);
#2173 = CARTESIAN_POINT('',(117.115,-110.98,1.51));
#2174 = LINE('',#2175,#2176);
#2175 = CARTESIAN_POINT('',(117.115,-110.98,1.51));
#2176 = VECTOR('',#2177,1.);
#2177 = DIRECTION('',(0.,0.,1.));
#2178 = ORIENTED_EDGE('',*,*,#2179,.F.);
#2179 = EDGE_CURVE('',#2140,#2172,#2180,.T.);
#2180 = CIRCLE('',#2181,0.225000087974);
#2181 = AXIS2_PLACEMENT_3D('',#2182,#2183,#2184);
#2182 = CARTESIAN_POINT('',(117.11499991202,-110.754999912,1.51));
#2183 = DIRECTION('',(0.,0.,-1.));
#2184 = DIRECTION('',(1.,-3.909954089759E-07,0.));
#2185 = CYLINDRICAL_SURFACE('',#2186,0.225000087974);
#2186 = AXIS2_PLACEMENT_3D('',#2187,#2188,#2189);
#2187 = CARTESIAN_POINT('',(117.11499991202,-110.754999912,1.51));
#2188 = DIRECTION('',(0.,0.,-1.));
#2189 = DIRECTION('',(1.,-3.909954089759E-07,0.));
#2190 = ADVANCED_FACE('',(#2191),#2216,.T.);
#2191 = FACE_BOUND('',#2192,.T.);
#2192 = EDGE_LOOP('',(#2193,#2194,#2202,#2210));
#2193 = ORIENTED_EDGE('',*,*,#2171,.T.);
#2194 = ORIENTED_EDGE('',*,*,#2195,.T.);
#2195 = EDGE_CURVE('',#2163,#2196,#2198,.T.);
#2196 = VERTEX_POINT('',#2197);
#2197 = CARTESIAN_POINT('',(116.065,-110.98,1.55));
#2198 = LINE('',#2199,#2200);
#2199 = CARTESIAN_POINT('',(117.115,-110.98,1.55));
#2200 = VECTOR('',#2201,1.);
#2201 = DIRECTION('',(-1.,0.,0.));
#2202 = ORIENTED_EDGE('',*,*,#2203,.F.);
#2203 = EDGE_CURVE('',#2204,#2196,#2206,.T.);
#2204 = VERTEX_POINT('',#2205);
#2205 = CARTESIAN_POINT('',(116.065,-110.98,1.51));
#2206 = LINE('',#2207,#2208);
#2207 = CARTESIAN_POINT('',(116.065,-110.98,1.51));
#2208 = VECTOR('',#2209,1.);
#2209 = DIRECTION('',(0.,0.,1.));
#2210 = ORIENTED_EDGE('',*,*,#2211,.F.);
#2211 = EDGE_CURVE('',#2172,#2204,#2212,.T.);
#2212 = LINE('',#2213,#2214);
#2213 = CARTESIAN_POINT('',(117.115,-110.98,1.51));
#2214 = VECTOR('',#2215,1.);
#2215 = DIRECTION('',(-1.,0.,0.));
#2216 = PLANE('',#2217);
#2217 = AXIS2_PLACEMENT_3D('',#2218,#2219,#2220);
#2218 = CARTESIAN_POINT('',(117.115,-110.98,1.51));
#2219 = DIRECTION('',(0.,-1.,0.));
#2220 = DIRECTION('',(-1.,0.,0.));
#2221 = ADVANCED_FACE('',(#2222),#2249,.T.);
#2222 = FACE_BOUND('',#2223,.T.);
#2223 = EDGE_LOOP('',(#2224,#2225,#2234,#2242));
#2224 = ORIENTED_EDGE('',*,*,#2203,.T.);
#2225 = ORIENTED_EDGE('',*,*,#2226,.T.);
#2226 = EDGE_CURVE('',#2196,#2227,#2229,.T.);
#2227 = VERTEX_POINT('',#2228);
#2228 = CARTESIAN_POINT('',(115.84,-110.755,1.55));
#2229 = CIRCLE('',#2230,0.225000087974);
#2230 = AXIS2_PLACEMENT_3D('',#2231,#2232,#2233);
#2231 = CARTESIAN_POINT('',(116.06500008797,-110.754999912,1.55));
#2232 = DIRECTION('',(0.,0.,-1.));
#2233 = DIRECTION('',(-3.909954089759E-07,-1.,-0.));
#2234 = ORIENTED_EDGE('',*,*,#2235,.F.);
#2235 = EDGE_CURVE('',#2236,#2227,#2238,.T.);
#2236 = VERTEX_POINT('',#2237);
#2237 = CARTESIAN_POINT('',(115.84,-110.755,1.51));
#2238 = LINE('',#2239,#2240);
#2239 = CARTESIAN_POINT('',(115.84,-110.755,1.51));
#2240 = VECTOR('',#2241,1.);
#2241 = DIRECTION('',(0.,0.,1.));
#2242 = ORIENTED_EDGE('',*,*,#2243,.F.);
#2243 = EDGE_CURVE('',#2204,#2236,#2244,.T.);
#2244 = CIRCLE('',#2245,0.225000087974);
#2245 = AXIS2_PLACEMENT_3D('',#2246,#2247,#2248);
#2246 = CARTESIAN_POINT('',(116.06500008797,-110.754999912,1.51));
#2247 = DIRECTION('',(0.,0.,-1.));
#2248 = DIRECTION('',(-3.909954089759E-07,-1.,-0.));
#2249 = CYLINDRICAL_SURFACE('',#2250,0.225000087974);
#2250 = AXIS2_PLACEMENT_3D('',#2251,#2252,#2253);
#2251 = CARTESIAN_POINT('',(116.06500008797,-110.754999912,1.51));
#2252 = DIRECTION('',(0.,0.,-1.));
#2253 = DIRECTION('',(-3.909954089759E-07,-1.,-0.));
#2254 = ADVANCED_FACE('',(#2255),#2271,.T.);
#2255 = FACE_BOUND('',#2256,.T.);
#2256 = EDGE_LOOP('',(#2257,#2258,#2264,#2265));
#2257 = ORIENTED_EDGE('',*,*,#2235,.T.);
#2258 = ORIENTED_EDGE('',*,*,#2259,.T.);
#2259 = EDGE_CURVE('',#2227,#2027,#2260,.T.);
#2260 = LINE('',#2261,#2262);
#2261 = CARTESIAN_POINT('',(115.84,-110.755,1.55));
#2262 = VECTOR('',#2263,1.);
#2263 = DIRECTION('',(0.,1.,0.));
#2264 = ORIENTED_EDGE('',*,*,#2024,.F.);
#2265 = ORIENTED_EDGE('',*,*,#2266,.F.);
#2266 = EDGE_CURVE('',#2236,#2025,#2267,.T.);
#2267 = LINE('',#2268,#2269);
#2268 = CARTESIAN_POINT('',(115.84,-110.755,1.51));
#2269 = VECTOR('',#2270,1.);
#2270 = DIRECTION('',(0.,1.,0.));
#2271 = PLANE('',#2272);
#2272 = AXIS2_PLACEMENT_3D('',#2273,#2274,#2275);
#2273 = CARTESIAN_POINT('',(115.84,-110.755,1.51));
#2274 = DIRECTION('',(-1.,0.,0.));
#2275 = DIRECTION('',(0.,1.,0.));
#2276 = ADVANCED_FACE('',(#2277),#2287,.F.);
#2277 = FACE_BOUND('',#2278,.T.);
#2278 = EDGE_LOOP('',(#2279,#2280,#2281,#2282,#2283,#2284,#2285,#2286));
#2279 = ORIENTED_EDGE('',*,*,#2051,.T.);
#2280 = ORIENTED_EDGE('',*,*,#2083,.T.);
#2281 = ORIENTED_EDGE('',*,*,#2115,.T.);
#2282 = ORIENTED_EDGE('',*,*,#2147,.T.);
#2283 = ORIENTED_EDGE('',*,*,#2179,.T.);
#2284 = ORIENTED_EDGE('',*,*,#2211,.T.);
#2285 = ORIENTED_EDGE('',*,*,#2243,.T.);
#2286 = ORIENTED_EDGE('',*,*,#2266,.T.);
#2287 = PLANE('',#2288);
#2288 = AXIS2_PLACEMENT_3D('',#2289,#2290,#2291);
#2289 = CARTESIAN_POINT('',(0.,0.,1.51));
#2290 = DIRECTION('',(0.,0.,1.));
#2291 = DIRECTION('',(1.,0.,-0.));
#2292 = ADVANCED_FACE('',(#2293),#2303,.T.);
#2293 = FACE_BOUND('',#2294,.F.);
#2294 = EDGE_LOOP('',(#2295,#2296,#2297,#2298,#2299,#2300,#2301,#2302));
#2295 = ORIENTED_EDGE('',*,*,#2034,.T.);
#2296 = ORIENTED_EDGE('',*,*,#2067,.T.);
#2297 = ORIENTED_EDGE('',*,*,#2098,.T.);
#2298 = ORIENTED_EDGE('',*,*,#2131,.T.);
#2299 = ORIENTED_EDGE('',*,*,#2162,.T.);
#2300 = ORIENTED_EDGE('',*,*,#2195,.T.);
#2301 = ORIENTED_EDGE('',*,*,#2226,.T.);
#2302 = ORIENTED_EDGE('',*,*,#2259,.T.);
#2303 = PLANE('',#2304);
#2304 = AXIS2_PLACEMENT_3D('',#2305,#2306,#2307);
#2305 = CARTESIAN_POINT('',(0.,0.,1.55));
#2306 = DIRECTION('',(0.,0.,1.));
#2307 = DIRECTION('',(1.,0.,-0.));
#2308 = MANIFOLD_SOLID_BREP('',#2309);
#2309 = CLOSED_SHELL('',(#2310,#2352,#2383,#2416,#2447,#2480,#2511,#2544
    ,#2566,#2582));
#2310 = ADVANCED_FACE('',(#2311),#2347,.T.);
#2311 = FACE_BOUND('',#2312,.T.);
#2312 = EDGE_LOOP('',(#2313,#2323,#2332,#2340));
#2313 = ORIENTED_EDGE('',*,*,#2314,.T.);
#2314 = EDGE_CURVE('',#2315,#2317,#2319,.T.);
#2315 = VERTEX_POINT('',#2316);
#2316 = CARTESIAN_POINT('',(117.84,-108.205,1.51));
#2317 = VERTEX_POINT('',#2318);
#2318 = CARTESIAN_POINT('',(117.84,-108.205,1.55));
#2319 = LINE('',#2320,#2321);
#2320 = CARTESIAN_POINT('',(117.84,-108.205,1.51));
#2321 = VECTOR('',#2322,1.);
#2322 = DIRECTION('',(0.,0.,1.));
#2323 = ORIENTED_EDGE('',*,*,#2324,.T.);
#2324 = EDGE_CURVE('',#2317,#2325,#2327,.T.);
#2325 = VERTEX_POINT('',#2326);
#2326 = CARTESIAN_POINT('',(118.065,-107.98,1.55));
#2327 = CIRCLE('',#2328,0.225000087974);
#2328 = AXIS2_PLACEMENT_3D('',#2329,#2330,#2331);
#2329 = CARTESIAN_POINT('',(118.06500008797,-108.2050000879,1.55));
#2330 = DIRECTION('',(0.,0.,-1.));
#2331 = DIRECTION('',(-1.,3.909953458166E-07,0.));
#2332 = ORIENTED_EDGE('',*,*,#2333,.F.);
#2333 = EDGE_CURVE('',#2334,#2325,#2336,.T.);
#2334 = VERTEX_POINT('',#2335);
#2335 = CARTESIAN_POINT('',(118.065,-107.98,1.51));
#2336 = LINE('',#2337,#2338);
#2337 = CARTESIAN_POINT('',(118.065,-107.98,1.51));
#2338 = VECTOR('',#2339,1.);
#2339 = DIRECTION('',(0.,0.,1.));
#2340 = ORIENTED_EDGE('',*,*,#2341,.F.);
#2341 = EDGE_CURVE('',#2315,#2334,#2342,.T.);
#2342 = CIRCLE('',#2343,0.225000087974);
#2343 = AXIS2_PLACEMENT_3D('',#2344,#2345,#2346);
#2344 = CARTESIAN_POINT('',(118.06500008797,-108.2050000879,1.51));
#2345 = DIRECTION('',(0.,0.,-1.));
#2346 = DIRECTION('',(-1.,3.909953458166E-07,0.));
#2347 = CYLINDRICAL_SURFACE('',#2348,0.225000087974);
#2348 = AXIS2_PLACEMENT_3D('',#2349,#2350,#2351);
#2349 = CARTESIAN_POINT('',(118.06500008797,-108.2050000879,1.51));
#2350 = DIRECTION('',(0.,0.,-1.));
#2351 = DIRECTION('',(-1.,3.909953458166E-07,0.));
#2352 = ADVANCED_FACE('',(#2353),#2378,.T.);
#2353 = FACE_BOUND('',#2354,.T.);
#2354 = EDGE_LOOP('',(#2355,#2356,#2364,#2372));
#2355 = ORIENTED_EDGE('',*,*,#2333,.T.);
#2356 = ORIENTED_EDGE('',*,*,#2357,.T.);
#2357 = EDGE_CURVE('',#2325,#2358,#2360,.T.);
#2358 = VERTEX_POINT('',#2359);
#2359 = CARTESIAN_POINT('',(119.115,-107.98,1.55));
#2360 = LINE('',#2361,#2362);
#2361 = CARTESIAN_POINT('',(118.065,-107.98,1.55));
#2362 = VECTOR('',#2363,1.);
#2363 = DIRECTION('',(1.,0.,0.));
#2364 = ORIENTED_EDGE('',*,*,#2365,.F.);
#2365 = EDGE_CURVE('',#2366,#2358,#2368,.T.);
#2366 = VERTEX_POINT('',#2367);
#2367 = CARTESIAN_POINT('',(119.115,-107.98,1.51));
#2368 = LINE('',#2369,#2370);
#2369 = CARTESIAN_POINT('',(119.115,-107.98,1.51));
#2370 = VECTOR('',#2371,1.);
#2371 = DIRECTION('',(0.,0.,1.));
#2372 = ORIENTED_EDGE('',*,*,#2373,.F.);
#2373 = EDGE_CURVE('',#2334,#2366,#2374,.T.);
#2374 = LINE('',#2375,#2376);
#2375 = CARTESIAN_POINT('',(118.065,-107.98,1.51));
#2376 = VECTOR('',#2377,1.);
#2377 = DIRECTION('',(1.,0.,0.));
#2378 = PLANE('',#2379);
#2379 = AXIS2_PLACEMENT_3D('',#2380,#2381,#2382);
#2380 = CARTESIAN_POINT('',(118.065,-107.98,1.51));
#2381 = DIRECTION('',(0.,1.,0.));
#2382 = DIRECTION('',(1.,0.,0.));
#2383 = ADVANCED_FACE('',(#2384),#2411,.T.);
#2384 = FACE_BOUND('',#2385,.T.);
#2385 = EDGE_LOOP('',(#2386,#2387,#2396,#2404));
#2386 = ORIENTED_EDGE('',*,*,#2365,.T.);
#2387 = ORIENTED_EDGE('',*,*,#2388,.T.);
#2388 = EDGE_CURVE('',#2358,#2389,#2391,.T.);
#2389 = VERTEX_POINT('',#2390);
#2390 = CARTESIAN_POINT('',(119.34,-108.205,1.55));
#2391 = CIRCLE('',#2392,0.225000087974);
#2392 = AXIS2_PLACEMENT_3D('',#2393,#2394,#2395);
#2393 = CARTESIAN_POINT('',(119.11499991202,-108.2050000879,1.55));
#2394 = DIRECTION('',(0.,0.,-1.));
#2395 = DIRECTION('',(3.909952826573E-07,1.,0.));
#2396 = ORIENTED_EDGE('',*,*,#2397,.F.);
#2397 = EDGE_CURVE('',#2398,#2389,#2400,.T.);
#2398 = VERTEX_POINT('',#2399);
#2399 = CARTESIAN_POINT('',(119.34,-108.205,1.51));
#2400 = LINE('',#2401,#2402);
#2401 = CARTESIAN_POINT('',(119.34,-108.205,1.51));
#2402 = VECTOR('',#2403,1.);
#2403 = DIRECTION('',(0.,0.,1.));
#2404 = ORIENTED_EDGE('',*,*,#2405,.F.);
#2405 = EDGE_CURVE('',#2366,#2398,#2406,.T.);
#2406 = CIRCLE('',#2407,0.225000087974);
#2407 = AXIS2_PLACEMENT_3D('',#2408,#2409,#2410);
#2408 = CARTESIAN_POINT('',(119.11499991202,-108.2050000879,1.51));
#2409 = DIRECTION('',(0.,0.,-1.));
#2410 = DIRECTION('',(3.909952826573E-07,1.,0.));
#2411 = CYLINDRICAL_SURFACE('',#2412,0.225000087974);
#2412 = AXIS2_PLACEMENT_3D('',#2413,#2414,#2415);
#2413 = CARTESIAN_POINT('',(119.11499991202,-108.2050000879,1.51));
#2414 = DIRECTION('',(0.,0.,-1.));
#2415 = DIRECTION('',(3.909952826573E-07,1.,0.));
#2416 = ADVANCED_FACE('',(#2417),#2442,.T.);
#2417 = FACE_BOUND('',#2418,.T.);
#2418 = EDGE_LOOP('',(#2419,#2420,#2428,#2436));
#2419 = ORIENTED_EDGE('',*,*,#2397,.T.);
#2420 = ORIENTED_EDGE('',*,*,#2421,.T.);
#2421 = EDGE_CURVE('',#2389,#2422,#2424,.T.);
#2422 = VERTEX_POINT('',#2423);
#2423 = CARTESIAN_POINT('',(119.34,-110.755,1.55));
#2424 = LINE('',#2425,#2426);
#2425 = CARTESIAN_POINT('',(119.34,-108.205,1.55));
#2426 = VECTOR('',#2427,1.);
#2427 = DIRECTION('',(0.,-1.,0.));
#2428 = ORIENTED_EDGE('',*,*,#2429,.F.);
#2429 = EDGE_CURVE('',#2430,#2422,#2432,.T.);
#2430 = VERTEX_POINT('',#2431);
#2431 = CARTESIAN_POINT('',(119.34,-110.755,1.51));
#2432 = LINE('',#2433,#2434);
#2433 = CARTESIAN_POINT('',(119.34,-110.755,1.51));
#2434 = VECTOR('',#2435,1.);
#2435 = DIRECTION('',(0.,0.,1.));
#2436 = ORIENTED_EDGE('',*,*,#2437,.F.);
#2437 = EDGE_CURVE('',#2398,#2430,#2438,.T.);
#2438 = LINE('',#2439,#2440);
#2439 = CARTESIAN_POINT('',(119.34,-108.205,1.51));
#2440 = VECTOR('',#2441,1.);
#2441 = DIRECTION('',(0.,-1.,0.));
#2442 = PLANE('',#2443);
#2443 = AXIS2_PLACEMENT_3D('',#2444,#2445,#2446);
#2444 = CARTESIAN_POINT('',(119.34,-108.205,1.51));
#2445 = DIRECTION('',(1.,0.,-0.));
#2446 = DIRECTION('',(0.,-1.,0.));
#2447 = ADVANCED_FACE('',(#2448),#2475,.T.);
#2448 = FACE_BOUND('',#2449,.T.);
#2449 = EDGE_LOOP('',(#2450,#2451,#2460,#2468));
#2450 = ORIENTED_EDGE('',*,*,#2429,.T.);
#2451 = ORIENTED_EDGE('',*,*,#2452,.T.);
#2452 = EDGE_CURVE('',#2422,#2453,#2455,.T.);
#2453 = VERTEX_POINT('',#2454);
#2454 = CARTESIAN_POINT('',(119.115,-110.98,1.55));
#2455 = CIRCLE('',#2456,0.225000087974);
#2456 = AXIS2_PLACEMENT_3D('',#2457,#2458,#2459);
#2457 = CARTESIAN_POINT('',(119.11499991202,-110.754999912,1.55));
#2458 = DIRECTION('',(0.,0.,-1.));
#2459 = DIRECTION('',(1.,-3.909954089759E-07,0.));
#2460 = ORIENTED_EDGE('',*,*,#2461,.F.);
#2461 = EDGE_CURVE('',#2462,#2453,#2464,.T.);
#2462 = VERTEX_POINT('',#2463);
#2463 = CARTESIAN_POINT('',(119.115,-110.98,1.51));
#2464 = LINE('',#2465,#2466);
#2465 = CARTESIAN_POINT('',(119.115,-110.98,1.51));
#2466 = VECTOR('',#2467,1.);
#2467 = DIRECTION('',(0.,0.,1.));
#2468 = ORIENTED_EDGE('',*,*,#2469,.F.);
#2469 = EDGE_CURVE('',#2430,#2462,#2470,.T.);
#2470 = CIRCLE('',#2471,0.225000087974);
#2471 = AXIS2_PLACEMENT_3D('',#2472,#2473,#2474);
#2472 = CARTESIAN_POINT('',(119.11499991202,-110.754999912,1.51));
#2473 = DIRECTION('',(0.,0.,-1.));
#2474 = DIRECTION('',(1.,-3.909954089759E-07,0.));
#2475 = CYLINDRICAL_SURFACE('',#2476,0.225000087974);
#2476 = AXIS2_PLACEMENT_3D('',#2477,#2478,#2479);
#2477 = CARTESIAN_POINT('',(119.11499991202,-110.754999912,1.51));
#2478 = DIRECTION('',(0.,0.,-1.));
#2479 = DIRECTION('',(1.,-3.909954089759E-07,0.));
#2480 = ADVANCED_FACE('',(#2481),#2506,.T.);
#2481 = FACE_BOUND('',#2482,.T.);
#2482 = EDGE_LOOP('',(#2483,#2484,#2492,#2500));
#2483 = ORIENTED_EDGE('',*,*,#2461,.T.);
#2484 = ORIENTED_EDGE('',*,*,#2485,.T.);
#2485 = EDGE_CURVE('',#2453,#2486,#2488,.T.);
#2486 = VERTEX_POINT('',#2487);
#2487 = CARTESIAN_POINT('',(118.065,-110.98,1.55));
#2488 = LINE('',#2489,#2490);
#2489 = CARTESIAN_POINT('',(119.115,-110.98,1.55));
#2490 = VECTOR('',#2491,1.);
#2491 = DIRECTION('',(-1.,0.,0.));
#2492 = ORIENTED_EDGE('',*,*,#2493,.F.);
#2493 = EDGE_CURVE('',#2494,#2486,#2496,.T.);
#2494 = VERTEX_POINT('',#2495);
#2495 = CARTESIAN_POINT('',(118.065,-110.98,1.51));
#2496 = LINE('',#2497,#2498);
#2497 = CARTESIAN_POINT('',(118.065,-110.98,1.51));
#2498 = VECTOR('',#2499,1.);
#2499 = DIRECTION('',(0.,0.,1.));
#2500 = ORIENTED_EDGE('',*,*,#2501,.F.);
#2501 = EDGE_CURVE('',#2462,#2494,#2502,.T.);
#2502 = LINE('',#2503,#2504);
#2503 = CARTESIAN_POINT('',(119.115,-110.98,1.51));
#2504 = VECTOR('',#2505,1.);
#2505 = DIRECTION('',(-1.,0.,0.));
#2506 = PLANE('',#2507);
#2507 = AXIS2_PLACEMENT_3D('',#2508,#2509,#2510);
#2508 = CARTESIAN_POINT('',(119.115,-110.98,1.51));
#2509 = DIRECTION('',(0.,-1.,0.));
#2510 = DIRECTION('',(-1.,0.,0.));
#2511 = ADVANCED_FACE('',(#2512),#2539,.T.);
#2512 = FACE_BOUND('',#2513,.T.);
#2513 = EDGE_LOOP('',(#2514,#2515,#2524,#2532));
#2514 = ORIENTED_EDGE('',*,*,#2493,.T.);
#2515 = ORIENTED_EDGE('',*,*,#2516,.T.);
#2516 = EDGE_CURVE('',#2486,#2517,#2519,.T.);
#2517 = VERTEX_POINT('',#2518);
#2518 = CARTESIAN_POINT('',(117.84,-110.755,1.55));
#2519 = CIRCLE('',#2520,0.225000087974);
#2520 = AXIS2_PLACEMENT_3D('',#2521,#2522,#2523);
#2521 = CARTESIAN_POINT('',(118.06500008797,-110.754999912,1.55));
#2522 = DIRECTION('',(0.,0.,-1.));
#2523 = DIRECTION('',(-3.909954089759E-07,-1.,-0.));
#2524 = ORIENTED_EDGE('',*,*,#2525,.F.);
#2525 = EDGE_CURVE('',#2526,#2517,#2528,.T.);
#2526 = VERTEX_POINT('',#2527);
#2527 = CARTESIAN_POINT('',(117.84,-110.755,1.51));
#2528 = LINE('',#2529,#2530);
#2529 = CARTESIAN_POINT('',(117.84,-110.755,1.51));
#2530 = VECTOR('',#2531,1.);
#2531 = DIRECTION('',(0.,0.,1.));
#2532 = ORIENTED_EDGE('',*,*,#2533,.F.);
#2533 = EDGE_CURVE('',#2494,#2526,#2534,.T.);
#2534 = CIRCLE('',#2535,0.225000087974);
#2535 = AXIS2_PLACEMENT_3D('',#2536,#2537,#2538);
#2536 = CARTESIAN_POINT('',(118.06500008797,-110.754999912,1.51));
#2537 = DIRECTION('',(0.,0.,-1.));
#2538 = DIRECTION('',(-3.909954089759E-07,-1.,-0.));
#2539 = CYLINDRICAL_SURFACE('',#2540,0.225000087974);
#2540 = AXIS2_PLACEMENT_3D('',#2541,#2542,#2543);
#2541 = CARTESIAN_POINT('',(118.06500008797,-110.754999912,1.51));
#2542 = DIRECTION('',(0.,0.,-1.));
#2543 = DIRECTION('',(-3.909954089759E-07,-1.,-0.));
#2544 = ADVANCED_FACE('',(#2545),#2561,.T.);
#2545 = FACE_BOUND('',#2546,.T.);
#2546 = EDGE_LOOP('',(#2547,#2548,#2554,#2555));
#2547 = ORIENTED_EDGE('',*,*,#2525,.T.);
#2548 = ORIENTED_EDGE('',*,*,#2549,.T.);
#2549 = EDGE_CURVE('',#2517,#2317,#2550,.T.);
#2550 = LINE('',#2551,#2552);
#2551 = CARTESIAN_POINT('',(117.84,-110.755,1.55));
#2552 = VECTOR('',#2553,1.);
#2553 = DIRECTION('',(0.,1.,0.));
#2554 = ORIENTED_EDGE('',*,*,#2314,.F.);
#2555 = ORIENTED_EDGE('',*,*,#2556,.F.);
#2556 = EDGE_CURVE('',#2526,#2315,#2557,.T.);
#2557 = LINE('',#2558,#2559);
#2558 = CARTESIAN_POINT('',(117.84,-110.755,1.51));
#2559 = VECTOR('',#2560,1.);
#2560 = DIRECTION('',(0.,1.,0.));
#2561 = PLANE('',#2562);
#2562 = AXIS2_PLACEMENT_3D('',#2563,#2564,#2565);
#2563 = CARTESIAN_POINT('',(117.84,-110.755,1.51));
#2564 = DIRECTION('',(-1.,0.,0.));
#2565 = DIRECTION('',(0.,1.,0.));
#2566 = ADVANCED_FACE('',(#2567),#2577,.F.);
#2567 = FACE_BOUND('',#2568,.T.);
#2568 = EDGE_LOOP('',(#2569,#2570,#2571,#2572,#2573,#2574,#2575,#2576));
#2569 = ORIENTED_EDGE('',*,*,#2341,.T.);
#2570 = ORIENTED_EDGE('',*,*,#2373,.T.);
#2571 = ORIENTED_EDGE('',*,*,#2405,.T.);
#2572 = ORIENTED_EDGE('',*,*,#2437,.T.);
#2573 = ORIENTED_EDGE('',*,*,#2469,.T.);
#2574 = ORIENTED_EDGE('',*,*,#2501,.T.);
#2575 = ORIENTED_EDGE('',*,*,#2533,.T.);
#2576 = ORIENTED_EDGE('',*,*,#2556,.T.);
#2577 = PLANE('',#2578);
#2578 = AXIS2_PLACEMENT_3D('',#2579,#2580,#2581);
#2579 = CARTESIAN_POINT('',(0.,0.,1.51));
#2580 = DIRECTION('',(0.,0.,1.));
#2581 = DIRECTION('',(1.,0.,-0.));
#2582 = ADVANCED_FACE('',(#2583),#2593,.T.);
#2583 = FACE_BOUND('',#2584,.F.);
#2584 = EDGE_LOOP('',(#2585,#2586,#2587,#2588,#2589,#2590,#2591,#2592));
#2585 = ORIENTED_EDGE('',*,*,#2324,.T.);
#2586 = ORIENTED_EDGE('',*,*,#2357,.T.);
#2587 = ORIENTED_EDGE('',*,*,#2388,.T.);
#2588 = ORIENTED_EDGE('',*,*,#2421,.T.);
#2589 = ORIENTED_EDGE('',*,*,#2452,.T.);
#2590 = ORIENTED_EDGE('',*,*,#2485,.T.);
#2591 = ORIENTED_EDGE('',*,*,#2516,.T.);
#2592 = ORIENTED_EDGE('',*,*,#2549,.T.);
#2593 = PLANE('',#2594);
#2594 = AXIS2_PLACEMENT_3D('',#2595,#2596,#2597);
#2595 = CARTESIAN_POINT('',(0.,0.,1.55));
#2596 = DIRECTION('',(0.,0.,1.));
#2597 = DIRECTION('',(1.,0.,-0.));
#2598 = ( GEOMETRIC_REPRESENTATION_CONTEXT(3) 
GLOBAL_UNCERTAINTY_ASSIGNED_CONTEXT((#2602)) 
GLOBAL_UNIT_ASSIGNED_CONTEXT((#2599,#2600,#2601)) REPRESENTATION_CONTEXT
('Context #1','3D Context with UNIT and UNCERTAINTY') );
#2599 = ( LENGTH_UNIT() NAMED_UNIT(*) SI_UNIT(.MILLI.,.METRE.) );
#2600 = ( NAMED_UNIT(*) PLANE_ANGLE_UNIT() SI_UNIT($,.RADIAN.) );
#2601 = ( NAMED_UNIT(*) SI_UNIT($,.STERADIAN.) SOLID_ANGLE_UNIT() );
#2602 = UNCERTAINTY_MEASURE_WITH_UNIT(LENGTH_MEASURE(1.E-07),#2599,
  'distance_accuracy_value','confusion accuracy');
#2603 = CONTEXT_DEPENDENT_SHAPE_REPRESENTATION(#2604,#2606);
#2604 = ( REPRESENTATION_RELATIONSHIP('','',#857,#10) 
REPRESENTATION_RELATIONSHIP_WITH_TRANSFORMATION(#2605) 
SHAPE_REPRESENTATION_RELATIONSHIP() );
#2605 = ITEM_DEFINED_TRANSFORMATION('','',#11,#19);
#2606 = PRODUCT_DEFINITION_SHAPE('Placement','Placement of an item',
  #2607);
#2607 = NEXT_ASSEMBLY_USAGE_OCCURRENCE('2','=>[0:1:1:3]','',#5,#852,$);
#2608 = PRODUCT_RELATED_PRODUCT_CATEGORY('part',$,(#854));
#2609 = SHAPE_DEFINITION_REPRESENTATION(#2610,#2616);
#2610 = PRODUCT_DEFINITION_SHAPE('','',#2611);
#2611 = PRODUCT_DEFINITION('design','',#2612,#2615);
#2612 = PRODUCT_DEFINITION_FORMATION('','',#2613);
#2613 = PRODUCT('Flexible Heater_soldermask',
  'Flexible Heater_soldermask','',(#2614));
#2614 = PRODUCT_CONTEXT('',#2,'mechanical');
#2615 = PRODUCT_DEFINITION_CONTEXT('part definition',#2,'design');
#2616 = MANIFOLD_SURFACE_SHAPE_REPRESENTATION('',(#11,#2617),#3475);
#2617 = SHELL_BASED_SURFACE_MODEL('',(#2618));
#2618 = OPEN_SHELL('',(#2619));
#2619 = ADVANCED_FACE('',(#2620,#3018,#3088,#3158,#3228,#3298,#3384),
  #3470,.T.);
#2620 = FACE_BOUND('',#2621,.F.);
#2621 = EDGE_LOOP('',(#2622,#2633,#2641,#2649,#2657,#2666,#2674,#2682,
    #2690,#2699,#2707,#2715,#2723,#2732,#2740,#2748,#2756,#2765,#2773,
    #2781,#2789,#2798,#2806,#2814,#2822,#2831,#2839,#2847,#2855,#2864,
    #2872,#2880,#2888,#2897,#2905,#2913,#2921,#2930,#2938,#2946,#2954,
    #2963,#2971,#2979,#2987,#2996,#3004,#3012));
#2622 = ORIENTED_EDGE('',*,*,#2623,.T.);
#2623 = EDGE_CURVE('',#2624,#2626,#2628,.T.);
#2624 = VERTEX_POINT('',#2625);
#2625 = CARTESIAN_POINT('',(115.569335,-28.21443,1.56));
#2626 = VERTEX_POINT('',#2627);
#2627 = CARTESIAN_POINT('',(116.001787,-27.781941,1.56));
#2628 = CIRCLE('',#2629,0.502250518961);
#2629 = AXIS2_PLACEMENT_3D('',#2630,#2631,#2632);
#2630 = CARTESIAN_POINT('',(116.06730006185,-28.27990045871,1.56));
#2631 = DIRECTION('',(0.,0.,-1.));
#2632 = DIRECTION('',(-0.991467490943,0.130354188283,0.));
#2633 = ORIENTED_EDGE('',*,*,#2634,.T.);
#2634 = EDGE_CURVE('',#2626,#2635,#2637,.T.);
#2635 = VERTEX_POINT('',#2636);
#2636 = CARTESIAN_POINT('',(116.067357,-27.78,1.56));
#2637 = LINE('',#2638,#2639);
#2638 = CARTESIAN_POINT('',(116.001787,-27.781941,1.56));
#2639 = VECTOR('',#2640,1.);
#2640 = DIRECTION('',(0.999562149953,2.958899089608E-02,0.));
#2641 = ORIENTED_EDGE('',*,*,#2642,.T.);
#2642 = EDGE_CURVE('',#2635,#2643,#2645,.T.);
#2643 = VERTEX_POINT('',#2644);
#2644 = CARTESIAN_POINT('',(134.351601,-27.78,1.56));
#2645 = LINE('',#2646,#2647);
#2646 = CARTESIAN_POINT('',(116.067357,-27.78,1.56));
#2647 = VECTOR('',#2648,1.);
#2648 = DIRECTION('',(1.,0.,0.));
#2649 = ORIENTED_EDGE('',*,*,#2650,.T.);
#2650 = EDGE_CURVE('',#2643,#2651,#2653,.T.);
#2651 = VERTEX_POINT('',#2652);
#2652 = CARTESIAN_POINT('',(134.417142,-27.782149,1.56));
#2653 = LINE('',#2654,#2655);
#2654 = CARTESIAN_POINT('',(134.351601,-27.78,1.56));
#2655 = VECTOR('',#2656,1.);
#2656 = DIRECTION('',(0.999462885718,-3.277102487614E-02,0.));
#2657 = ORIENTED_EDGE('',*,*,#2658,.T.);
#2658 = EDGE_CURVE('',#2651,#2659,#2661,.T.);
#2659 = VERTEX_POINT('',#2660);
#2660 = CARTESIAN_POINT('',(134.849451,-28.214459,1.56));
#2661 = CIRCLE('',#2662,0.502261135885);
#2662 = AXIS2_PLACEMENT_3D('',#2663,#2664,#2665);
#2663 = CARTESIAN_POINT('',(134.35149793355,-28.2801019146,1.56));
#2664 = DIRECTION('',(0.,0.,-1.));
#2665 = DIRECTION('',(0.130697085154,0.991422347908,0.));
#2666 = ORIENTED_EDGE('',*,*,#2667,.T.);
#2667 = EDGE_CURVE('',#2659,#2668,#2670,.T.);
#2668 = VERTEX_POINT('',#2669);
#2669 = CARTESIAN_POINT('',(134.851601,-28.28,1.56));
#2670 = LINE('',#2671,#2672);
#2671 = CARTESIAN_POINT('',(134.849451,-28.214459,1.56));
#2672 = VECTOR('',#2673,1.);
#2673 = DIRECTION('',(3.278625791769E-02,-0.999462386132,0.));
#2674 = ORIENTED_EDGE('',*,*,#2675,.T.);
#2675 = EDGE_CURVE('',#2668,#2676,#2678,.T.);
#2676 = VERTEX_POINT('',#2677);
#2677 = CARTESIAN_POINT('',(134.851601,-28.68,1.56));
#2678 = LINE('',#2679,#2680);
#2679 = CARTESIAN_POINT('',(134.851601,-28.28,1.56));
#2680 = VECTOR('',#2681,1.);
#2681 = DIRECTION('',(0.,-1.,0.));
#2682 = ORIENTED_EDGE('',*,*,#2683,.T.);
#2683 = EDGE_CURVE('',#2676,#2684,#2686,.T.);
#2684 = VERTEX_POINT('',#2685);
#2685 = CARTESIAN_POINT('',(134.853868,-28.84835,1.56));
#2686 = LINE('',#2687,#2688);
#2687 = CARTESIAN_POINT('',(134.851601,-28.68,1.56));
#2688 = VECTOR('',#2689,1.);
#2689 = DIRECTION('',(1.346477271775E-02,-0.999909345839,0.));
#2690 = ORIENTED_EDGE('',*,*,#2691,.T.);
#2691 = EDGE_CURVE('',#2684,#2692,#2694,.T.);
#2692 = VERTEX_POINT('',#2693);
#2693 = CARTESIAN_POINT('',(137.683251,-31.677733,1.56));
#2694 = CIRCLE('',#2695,3.002349438809);
#2695 = AXIS2_PLACEMENT_3D('',#2696,#2697,#2698);
#2696 = CARTESIAN_POINT('',(137.85149949765,-28.68010150234,1.56));
#2697 = DIRECTION('',(0.,0.,1.));
#2698 = DIRECTION('',(-0.998428583599,-5.603894586124E-02,0.));
#2699 = ORIENTED_EDGE('',*,*,#2700,.T.);
#2700 = EDGE_CURVE('',#2692,#2701,#2703,.T.);
#2701 = VERTEX_POINT('',#2702);
#2702 = CARTESIAN_POINT('',(137.851601,-31.68,1.56));
#2703 = LINE('',#2704,#2705);
#2704 = CARTESIAN_POINT('',(137.683251,-31.677733,1.56));
#2705 = VECTOR('',#2706,1.);
#2706 = DIRECTION('',(0.999909345839,-1.346477271765E-02,0.));
#2707 = ORIENTED_EDGE('',*,*,#2708,.T.);
#2708 = EDGE_CURVE('',#2701,#2709,#2711,.T.);
#2709 = VERTEX_POINT('',#2710);
#2710 = CARTESIAN_POINT('',(138.258958,-31.68,1.56));
#2711 = LINE('',#2712,#2713);
#2712 = CARTESIAN_POINT('',(137.851601,-31.68,1.56));
#2713 = VECTOR('',#2714,1.);
#2714 = DIRECTION('',(1.,0.,0.));
#2715 = ORIENTED_EDGE('',*,*,#2716,.T.);
#2716 = EDGE_CURVE('',#2709,#2717,#2719,.T.);
#2717 = VERTEX_POINT('',#2718);
#2718 = CARTESIAN_POINT('',(138.324505,-31.682088,1.56));
#2719 = LINE('',#2720,#2721);
#2720 = CARTESIAN_POINT('',(138.258958,-31.68,1.56));
#2721 = VECTOR('',#2722,1.);
#2722 = DIRECTION('',(0.999493015146,-3.183885480076E-02,0.));
#2723 = ORIENTED_EDGE('',*,*,#2724,.T.);
#2724 = EDGE_CURVE('',#2717,#2725,#2727,.T.);
#2725 = VERTEX_POINT('',#2726);
#2726 = CARTESIAN_POINT('',(138.75682,-32.114453,1.56));
#2727 = CIRCLE('',#2728,0.502215926478);
#2728 = AXIS2_PLACEMENT_3D('',#2729,#2730,#2731);
#2729 = CARTESIAN_POINT('',(138.2588999586,-32.18000045751,1.56));
#2730 = DIRECTION('',(0.,0.,-1.));
#2731 = DIRECTION('',(0.130631144762,0.991431038458,0.));
#2732 = ORIENTED_EDGE('',*,*,#2733,.T.);
#2733 = EDGE_CURVE('',#2725,#2734,#2736,.T.);
#2734 = VERTEX_POINT('',#2735);
#2735 = CARTESIAN_POINT('',(138.758958,-32.18,1.56));
#2736 = LINE('',#2737,#2738);
#2737 = CARTESIAN_POINT('',(138.75682,-32.114453,1.56));
#2738 = VECTOR('',#2739,1.);
#2739 = DIRECTION('',(3.260047865157E-02,-0.99946846313,0.));
#2740 = ORIENTED_EDGE('',*,*,#2741,.T.);
#2741 = EDGE_CURVE('',#2734,#2742,#2744,.T.);
#2742 = VERTEX_POINT('',#2743);
#2743 = CARTESIAN_POINT('',(138.758958,-106.862357,1.56));
#2744 = LINE('',#2745,#2746);
#2745 = CARTESIAN_POINT('',(138.758958,-32.18,1.56));
#2746 = VECTOR('',#2747,1.);
#2747 = DIRECTION('',(0.,-1.,0.));
#2748 = ORIENTED_EDGE('',*,*,#2749,.T.);
#2749 = EDGE_CURVE('',#2742,#2750,#2752,.T.);
#2750 = VERTEX_POINT('',#2751);
#2751 = CARTESIAN_POINT('',(138.757014,-106.927928,1.56));
#2752 = LINE('',#2753,#2754);
#2753 = CARTESIAN_POINT('',(138.758958,-106.862357,1.56));
#2754 = VECTOR('',#2755,1.);
#2755 = DIRECTION('',(-2.963423181105E-02,-0.999560809708,0.));
#2756 = ORIENTED_EDGE('',*,*,#2757,.T.);
#2757 = EDGE_CURVE('',#2750,#2758,#2760,.T.);
#2758 = VERTEX_POINT('',#2759);
#2759 = CARTESIAN_POINT('',(138.324529,-107.360414,1.56));
#2760 = CIRCLE('',#2761,0.502303832059);
#2761 = AXIS2_PLACEMENT_3D('',#2762,#2763,#2764);
#2762 = CARTESIAN_POINT('',(138.25900239861,-106.8624025501,1.56));
#2763 = DIRECTION('',(0.,0.,-1.));
#2764 = DIRECTION('',(0.99145491156,-0.130449830755,0.));
#2765 = ORIENTED_EDGE('',*,*,#2766,.T.);
#2766 = EDGE_CURVE('',#2758,#2767,#2769,.T.);
#2767 = VERTEX_POINT('',#2768);
#2768 = CARTESIAN_POINT('',(138.258958,-107.362357,1.56));
#2769 = LINE('',#2770,#2771);
#2770 = CARTESIAN_POINT('',(138.324529,-107.360414,1.56));
#2771 = VECTOR('',#2772,1.);
#2772 = DIRECTION('',(-0.999561261137,-2.961900124119E-02,0.));
#2773 = ORIENTED_EDGE('',*,*,#2774,.T.);
#2774 = EDGE_CURVE('',#2767,#2775,#2777,.T.);
#2775 = VERTEX_POINT('',#2776);
#2776 = CARTESIAN_POINT('',(137.851601,-107.362357,1.56));
#2777 = LINE('',#2778,#2779);
#2778 = CARTESIAN_POINT('',(138.258958,-107.362357,1.56));
#2779 = VECTOR('',#2780,1.);
#2780 = DIRECTION('',(-1.,0.,0.));
#2781 = ORIENTED_EDGE('',*,*,#2782,.T.);
#2782 = EDGE_CURVE('',#2775,#2783,#2785,.T.);
#2783 = VERTEX_POINT('',#2784);
#2784 = CARTESIAN_POINT('',(137.683259,-107.364761,1.56));
#2785 = LINE('',#2786,#2787);
#2786 = CARTESIAN_POINT('',(137.851601,-107.362357,1.56));
#2787 = VECTOR('',#2788,1.);
#2788 = DIRECTION('',(-0.999898049926,-1.427899699433E-02,0.));
#2789 = ORIENTED_EDGE('',*,*,#2790,.T.);
#2790 = EDGE_CURVE('',#2783,#2791,#2793,.T.);
#2791 = VERTEX_POINT('',#2792);
#2792 = CARTESIAN_POINT('',(134.853963,-110.194015,1.56));
#2793 = CIRCLE('',#2794,3.00236065833);
#2794 = AXIS2_PLACEMENT_3D('',#2795,#2796,#2797);
#2795 = CARTESIAN_POINT('',(137.85159814634,-110.3623986456,1.56));
#2796 = DIRECTION('',(0.,0.,1.));
#2797 = DIRECTION('',(-5.606892891874E-02,0.998426900284,0.));
#2798 = ORIENTED_EDGE('',*,*,#2799,.T.);
#2799 = EDGE_CURVE('',#2791,#2800,#2802,.T.);
#2800 = VERTEX_POINT('',#2801);
#2801 = CARTESIAN_POINT('',(134.851601,-110.362357,1.56));
#2802 = LINE('',#2803,#2804);
#2803 = CARTESIAN_POINT('',(134.853963,-110.194015,1.56));
#2804 = VECTOR('',#2805,1.);
#2805 = DIRECTION('',(-1.402957986352E-02,-0.999901580601,0.));
#2806 = ORIENTED_EDGE('',*,*,#2807,.T.);
#2807 = EDGE_CURVE('',#2800,#2808,#2810,.T.);
#2808 = VERTEX_POINT('',#2809);
#2809 = CARTESIAN_POINT('',(134.851601,-110.762357,1.56));
#2810 = LINE('',#2811,#2812);
#2811 = CARTESIAN_POINT('',(134.851601,-110.362357,1.56));
#2812 = VECTOR('',#2813,1.);
#2813 = DIRECTION('',(0.,-1.,0.));
#2814 = ORIENTED_EDGE('',*,*,#2815,.T.);
#2815 = EDGE_CURVE('',#2808,#2816,#2818,.T.);
#2816 = VERTEX_POINT('',#2817);
#2817 = CARTESIAN_POINT('',(134.849615,-110.827925,1.56));
#2818 = LINE('',#2819,#2820);
#2819 = CARTESIAN_POINT('',(134.851601,-110.762357,1.56));
#2820 = VECTOR('',#2821,1.);
#2821 = DIRECTION('',(-3.02752808511E-02,-0.999541598619,0.));
#2822 = ORIENTED_EDGE('',*,*,#2823,.T.);
#2823 = EDGE_CURVE('',#2816,#2824,#2826,.T.);
#2824 = VERTEX_POINT('',#2825);
#2825 = CARTESIAN_POINT('',(134.417169,-111.260409,1.56));
#2826 = CIRCLE('',#2827,0.502305315015);
#2827 = AXIS2_PLACEMENT_3D('',#2828,#2829,#2830);
#2828 = CARTESIAN_POINT('',(134.35160165728,-110.7624014166,1.56));
#2829 = DIRECTION('',(0.,0.,-1.));
#2830 = DIRECTION('',(0.991455451147,-0.130445729677,0.));
#2831 = ORIENTED_EDGE('',*,*,#2832,.T.);
#2832 = EDGE_CURVE('',#2824,#2833,#2835,.T.);
#2833 = VERTEX_POINT('',#2834);
#2834 = CARTESIAN_POINT('',(134.351601,-111.262357,1.56));
#2835 = LINE('',#2836,#2837);
#2836 = CARTESIAN_POINT('',(134.417169,-111.260409,1.56));
#2837 = VECTOR('',#2838,1.);
#2838 = DIRECTION('',(-0.999558961349,-2.969651135777E-02,0.));
#2839 = ORIENTED_EDGE('',*,*,#2840,.T.);
#2840 = EDGE_CURVE('',#2833,#2841,#2843,.T.);
#2841 = VERTEX_POINT('',#2842);
#2842 = CARTESIAN_POINT('',(116.067357,-111.262357,1.56));
#2843 = LINE('',#2844,#2845);
#2844 = CARTESIAN_POINT('',(134.351601,-111.262357,1.56));
#2845 = VECTOR('',#2846,1.);
#2846 = DIRECTION('',(-1.,0.,0.));
#2847 = ORIENTED_EDGE('',*,*,#2848,.T.);
#2848 = EDGE_CURVE('',#2841,#2849,#2851,.T.);
#2849 = VERTEX_POINT('',#2850);
#2850 = CARTESIAN_POINT('',(116.001807,-111.260298,1.56));
#2851 = LINE('',#2852,#2853);
#2852 = CARTESIAN_POINT('',(116.067357,-111.262357,1.56));
#2853 = VECTOR('',#2854,1.);
#2854 = DIRECTION('',(-0.999507035012,3.139565194628E-02,0.));
#2855 = ORIENTED_EDGE('',*,*,#2856,.T.);
#2856 = EDGE_CURVE('',#2849,#2857,#2859,.T.);
#2857 = VERTEX_POINT('',#2858);
#2858 = CARTESIAN_POINT('',(115.56949,-110.827908,1.56));
#2859 = CIRCLE('',#2860,0.502199160622);
#2860 = AXIS2_PLACEMENT_3D('',#2861,#2862,#2863);
#2861 = CARTESIAN_POINT('',(116.06739841023,-110.7624006573,1.56));
#2862 = DIRECTION('',(0.,0.,-1.));
#2863 = DIRECTION('',(-0.130608362941,-0.991434039929,-0.));
#2864 = ORIENTED_EDGE('',*,*,#2865,.T.);
#2865 = EDGE_CURVE('',#2857,#2866,#2868,.T.);
#2866 = VERTEX_POINT('',#2867);
#2867 = CARTESIAN_POINT('',(115.567357,-110.762357,1.56));
#2868 = LINE('',#2869,#2870);
#2869 = CARTESIAN_POINT('',(115.56949,-110.827908,1.56));
#2870 = VECTOR('',#2871,1.);
#2871 = DIRECTION('',(-3.252233622676E-02,0.999471008907,0.));
#2872 = ORIENTED_EDGE('',*,*,#2873,.T.);
#2873 = EDGE_CURVE('',#2866,#2874,#2876,.T.);
#2874 = VERTEX_POINT('',#2875);
#2875 = CARTESIAN_POINT('',(115.567357,-110.362357,1.56));
#2876 = LINE('',#2877,#2878);
#2877 = CARTESIAN_POINT('',(115.567357,-110.762357,1.56));
#2878 = VECTOR('',#2879,1.);
#2879 = DIRECTION('',(0.,1.,0.));
#2880 = ORIENTED_EDGE('',*,*,#2881,.T.);
#2881 = EDGE_CURVE('',#2874,#2882,#2884,.T.);
#2882 = VERTEX_POINT('',#2883);
#2883 = CARTESIAN_POINT('',(115.565081,-110.194011,1.56));
#2884 = LINE('',#2885,#2886);
#2885 = CARTESIAN_POINT('',(115.567357,-110.362357,1.56));
#2886 = VECTOR('',#2887,1.);
#2887 = DIRECTION('',(-1.351853931761E-02,0.999908620372,0.));
#2888 = ORIENTED_EDGE('',*,*,#2889,.T.);
#2889 = EDGE_CURVE('',#2882,#2890,#2892,.T.);
#2890 = VERTEX_POINT('',#2891);
#2891 = CARTESIAN_POINT('',(112.735703,-107.364714,1.56));
#2892 = CIRCLE('',#2893,3.002408973915);
#2893 = AXIS2_PLACEMENT_3D('',#2894,#2895,#2896);
#2894 = CARTESIAN_POINT('',(112.56739787207,-110.3624019474,1.56));
#2895 = DIRECTION('',(0.,0.,1.));
#2896 = DIRECTION('',(0.998425981926,5.608527983966E-02,-0.));
#2897 = ORIENTED_EDGE('',*,*,#2898,.T.);
#2898 = EDGE_CURVE('',#2890,#2899,#2901,.T.);
#2899 = VERTEX_POINT('',#2900);
#2900 = CARTESIAN_POINT('',(112.567357,-107.362357,1.56));
#2901 = LINE('',#2902,#2903);
#2902 = CARTESIAN_POINT('',(112.735703,-107.364714,1.56));
#2903 = VECTOR('',#2904,1.);
#2904 = DIRECTION('',(-0.999902001434,1.399955459223E-02,0.));
#2905 = ORIENTED_EDGE('',*,*,#2906,.T.);
#2906 = EDGE_CURVE('',#2899,#2907,#2909,.T.);
#2907 = VERTEX_POINT('',#2908);
#2908 = CARTESIAN_POINT('',(112.16,-107.362357,1.56));
#2909 = LINE('',#2910,#2911);
#2910 = CARTESIAN_POINT('',(112.567357,-107.362357,1.56));
#2911 = VECTOR('',#2912,1.);
#2912 = DIRECTION('',(-1.,0.,0.));
#2913 = ORIENTED_EDGE('',*,*,#2914,.T.);
#2914 = EDGE_CURVE('',#2907,#2915,#2917,.T.);
#2915 = VERTEX_POINT('',#2916);
#2916 = CARTESIAN_POINT('',(112.094431,-107.360365,1.56));
#2917 = LINE('',#2918,#2919);
#2918 = CARTESIAN_POINT('',(112.16,-107.362357,1.56));
#2919 = VECTOR('',#2920,1.);
#2920 = DIRECTION('',(-0.999538840614,3.036620004123E-02,0.));
#2921 = ORIENTED_EDGE('',*,*,#2922,.T.);
#2922 = EDGE_CURVE('',#2915,#2923,#2925,.T.);
#2923 = VERTEX_POINT('',#2924);
#2924 = CARTESIAN_POINT('',(111.661943,-106.927926,1.56));
#2925 = CIRCLE('',#2926,0.502252197481);
#2926 = AXIS2_PLACEMENT_3D('',#2927,#2928,#2929);
#2927 = CARTESIAN_POINT('',(112.1599022318,-106.8623983468,1.56));
#2928 = DIRECTION('',(0.,0.,-1.));
#2929 = DIRECTION('',(-0.130355291897,-0.991467345844,-0.));
#2930 = ORIENTED_EDGE('',*,*,#2931,.T.);
#2931 = EDGE_CURVE('',#2923,#2932,#2934,.T.);
#2932 = VERTEX_POINT('',#2933);
#2933 = CARTESIAN_POINT('',(111.66,-106.862357,1.56));
#2934 = LINE('',#2935,#2936);
#2935 = CARTESIAN_POINT('',(111.661943,-106.927926,1.56));
#2936 = VECTOR('',#2937,1.);
#2937 = DIRECTION('',(-2.961990389384E-02,0.999561234389,0.));
#2938 = ORIENTED_EDGE('',*,*,#2939,.T.);
#2939 = EDGE_CURVE('',#2932,#2940,#2942,.T.);
#2940 = VERTEX_POINT('',#2941);
#2941 = CARTESIAN_POINT('',(111.66,-32.18,1.56));
#2942 = LINE('',#2943,#2944);
#2943 = CARTESIAN_POINT('',(111.66,-106.862357,1.56));
#2944 = VECTOR('',#2945,1.);
#2945 = DIRECTION('',(0.,1.,0.));
#2946 = ORIENTED_EDGE('',*,*,#2947,.T.);
#2947 = EDGE_CURVE('',#2940,#2948,#2950,.T.);
#2948 = VERTEX_POINT('',#2949);
#2949 = CARTESIAN_POINT('',(111.662139,-32.114455,1.56));
#2950 = LINE('',#2951,#2952);
#2951 = CARTESIAN_POINT('',(111.66,-32.18,1.56));
#2952 = VECTOR('',#2953,1.);
#2953 = DIRECTION('',(3.261670471079E-02,0.99946793374,0.));
#2954 = ORIENTED_EDGE('',*,*,#2955,.T.);
#2955 = EDGE_CURVE('',#2948,#2956,#2958,.T.);
#2956 = VERTEX_POINT('',#2957);
#2957 = CARTESIAN_POINT('',(112.094455,-31.682139,1.56));
#2958 = CIRCLE('',#2959,0.502156679257);
#2959 = AXIS2_PLACEMENT_3D('',#2960,#2961,#2962);
#2960 = CARTESIAN_POINT('',(112.15999965227,-32.17999965227,1.56));
#2961 = DIRECTION('',(0.,0.,-1.));
#2962 = DIRECTION('',(-0.991444847471,0.130526297826,0.));
#2963 = ORIENTED_EDGE('',*,*,#2964,.T.);
#2964 = EDGE_CURVE('',#2956,#2965,#2967,.T.);
#2965 = VERTEX_POINT('',#2966);
#2966 = CARTESIAN_POINT('',(112.16,-31.68,1.56));
#2967 = LINE('',#2968,#2969);
#2968 = CARTESIAN_POINT('',(112.094455,-31.682139,1.56));
#2969 = VECTOR('',#2970,1.);
#2970 = DIRECTION('',(0.99946793374,3.261670471079E-02,0.));
#2971 = ORIENTED_EDGE('',*,*,#2972,.T.);
#2972 = EDGE_CURVE('',#2965,#2973,#2975,.T.);
#2973 = VERTEX_POINT('',#2974);
#2974 = CARTESIAN_POINT('',(112.567357,-31.68,1.56));
#2975 = LINE('',#2976,#2977);
#2976 = CARTESIAN_POINT('',(112.16,-31.68,1.56));
#2977 = VECTOR('',#2978,1.);
#2978 = DIRECTION('',(1.,0.,0.));
#2979 = ORIENTED_EDGE('',*,*,#2980,.T.);
#2980 = EDGE_CURVE('',#2973,#2981,#2983,.T.);
#2981 = VERTEX_POINT('',#2982);
#2982 = CARTESIAN_POINT('',(112.735698,-31.677594,1.56));
#2983 = LINE('',#2984,#2985);
#2984 = CARTESIAN_POINT('',(112.567357,-31.68,1.56));
#2985 = VECTOR('',#2986,1.);
#2986 = DIRECTION('',(0.999897879034,1.429095880954E-02,0.));
#2987 = ORIENTED_EDGE('',*,*,#2988,.T.);
#2988 = EDGE_CURVE('',#2981,#2989,#2991,.T.);
#2989 = VERTEX_POINT('',#2990);
#2990 = CARTESIAN_POINT('',(115.564992,-28.848341,1.56));
#2991 = CIRCLE('',#2992,3.002419543999);
#2992 = AXIS2_PLACEMENT_3D('',#2993,#2994,#2995);
#2993 = CARTESIAN_POINT('',(112.56730106243,-28.67990062181,1.56));
#2994 = DIRECTION('',(0.,0.,1.));
#2995 = DIRECTION('',(5.608707747247E-02,-0.998425880945,0.));
#2996 = ORIENTED_EDGE('',*,*,#2997,.T.);
#2997 = EDGE_CURVE('',#2989,#2998,#3000,.T.);
#2998 = VERTEX_POINT('',#2999);
#2999 = CARTESIAN_POINT('',(115.567357,-28.68,1.56));
#3000 = LINE('',#3001,#3002);
#3001 = CARTESIAN_POINT('',(115.564992,-28.848341,1.56));
#3002 = VECTOR('',#3003,1.);
#3003 = DIRECTION('',(1.404747888983E-02,0.9999013293,0.));
#3004 = ORIENTED_EDGE('',*,*,#3005,.T.);
#3005 = EDGE_CURVE('',#2998,#3006,#3008,.T.);
#3006 = VERTEX_POINT('',#3007);
#3007 = CARTESIAN_POINT('',(115.567357,-28.28,1.56));
#3008 = LINE('',#3009,#3010);
#3009 = CARTESIAN_POINT('',(115.567357,-28.68,1.56));
#3010 = VECTOR('',#3011,1.);
#3011 = DIRECTION('',(0.,1.,0.));
#3012 = ORIENTED_EDGE('',*,*,#3013,.T.);
#3013 = EDGE_CURVE('',#3006,#2624,#3014,.T.);
#3014 = LINE('',#3015,#3016);
#3015 = CARTESIAN_POINT('',(115.567357,-28.28,1.56));
#3016 = VECTOR('',#3017,1.);
#3017 = DIRECTION('',(3.01525182566E-02,0.99954530945,0.));
#3018 = FACE_BOUND('',#3019,.F.);
#3019 = EDGE_LOOP('',(#3020,#3031,#3039,#3048,#3056,#3065,#3073,#3082));
#3020 = ORIENTED_EDGE('',*,*,#3021,.T.);
#3021 = EDGE_CURVE('',#3022,#3024,#3026,.T.);
#3022 = VERTEX_POINT('',#3023);
#3023 = CARTESIAN_POINT('',(117.34,-108.205,1.56));
#3024 = VERTEX_POINT('',#3025);
#3025 = CARTESIAN_POINT('',(117.115,-107.98,1.56));
#3026 = CIRCLE('',#3027,0.225000087974);
#3027 = AXIS2_PLACEMENT_3D('',#3028,#3029,#3030);
#3028 = CARTESIAN_POINT('',(117.11499991202,-108.2050000879,1.56));
#3029 = DIRECTION('',(0.,0.,1.));
#3030 = DIRECTION('',(1.,3.909953458166E-07,-0.));
#3031 = ORIENTED_EDGE('',*,*,#3032,.T.);
#3032 = EDGE_CURVE('',#3024,#3033,#3035,.T.);
#3033 = VERTEX_POINT('',#3034);
#3034 = CARTESIAN_POINT('',(116.065,-107.98,1.56));
#3035 = LINE('',#3036,#3037);
#3036 = CARTESIAN_POINT('',(117.115,-107.98,1.56));
#3037 = VECTOR('',#3038,1.);
#3038 = DIRECTION('',(-1.,0.,0.));
#3039 = ORIENTED_EDGE('',*,*,#3040,.T.);
#3040 = EDGE_CURVE('',#3033,#3041,#3043,.T.);
#3041 = VERTEX_POINT('',#3042);
#3042 = CARTESIAN_POINT('',(115.84,-108.205,1.56));
#3043 = CIRCLE('',#3044,0.225000087974);
#3044 = AXIS2_PLACEMENT_3D('',#3045,#3046,#3047);
#3045 = CARTESIAN_POINT('',(116.06500008797,-108.2050000879,1.56));
#3046 = DIRECTION('',(0.,0.,1.));
#3047 = DIRECTION('',(-3.909953458166E-07,1.,0.));
#3048 = ORIENTED_EDGE('',*,*,#3049,.T.);
#3049 = EDGE_CURVE('',#3041,#3050,#3052,.T.);
#3050 = VERTEX_POINT('',#3051);
#3051 = CARTESIAN_POINT('',(115.84,-110.755,1.56));
#3052 = LINE('',#3053,#3054);
#3053 = CARTESIAN_POINT('',(115.84,-108.205,1.56));
#3054 = VECTOR('',#3055,1.);
#3055 = DIRECTION('',(0.,-1.,0.));
#3056 = ORIENTED_EDGE('',*,*,#3057,.T.);
#3057 = EDGE_CURVE('',#3050,#3058,#3060,.T.);
#3058 = VERTEX_POINT('',#3059);
#3059 = CARTESIAN_POINT('',(116.065,-110.98,1.56));
#3060 = CIRCLE('',#3061,0.225000087974);
#3061 = AXIS2_PLACEMENT_3D('',#3062,#3063,#3064);
#3062 = CARTESIAN_POINT('',(116.06500008797,-110.754999912,1.56));
#3063 = DIRECTION('',(0.,0.,1.));
#3064 = DIRECTION('',(-1.,-3.909953458166E-07,0.));
#3065 = ORIENTED_EDGE('',*,*,#3066,.T.);
#3066 = EDGE_CURVE('',#3058,#3067,#3069,.T.);
#3067 = VERTEX_POINT('',#3068);
#3068 = CARTESIAN_POINT('',(117.115,-110.98,1.56));
#3069 = LINE('',#3070,#3071);
#3070 = CARTESIAN_POINT('',(116.065,-110.98,1.56));
#3071 = VECTOR('',#3072,1.);
#3072 = DIRECTION('',(1.,0.,0.));
#3073 = ORIENTED_EDGE('',*,*,#3074,.T.);
#3074 = EDGE_CURVE('',#3067,#3075,#3077,.T.);
#3075 = VERTEX_POINT('',#3076);
#3076 = CARTESIAN_POINT('',(117.34,-110.755,1.56));
#3077 = CIRCLE('',#3078,0.225000087974);
#3078 = AXIS2_PLACEMENT_3D('',#3079,#3080,#3081);
#3079 = CARTESIAN_POINT('',(117.11499991202,-110.754999912,1.56));
#3080 = DIRECTION('',(0.,0.,1.));
#3081 = DIRECTION('',(3.909954089759E-07,-1.,0.));
#3082 = ORIENTED_EDGE('',*,*,#3083,.T.);
#3083 = EDGE_CURVE('',#3075,#3022,#3084,.T.);
#3084 = LINE('',#3085,#3086);
#3085 = CARTESIAN_POINT('',(117.34,-110.755,1.56));
#3086 = VECTOR('',#3087,1.);
#3087 = DIRECTION('',(0.,1.,0.));
#3088 = FACE_BOUND('',#3089,.F.);
#3089 = EDGE_LOOP('',(#3090,#3101,#3109,#3118,#3126,#3135,#3143,#3152));
#3090 = ORIENTED_EDGE('',*,*,#3091,.T.);
#3091 = EDGE_CURVE('',#3092,#3094,#3096,.T.);
#3092 = VERTEX_POINT('',#3093);
#3093 = CARTESIAN_POINT('',(119.34,-108.205,1.56));
#3094 = VERTEX_POINT('',#3095);
#3095 = CARTESIAN_POINT('',(119.115,-107.98,1.56));
#3096 = CIRCLE('',#3097,0.225000087974);
#3097 = AXIS2_PLACEMENT_3D('',#3098,#3099,#3100);
#3098 = CARTESIAN_POINT('',(119.11499991202,-108.2050000879,1.56));
#3099 = DIRECTION('',(0.,0.,1.));
#3100 = DIRECTION('',(1.,3.909953458166E-07,-0.));
#3101 = ORIENTED_EDGE('',*,*,#3102,.T.);
#3102 = EDGE_CURVE('',#3094,#3103,#3105,.T.);
#3103 = VERTEX_POINT('',#3104);
#3104 = CARTESIAN_POINT('',(118.065,-107.98,1.56));
#3105 = LINE('',#3106,#3107);
#3106 = CARTESIAN_POINT('',(119.115,-107.98,1.56));
#3107 = VECTOR('',#3108,1.);
#3108 = DIRECTION('',(-1.,0.,0.));
#3109 = ORIENTED_EDGE('',*,*,#3110,.T.);
#3110 = EDGE_CURVE('',#3103,#3111,#3113,.T.);
#3111 = VERTEX_POINT('',#3112);
#3112 = CARTESIAN_POINT('',(117.84,-108.205,1.56));
#3113 = CIRCLE('',#3114,0.225000087974);
#3114 = AXIS2_PLACEMENT_3D('',#3115,#3116,#3117);
#3115 = CARTESIAN_POINT('',(118.06500008797,-108.2050000879,1.56));
#3116 = DIRECTION('',(0.,0.,1.));
#3117 = DIRECTION('',(-3.909953458166E-07,1.,0.));
#3118 = ORIENTED_EDGE('',*,*,#3119,.T.);
#3119 = EDGE_CURVE('',#3111,#3120,#3122,.T.);
#3120 = VERTEX_POINT('',#3121);
#3121 = CARTESIAN_POINT('',(117.84,-110.755,1.56));
#3122 = LINE('',#3123,#3124);
#3123 = CARTESIAN_POINT('',(117.84,-108.205,1.56));
#3124 = VECTOR('',#3125,1.);
#3125 = DIRECTION('',(0.,-1.,0.));
#3126 = ORIENTED_EDGE('',*,*,#3127,.T.);
#3127 = EDGE_CURVE('',#3120,#3128,#3130,.T.);
#3128 = VERTEX_POINT('',#3129);
#3129 = CARTESIAN_POINT('',(118.065,-110.98,1.56));
#3130 = CIRCLE('',#3131,0.225000087974);
#3131 = AXIS2_PLACEMENT_3D('',#3132,#3133,#3134);
#3132 = CARTESIAN_POINT('',(118.06500008797,-110.754999912,1.56));
#3133 = DIRECTION('',(0.,0.,1.));
#3134 = DIRECTION('',(-1.,-3.909953458166E-07,0.));
#3135 = ORIENTED_EDGE('',*,*,#3136,.T.);
#3136 = EDGE_CURVE('',#3128,#3137,#3139,.T.);
#3137 = VERTEX_POINT('',#3138);
#3138 = CARTESIAN_POINT('',(119.115,-110.98,1.56));
#3139 = LINE('',#3140,#3141);
#3140 = CARTESIAN_POINT('',(118.065,-110.98,1.56));
#3141 = VECTOR('',#3142,1.);
#3142 = DIRECTION('',(1.,0.,0.));
#3143 = ORIENTED_EDGE('',*,*,#3144,.T.);
#3144 = EDGE_CURVE('',#3137,#3145,#3147,.T.);
#3145 = VERTEX_POINT('',#3146);
#3146 = CARTESIAN_POINT('',(119.34,-110.755,1.56));
#3147 = CIRCLE('',#3148,0.225000087974);
#3148 = AXIS2_PLACEMENT_3D('',#3149,#3150,#3151);
#3149 = CARTESIAN_POINT('',(119.11499991202,-110.754999912,1.56));
#3150 = DIRECTION('',(0.,0.,1.));
#3151 = DIRECTION('',(3.909954089759E-07,-1.,0.));
#3152 = ORIENTED_EDGE('',*,*,#3153,.T.);
#3153 = EDGE_CURVE('',#3145,#3092,#3154,.T.);
#3154 = LINE('',#3155,#3156);
#3155 = CARTESIAN_POINT('',(119.34,-110.755,1.56));
#3156 = VECTOR('',#3157,1.);
#3157 = DIRECTION('',(0.,1.,0.));
#3158 = FACE_BOUND('',#3159,.F.);
#3159 = EDGE_LOOP('',(#3160,#3171,#3179,#3188,#3196,#3205,#3213,#3222));
#3160 = ORIENTED_EDGE('',*,*,#3161,.T.);
#3161 = EDGE_CURVE('',#3162,#3164,#3166,.T.);
#3162 = VERTEX_POINT('',#3163);
#3163 = CARTESIAN_POINT('',(133.21,-110.09,1.56));
#3164 = VERTEX_POINT('',#3165);
#3165 = CARTESIAN_POINT('',(133.06,-109.94,1.56));
#3166 = CIRCLE('',#3167,0.150000058649);
#3167 = AXIS2_PLACEMENT_3D('',#3168,#3169,#3170);
#3168 = CARTESIAN_POINT('',(133.05999994135,-110.0900000586,1.56));
#3169 = DIRECTION('',(0.,0.,1.));
#3170 = DIRECTION('',(1.,3.909955037148E-07,-0.));
#3171 = ORIENTED_EDGE('',*,*,#3172,.T.);
#3172 = EDGE_CURVE('',#3164,#3173,#3175,.T.);
#3173 = VERTEX_POINT('',#3174);
#3174 = CARTESIAN_POINT('',(132.36,-109.94,1.56));
#3175 = LINE('',#3176,#3177);
#3176 = CARTESIAN_POINT('',(133.06,-109.94,1.56));
#3177 = VECTOR('',#3178,1.);
#3178 = DIRECTION('',(-1.,0.,0.));
#3179 = ORIENTED_EDGE('',*,*,#3180,.T.);
#3180 = EDGE_CURVE('',#3173,#3181,#3183,.T.);
#3181 = VERTEX_POINT('',#3182);
#3182 = CARTESIAN_POINT('',(132.21,-110.09,1.56));
#3183 = CIRCLE('',#3184,0.150000058649);
#3184 = AXIS2_PLACEMENT_3D('',#3185,#3186,#3187);
#3185 = CARTESIAN_POINT('',(132.36000005864,-110.0900000586,1.56));
#3186 = DIRECTION('',(0.,0.,1.));
#3187 = DIRECTION('',(-3.909950300201E-07,1.,0.));
#3188 = ORIENTED_EDGE('',*,*,#3189,.T.);
#3189 = EDGE_CURVE('',#3181,#3190,#3192,.T.);
#3190 = VERTEX_POINT('',#3191);
#3191 = CARTESIAN_POINT('',(132.21,-110.79,1.56));
#3192 = LINE('',#3193,#3194);
#3193 = CARTESIAN_POINT('',(132.21,-110.09,1.56));
#3194 = VECTOR('',#3195,1.);
#3195 = DIRECTION('',(0.,-1.,0.));
#3196 = ORIENTED_EDGE('',*,*,#3197,.T.);
#3197 = EDGE_CURVE('',#3190,#3198,#3200,.T.);
#3198 = VERTEX_POINT('',#3199);
#3199 = CARTESIAN_POINT('',(132.36,-110.94,1.56));
#3200 = CIRCLE('',#3201,0.150000058649);
#3201 = AXIS2_PLACEMENT_3D('',#3202,#3203,#3204);
#3202 = CARTESIAN_POINT('',(132.36000005864,-110.7899999413,1.56));
#3203 = DIRECTION('',(0.,0.,1.));
#3204 = DIRECTION('',(-1.,-3.909950300202E-07,0.));
#3205 = ORIENTED_EDGE('',*,*,#3206,.T.);
#3206 = EDGE_CURVE('',#3198,#3207,#3209,.T.);
#3207 = VERTEX_POINT('',#3208);
#3208 = CARTESIAN_POINT('',(133.06,-110.94,1.56));
#3209 = LINE('',#3210,#3211);
#3210 = CARTESIAN_POINT('',(132.36,-110.94,1.56));
#3211 = VECTOR('',#3212,1.);
#3212 = DIRECTION('',(1.,0.,0.));
#3213 = ORIENTED_EDGE('',*,*,#3214,.T.);
#3214 = EDGE_CURVE('',#3207,#3215,#3217,.T.);
#3215 = VERTEX_POINT('',#3216);
#3216 = CARTESIAN_POINT('',(133.21,-110.79,1.56));
#3217 = CIRCLE('',#3218,0.150000058649);
#3218 = AXIS2_PLACEMENT_3D('',#3219,#3220,#3221);
#3219 = CARTESIAN_POINT('',(133.05999994135,-110.7899999413,1.56));
#3220 = DIRECTION('',(0.,0.,1.));
#3221 = DIRECTION('',(3.909954089759E-07,-1.,0.));
#3222 = ORIENTED_EDGE('',*,*,#3223,.T.);
#3223 = EDGE_CURVE('',#3215,#3162,#3224,.T.);
#3224 = LINE('',#3225,#3226);
#3225 = CARTESIAN_POINT('',(133.21,-110.79,1.56));
#3226 = VECTOR('',#3227,1.);
#3227 = DIRECTION('',(0.,1.,0.));
#3228 = FACE_BOUND('',#3229,.F.);
#3229 = EDGE_LOOP('',(#3230,#3241,#3249,#3258,#3266,#3275,#3283,#3292));
#3230 = ORIENTED_EDGE('',*,*,#3231,.T.);
#3231 = EDGE_CURVE('',#3232,#3234,#3236,.T.);
#3232 = VERTEX_POINT('',#3233);
#3233 = CARTESIAN_POINT('',(134.4,-110.09,1.56));
#3234 = VERTEX_POINT('',#3235);
#3235 = CARTESIAN_POINT('',(134.25,-109.94,1.56));
#3236 = CIRCLE('',#3237,0.150000058649);
#3237 = AXIS2_PLACEMENT_3D('',#3238,#3239,#3240);
#3238 = CARTESIAN_POINT('',(134.24999994135,-110.0900000586,1.56));
#3239 = DIRECTION('',(0.,0.,1.));
#3240 = DIRECTION('',(1.,3.909955037148E-07,-0.));
#3241 = ORIENTED_EDGE('',*,*,#3242,.T.);
#3242 = EDGE_CURVE('',#3234,#3243,#3245,.T.);
#3243 = VERTEX_POINT('',#3244);
#3244 = CARTESIAN_POINT('',(133.55,-109.94,1.56));
#3245 = LINE('',#3246,#3247);
#3246 = CARTESIAN_POINT('',(134.25,-109.94,1.56));
#3247 = VECTOR('',#3248,1.);
#3248 = DIRECTION('',(-1.,0.,0.));
#3249 = ORIENTED_EDGE('',*,*,#3250,.T.);
#3250 = EDGE_CURVE('',#3243,#3251,#3253,.T.);
#3251 = VERTEX_POINT('',#3252);
#3252 = CARTESIAN_POINT('',(133.4,-110.09,1.56));
#3253 = CIRCLE('',#3254,0.150000058649);
#3254 = AXIS2_PLACEMENT_3D('',#3255,#3256,#3257);
#3255 = CARTESIAN_POINT('',(133.55000005864,-110.0900000586,1.56));
#3256 = DIRECTION('',(0.,0.,1.));
#3257 = DIRECTION('',(-3.909955984539E-07,1.,0.));
#3258 = ORIENTED_EDGE('',*,*,#3259,.T.);
#3259 = EDGE_CURVE('',#3251,#3260,#3262,.T.);
#3260 = VERTEX_POINT('',#3261);
#3261 = CARTESIAN_POINT('',(133.4,-110.79,1.56));
#3262 = LINE('',#3263,#3264);
#3263 = CARTESIAN_POINT('',(133.4,-110.09,1.56));
#3264 = VECTOR('',#3265,1.);
#3265 = DIRECTION('',(0.,-1.,0.));
#3266 = ORIENTED_EDGE('',*,*,#3267,.T.);
#3267 = EDGE_CURVE('',#3260,#3268,#3270,.T.);
#3268 = VERTEX_POINT('',#3269);
#3269 = CARTESIAN_POINT('',(133.55,-110.94,1.56));
#3270 = CIRCLE('',#3271,0.150000058649);
#3271 = AXIS2_PLACEMENT_3D('',#3272,#3273,#3274);
#3272 = CARTESIAN_POINT('',(133.55000005864,-110.7899999413,1.56));
#3273 = DIRECTION('',(0.,0.,1.));
#3274 = DIRECTION('',(-1.,-3.909955037149E-07,0.));
#3275 = ORIENTED_EDGE('',*,*,#3276,.T.);
#3276 = EDGE_CURVE('',#3268,#3277,#3279,.T.);
#3277 = VERTEX_POINT('',#3278);
#3278 = CARTESIAN_POINT('',(134.25,-110.94,1.56));
#3279 = LINE('',#3280,#3281);
#3280 = CARTESIAN_POINT('',(133.55,-110.94,1.56));
#3281 = VECTOR('',#3282,1.);
#3282 = DIRECTION('',(1.,0.,0.));
#3283 = ORIENTED_EDGE('',*,*,#3284,.T.);
#3284 = EDGE_CURVE('',#3277,#3285,#3287,.T.);
#3285 = VERTEX_POINT('',#3286);
#3286 = CARTESIAN_POINT('',(134.4,-110.79,1.56));
#3287 = CIRCLE('',#3288,0.150000058649);
#3288 = AXIS2_PLACEMENT_3D('',#3289,#3290,#3291);
#3289 = CARTESIAN_POINT('',(134.24999994135,-110.7899999413,1.56));
#3290 = DIRECTION('',(0.,0.,1.));
#3291 = DIRECTION('',(3.909954089759E-07,-1.,0.));
#3292 = ORIENTED_EDGE('',*,*,#3293,.T.);
#3293 = EDGE_CURVE('',#3285,#3232,#3294,.T.);
#3294 = LINE('',#3295,#3296);
#3295 = CARTESIAN_POINT('',(134.4,-110.79,1.56));
#3296 = VECTOR('',#3297,1.);
#3297 = DIRECTION('',(0.,1.,0.));
#3298 = FACE_BOUND('',#3299,.F.);
#3299 = EDGE_LOOP('',(#3300,#3311,#3319,#3327,#3335,#3343,#3352,#3360,
    #3369,#3377));
#3300 = ORIENTED_EDGE('',*,*,#3301,.T.);
#3301 = EDGE_CURVE('',#3302,#3304,#3306,.T.);
#3302 = VERTEX_POINT('',#3303);
#3303 = CARTESIAN_POINT('',(125.261079,-67.645117,1.56));
#3304 = VERTEX_POINT('',#3305);
#3305 = CARTESIAN_POINT('',(124.678921,-67.645117,1.56));
#3306 = CIRCLE('',#3307,1.259432740716);
#3307 = AXIS2_PLACEMENT_3D('',#3308,#3309,#3310);
#3308 = CARTESIAN_POINT('',(124.97,-68.87045117651,1.56));
#3309 = DIRECTION('',(0.,0.,1.));
#3310 = DIRECTION('',(0.231119130534,0.972925458348,-0.));
#3311 = ORIENTED_EDGE('',*,*,#3312,.T.);
#3312 = EDGE_CURVE('',#3304,#3313,#3315,.T.);
#3313 = VERTEX_POINT('',#3314);
#3314 = CARTESIAN_POINT('',(124.601709,-67.696709,1.56));
#3315 = LINE('',#3316,#3317);
#3316 = CARTESIAN_POINT('',(124.678921,-67.645117,1.56));
#3317 = VECTOR('',#3318,1.);
#3318 = DIRECTION('',(-0.831466672344,-0.555574632953,0.));
#3319 = ORIENTED_EDGE('',*,*,#3320,.T.);
#3320 = EDGE_CURVE('',#3313,#3321,#3323,.T.);
#3321 = VERTEX_POINT('',#3322);
#3322 = CARTESIAN_POINT('',(124.550117,-67.773921,1.56));
#3323 = LINE('',#3324,#3325);
#3324 = CARTESIAN_POINT('',(124.601709,-67.696709,1.56));
#3325 = VECTOR('',#3326,1.);
#3326 = DIRECTION('',(-0.555574632953,-0.831466672344,0.));
#3327 = ORIENTED_EDGE('',*,*,#3328,.T.);
#3328 = EDGE_CURVE('',#3321,#3329,#3331,.T.);
#3329 = VERTEX_POINT('',#3330);
#3330 = CARTESIAN_POINT('',(124.532,-67.865,1.56));
#3331 = LINE('',#3332,#3333);
#3332 = CARTESIAN_POINT('',(124.550117,-67.773921,1.56));
#3333 = VECTOR('',#3334,1.);
#3334 = DIRECTION('',(-0.195093020356,-0.980784743666,0.));
#3335 = ORIENTED_EDGE('',*,*,#3336,.T.);
#3336 = EDGE_CURVE('',#3329,#3337,#3339,.T.);
#3337 = VERTEX_POINT('',#3338);
#3338 = CARTESIAN_POINT('',(124.532,-68.415,1.56));
#3339 = LINE('',#3340,#3341);
#3340 = CARTESIAN_POINT('',(124.532,-67.865,1.56));
#3341 = VECTOR('',#3342,1.);
#3342 = DIRECTION('',(0.,-1.,0.));
#3343 = ORIENTED_EDGE('',*,*,#3344,.T.);
#3344 = EDGE_CURVE('',#3337,#3345,#3347,.T.);
#3345 = VERTEX_POINT('',#3346);
#3346 = CARTESIAN_POINT('',(124.77,-68.653,1.56));
#3347 = CIRCLE('',#3348,0.238001413234);
#3348 = AXIS2_PLACEMENT_3D('',#3349,#3350,#3351);
#3349 = CARTESIAN_POINT('',(124.77000141323,-68.41499858677,1.56));
#3350 = DIRECTION('',(0.,0.,1.));
#3351 = DIRECTION('',(-0.999999999982,-5.937904285339E-06,0.));
#3352 = ORIENTED_EDGE('',*,*,#3353,.T.);
#3353 = EDGE_CURVE('',#3345,#3354,#3356,.T.);
#3354 = VERTEX_POINT('',#3355);
#3355 = CARTESIAN_POINT('',(125.17,-68.653,1.56));
#3356 = LINE('',#3357,#3358);
#3357 = CARTESIAN_POINT('',(124.77,-68.653,1.56));
#3358 = VECTOR('',#3359,1.);
#3359 = DIRECTION('',(1.,0.,0.));
#3360 = ORIENTED_EDGE('',*,*,#3361,.T.);
#3361 = EDGE_CURVE('',#3354,#3362,#3364,.T.);
#3362 = VERTEX_POINT('',#3363);
#3363 = CARTESIAN_POINT('',(125.408,-68.415,1.56));
#3364 = CIRCLE('',#3365,0.238001413234);
#3365 = AXIS2_PLACEMENT_3D('',#3366,#3367,#3368);
#3366 = CARTESIAN_POINT('',(125.16999858677,-68.41499858677,1.56));
#3367 = DIRECTION('',(0.,0.,1.));
#3368 = DIRECTION('',(5.937904285339E-06,-0.999999999982,0.));
#3369 = ORIENTED_EDGE('',*,*,#3370,.T.);
#3370 = EDGE_CURVE('',#3362,#3371,#3373,.T.);
#3371 = VERTEX_POINT('',#3372);
#3372 = CARTESIAN_POINT('',(125.408,-67.865,1.56));
#3373 = LINE('',#3374,#3375);
#3374 = CARTESIAN_POINT('',(125.408,-68.415,1.56));
#3375 = VECTOR('',#3376,1.);
#3376 = DIRECTION('',(0.,1.,0.));
#3377 = ORIENTED_EDGE('',*,*,#3378,.T.);
#3378 = EDGE_CURVE('',#3371,#3302,#3379,.T.);
#3379 = CIRCLE('',#3380,0.238000562417);
#3380 = AXIS2_PLACEMENT_3D('',#3381,#3382,#3383);
#3381 = CARTESIAN_POINT('',(125.16999943758,-67.86500056241,1.56));
#3382 = DIRECTION('',(0.,0.,1.));
#3383 = DIRECTION('',(0.999999999997,2.363087113978E-06,-0.));
#3384 = FACE_BOUND('',#3385,.F.);
#3385 = EDGE_LOOP('',(#3386,#3397,#3405,#3413,#3421,#3429,#3438,#3446,
    #3455,#3463));
#3386 = ORIENTED_EDGE('',*,*,#3387,.T.);
#3387 = EDGE_CURVE('',#3388,#3390,#3392,.T.);
#3388 = VERTEX_POINT('',#3389);
#3389 = CARTESIAN_POINT('',(126.901079,-67.645117,1.56));
#3390 = VERTEX_POINT('',#3391);
#3391 = CARTESIAN_POINT('',(126.318921,-67.645117,1.56));
#3392 = CIRCLE('',#3393,1.259432740716);
#3393 = AXIS2_PLACEMENT_3D('',#3394,#3395,#3396);
#3394 = CARTESIAN_POINT('',(126.61,-68.87045117651,1.56));
#3395 = DIRECTION('',(0.,0.,1.));
#3396 = DIRECTION('',(0.231119130534,0.972925458348,-0.));
#3397 = ORIENTED_EDGE('',*,*,#3398,.T.);
#3398 = EDGE_CURVE('',#3390,#3399,#3401,.T.);
#3399 = VERTEX_POINT('',#3400);
#3400 = CARTESIAN_POINT('',(126.241709,-67.696709,1.56));
#3401 = LINE('',#3402,#3403);
#3402 = CARTESIAN_POINT('',(126.318921,-67.645117,1.56));
#3403 = VECTOR('',#3404,1.);
#3404 = DIRECTION('',(-0.831466672344,-0.555574632953,0.));
#3405 = ORIENTED_EDGE('',*,*,#3406,.T.);
#3406 = EDGE_CURVE('',#3399,#3407,#3409,.T.);
#3407 = VERTEX_POINT('',#3408);
#3408 = CARTESIAN_POINT('',(126.190117,-67.773921,1.56));
#3409 = LINE('',#3410,#3411);
#3410 = CARTESIAN_POINT('',(126.241709,-67.696709,1.56));
#3411 = VECTOR('',#3412,1.);
#3412 = DIRECTION('',(-0.555574632953,-0.831466672344,0.));
#3413 = ORIENTED_EDGE('',*,*,#3414,.T.);
#3414 = EDGE_CURVE('',#3407,#3415,#3417,.T.);
#3415 = VERTEX_POINT('',#3416);
#3416 = CARTESIAN_POINT('',(126.172,-67.865,1.56));
#3417 = LINE('',#3418,#3419);
#3418 = CARTESIAN_POINT('',(126.190117,-67.773921,1.56));
#3419 = VECTOR('',#3420,1.);
#3420 = DIRECTION('',(-0.195093020356,-0.980784743666,0.));
#3421 = ORIENTED_EDGE('',*,*,#3422,.T.);
#3422 = EDGE_CURVE('',#3415,#3423,#3425,.T.);
#3423 = VERTEX_POINT('',#3424);
#3424 = CARTESIAN_POINT('',(126.172,-68.415,1.56));
#3425 = LINE('',#3426,#3427);
#3426 = CARTESIAN_POINT('',(126.172,-67.865,1.56));
#3427 = VECTOR('',#3428,1.);
#3428 = DIRECTION('',(0.,-1.,0.));
#3429 = ORIENTED_EDGE('',*,*,#3430,.T.);
#3430 = EDGE_CURVE('',#3423,#3431,#3433,.T.);
#3431 = VERTEX_POINT('',#3432);
#3432 = CARTESIAN_POINT('',(126.41,-68.653,1.56));
#3433 = CIRCLE('',#3434,0.238001413234);
#3434 = AXIS2_PLACEMENT_3D('',#3435,#3436,#3437);
#3435 = CARTESIAN_POINT('',(126.41000141323,-68.41499858677,1.56));
#3436 = DIRECTION('',(0.,0.,1.));
#3437 = DIRECTION('',(-0.999999999982,-5.937904285339E-06,0.));
#3438 = ORIENTED_EDGE('',*,*,#3439,.T.);
#3439 = EDGE_CURVE('',#3431,#3440,#3442,.T.);
#3440 = VERTEX_POINT('',#3441);
#3441 = CARTESIAN_POINT('',(126.81,-68.653,1.56));
#3442 = LINE('',#3443,#3444);
#3443 = CARTESIAN_POINT('',(126.41,-68.653,1.56));
#3444 = VECTOR('',#3445,1.);
#3445 = DIRECTION('',(1.,0.,0.));
#3446 = ORIENTED_EDGE('',*,*,#3447,.T.);
#3447 = EDGE_CURVE('',#3440,#3448,#3450,.T.);
#3448 = VERTEX_POINT('',#3449);
#3449 = CARTESIAN_POINT('',(127.048,-68.415,1.56));
#3450 = CIRCLE('',#3451,0.238001413234);
#3451 = AXIS2_PLACEMENT_3D('',#3452,#3453,#3454);
#3452 = CARTESIAN_POINT('',(126.80999858677,-68.41499858677,1.56));
#3453 = DIRECTION('',(0.,0.,1.));
#3454 = DIRECTION('',(5.937904225629E-06,-0.999999999982,0.));
#3455 = ORIENTED_EDGE('',*,*,#3456,.T.);
#3456 = EDGE_CURVE('',#3448,#3457,#3459,.T.);
#3457 = VERTEX_POINT('',#3458);
#3458 = CARTESIAN_POINT('',(127.048,-67.865,1.56));
#3459 = LINE('',#3460,#3461);
#3460 = CARTESIAN_POINT('',(127.048,-68.415,1.56));
#3461 = VECTOR('',#3462,1.);
#3462 = DIRECTION('',(0.,1.,0.));
#3463 = ORIENTED_EDGE('',*,*,#3464,.T.);
#3464 = EDGE_CURVE('',#3457,#3388,#3465,.T.);
#3465 = CIRCLE('',#3466,0.238000562417);
#3466 = AXIS2_PLACEMENT_3D('',#3467,#3468,#3469);
#3467 = CARTESIAN_POINT('',(126.80999943758,-67.86500056241,1.56));
#3468 = DIRECTION('',(0.,0.,1.));
#3469 = DIRECTION('',(0.999999999997,2.363087113978E-06,-0.));
#3470 = PLANE('',#3471);
#3471 = AXIS2_PLACEMENT_3D('',#3472,#3473,#3474);
#3472 = CARTESIAN_POINT('',(0.,0.,1.56));
#3473 = DIRECTION('',(0.,0.,1.));
#3474 = DIRECTION('',(1.,0.,-0.));
#3475 = ( GEOMETRIC_REPRESENTATION_CONTEXT(3) 
GLOBAL_UNCERTAINTY_ASSIGNED_CONTEXT((#3479)) 
GLOBAL_UNIT_ASSIGNED_CONTEXT((#3476,#3477,#3478)) REPRESENTATION_CONTEXT
('Context #1','3D Context with UNIT and UNCERTAINTY') );
#3476 = ( LENGTH_UNIT() NAMED_UNIT(*) SI_UNIT(.MILLI.,.METRE.) );
#3477 = ( NAMED_UNIT(*) PLANE_ANGLE_UNIT() SI_UNIT($,.RADIAN.) );
#3478 = ( NAMED_UNIT(*) SI_UNIT($,.STERADIAN.) SOLID_ANGLE_UNIT() );
#3479 = UNCERTAINTY_MEASURE_WITH_UNIT(LENGTH_MEASURE(1.E-07),#3476,
  'distance_accuracy_value','confusion accuracy');
#3480 = CONTEXT_DEPENDENT_SHAPE_REPRESENTATION(#3481,#3483);
#3481 = ( REPRESENTATION_RELATIONSHIP('','',#2616,#10) 
REPRESENTATION_RELATIONSHIP_WITH_TRANSFORMATION(#3482) 
SHAPE_REPRESENTATION_RELATIONSHIP() );
#3482 = ITEM_DEFINED_TRANSFORMATION('','',#11,#23);
#3483 = PRODUCT_DEFINITION_SHAPE('Placement','Placement of an item',
  #3484);
#3484 = NEXT_ASSEMBLY_USAGE_OCCURRENCE('3','=>[0:1:1:4]','',#5,#2611,$);
#3485 = PRODUCT_RELATED_PRODUCT_CATEGORY('part',$,(#2613));
#3486 = SHAPE_DEFINITION_REPRESENTATION(#3487,#3493);
#3487 = PRODUCT_DEFINITION_SHAPE('','',#3488);
#3488 = PRODUCT_DEFINITION('design','',#3489,#3492);
#3489 = PRODUCT_DEFINITION_FORMATION('','',#3490);
#3490 = PRODUCT('Flexible Heater_soldermask',
  'Flexible Heater_soldermask','',(#3491));
#3491 = PRODUCT_CONTEXT('',#2,'mechanical');
#3492 = PRODUCT_DEFINITION_CONTEXT('part definition',#2,'design');
#3493 = MANIFOLD_SURFACE_SHAPE_REPRESENTATION('',(#11,#3494),#3900);
#3494 = SHELL_BASED_SURFACE_MODEL('',(#3495));
#3495 = OPEN_SHELL('',(#3496));
#3496 = ADVANCED_FACE('',(#3497),#3895,.T.);
#3497 = FACE_BOUND('',#3498,.T.);
#3498 = EDGE_LOOP('',(#3499,#3510,#3518,#3526,#3534,#3543,#3551,#3559,
    #3567,#3576,#3584,#3592,#3600,#3609,#3617,#3625,#3633,#3642,#3650,
    #3658,#3666,#3675,#3683,#3691,#3699,#3708,#3716,#3724,#3732,#3741,
    #3749,#3757,#3765,#3774,#3782,#3790,#3798,#3807,#3815,#3823,#3831,
    #3840,#3848,#3856,#3864,#3873,#3881,#3889));
#3499 = ORIENTED_EDGE('',*,*,#3500,.T.);
#3500 = EDGE_CURVE('',#3501,#3503,#3505,.T.);
#3501 = VERTEX_POINT('',#3502);
#3502 = CARTESIAN_POINT('',(115.569335,-28.21443,-5.E-02));
#3503 = VERTEX_POINT('',#3504);
#3504 = CARTESIAN_POINT('',(116.001787,-27.781941,-5.E-02));
#3505 = CIRCLE('',#3506,0.502250518961);
#3506 = AXIS2_PLACEMENT_3D('',#3507,#3508,#3509);
#3507 = CARTESIAN_POINT('',(116.06730006185,-28.27990045871,-5.E-02));
#3508 = DIRECTION('',(0.,0.,-1.));
#3509 = DIRECTION('',(-0.991467490943,0.130354188283,0.));
#3510 = ORIENTED_EDGE('',*,*,#3511,.T.);
#3511 = EDGE_CURVE('',#3503,#3512,#3514,.T.);
#3512 = VERTEX_POINT('',#3513);
#3513 = CARTESIAN_POINT('',(116.067357,-27.78,-5.E-02));
#3514 = LINE('',#3515,#3516);
#3515 = CARTESIAN_POINT('',(116.001787,-27.781941,-5.E-02));
#3516 = VECTOR('',#3517,1.);
#3517 = DIRECTION('',(0.999562149953,2.958899089608E-02,0.));
#3518 = ORIENTED_EDGE('',*,*,#3519,.T.);
#3519 = EDGE_CURVE('',#3512,#3520,#3522,.T.);
#3520 = VERTEX_POINT('',#3521);
#3521 = CARTESIAN_POINT('',(134.351601,-27.78,-5.E-02));
#3522 = LINE('',#3523,#3524);
#3523 = CARTESIAN_POINT('',(116.067357,-27.78,-5.E-02));
#3524 = VECTOR('',#3525,1.);
#3525 = DIRECTION('',(1.,0.,0.));
#3526 = ORIENTED_EDGE('',*,*,#3527,.T.);
#3527 = EDGE_CURVE('',#3520,#3528,#3530,.T.);
#3528 = VERTEX_POINT('',#3529);
#3529 = CARTESIAN_POINT('',(134.417142,-27.782149,-5.E-02));
#3530 = LINE('',#3531,#3532);
#3531 = CARTESIAN_POINT('',(134.351601,-27.78,-5.E-02));
#3532 = VECTOR('',#3533,1.);
#3533 = DIRECTION('',(0.999462885718,-3.277102487614E-02,0.));
#3534 = ORIENTED_EDGE('',*,*,#3535,.T.);
#3535 = EDGE_CURVE('',#3528,#3536,#3538,.T.);
#3536 = VERTEX_POINT('',#3537);
#3537 = CARTESIAN_POINT('',(134.849451,-28.214459,-5.E-02));
#3538 = CIRCLE('',#3539,0.502261135885);
#3539 = AXIS2_PLACEMENT_3D('',#3540,#3541,#3542);
#3540 = CARTESIAN_POINT('',(134.35149793355,-28.2801019146,-5.E-02));
#3541 = DIRECTION('',(0.,0.,-1.));
#3542 = DIRECTION('',(0.130697085154,0.991422347908,0.));
#3543 = ORIENTED_EDGE('',*,*,#3544,.T.);
#3544 = EDGE_CURVE('',#3536,#3545,#3547,.T.);
#3545 = VERTEX_POINT('',#3546);
#3546 = CARTESIAN_POINT('',(134.851601,-28.28,-5.E-02));
#3547 = LINE('',#3548,#3549);
#3548 = CARTESIAN_POINT('',(134.849451,-28.214459,-5.E-02));
#3549 = VECTOR('',#3550,1.);
#3550 = DIRECTION('',(3.278625791769E-02,-0.999462386132,0.));
#3551 = ORIENTED_EDGE('',*,*,#3552,.T.);
#3552 = EDGE_CURVE('',#3545,#3553,#3555,.T.);
#3553 = VERTEX_POINT('',#3554);
#3554 = CARTESIAN_POINT('',(134.851601,-28.68,-5.E-02));
#3555 = LINE('',#3556,#3557);
#3556 = CARTESIAN_POINT('',(134.851601,-28.28,-5.E-02));
#3557 = VECTOR('',#3558,1.);
#3558 = DIRECTION('',(0.,-1.,0.));
#3559 = ORIENTED_EDGE('',*,*,#3560,.T.);
#3560 = EDGE_CURVE('',#3553,#3561,#3563,.T.);
#3561 = VERTEX_POINT('',#3562);
#3562 = CARTESIAN_POINT('',(134.853868,-28.84835,-5.E-02));
#3563 = LINE('',#3564,#3565);
#3564 = CARTESIAN_POINT('',(134.851601,-28.68,-5.E-02));
#3565 = VECTOR('',#3566,1.);
#3566 = DIRECTION('',(1.346477271775E-02,-0.999909345839,0.));
#3567 = ORIENTED_EDGE('',*,*,#3568,.T.);
#3568 = EDGE_CURVE('',#3561,#3569,#3571,.T.);
#3569 = VERTEX_POINT('',#3570);
#3570 = CARTESIAN_POINT('',(137.683251,-31.677733,-5.E-02));
#3571 = CIRCLE('',#3572,3.002349438809);
#3572 = AXIS2_PLACEMENT_3D('',#3573,#3574,#3575);
#3573 = CARTESIAN_POINT('',(137.85149949765,-28.68010150234,-5.E-02));
#3574 = DIRECTION('',(0.,0.,1.));
#3575 = DIRECTION('',(-0.998428583599,-5.603894586124E-02,0.));
#3576 = ORIENTED_EDGE('',*,*,#3577,.T.);
#3577 = EDGE_CURVE('',#3569,#3578,#3580,.T.);
#3578 = VERTEX_POINT('',#3579);
#3579 = CARTESIAN_POINT('',(137.851601,-31.68,-5.E-02));
#3580 = LINE('',#3581,#3582);
#3581 = CARTESIAN_POINT('',(137.683251,-31.677733,-5.E-02));
#3582 = VECTOR('',#3583,1.);
#3583 = DIRECTION('',(0.999909345839,-1.346477271765E-02,0.));
#3584 = ORIENTED_EDGE('',*,*,#3585,.T.);
#3585 = EDGE_CURVE('',#3578,#3586,#3588,.T.);
#3586 = VERTEX_POINT('',#3587);
#3587 = CARTESIAN_POINT('',(138.258958,-31.68,-5.E-02));
#3588 = LINE('',#3589,#3590);
#3589 = CARTESIAN_POINT('',(137.851601,-31.68,-5.E-02));
#3590 = VECTOR('',#3591,1.);
#3591 = DIRECTION('',(1.,0.,0.));
#3592 = ORIENTED_EDGE('',*,*,#3593,.T.);
#3593 = EDGE_CURVE('',#3586,#3594,#3596,.T.);
#3594 = VERTEX_POINT('',#3595);
#3595 = CARTESIAN_POINT('',(138.324505,-31.682088,-5.E-02));
#3596 = LINE('',#3597,#3598);
#3597 = CARTESIAN_POINT('',(138.258958,-31.68,-5.E-02));
#3598 = VECTOR('',#3599,1.);
#3599 = DIRECTION('',(0.999493015146,-3.183885480076E-02,0.));
#3600 = ORIENTED_EDGE('',*,*,#3601,.T.);
#3601 = EDGE_CURVE('',#3594,#3602,#3604,.T.);
#3602 = VERTEX_POINT('',#3603);
#3603 = CARTESIAN_POINT('',(138.75682,-32.114453,-5.E-02));
#3604 = CIRCLE('',#3605,0.502215926478);
#3605 = AXIS2_PLACEMENT_3D('',#3606,#3607,#3608);
#3606 = CARTESIAN_POINT('',(138.2588999586,-32.18000045751,-5.E-02));
#3607 = DIRECTION('',(0.,0.,-1.));
#3608 = DIRECTION('',(0.130631144762,0.991431038458,0.));
#3609 = ORIENTED_EDGE('',*,*,#3610,.T.);
#3610 = EDGE_CURVE('',#3602,#3611,#3613,.T.);
#3611 = VERTEX_POINT('',#3612);
#3612 = CARTESIAN_POINT('',(138.758958,-32.18,-5.E-02));
#3613 = LINE('',#3614,#3615);
#3614 = CARTESIAN_POINT('',(138.75682,-32.114453,-5.E-02));
#3615 = VECTOR('',#3616,1.);
#3616 = DIRECTION('',(3.260047865157E-02,-0.99946846313,0.));
#3617 = ORIENTED_EDGE('',*,*,#3618,.T.);
#3618 = EDGE_CURVE('',#3611,#3619,#3621,.T.);
#3619 = VERTEX_POINT('',#3620);
#3620 = CARTESIAN_POINT('',(138.758958,-106.862357,-5.E-02));
#3621 = LINE('',#3622,#3623);
#3622 = CARTESIAN_POINT('',(138.758958,-32.18,-5.E-02));
#3623 = VECTOR('',#3624,1.);
#3624 = DIRECTION('',(0.,-1.,0.));
#3625 = ORIENTED_EDGE('',*,*,#3626,.T.);
#3626 = EDGE_CURVE('',#3619,#3627,#3629,.T.);
#3627 = VERTEX_POINT('',#3628);
#3628 = CARTESIAN_POINT('',(138.757014,-106.927928,-5.E-02));
#3629 = LINE('',#3630,#3631);
#3630 = CARTESIAN_POINT('',(138.758958,-106.862357,-5.E-02));
#3631 = VECTOR('',#3632,1.);
#3632 = DIRECTION('',(-2.963423181105E-02,-0.999560809708,0.));
#3633 = ORIENTED_EDGE('',*,*,#3634,.T.);
#3634 = EDGE_CURVE('',#3627,#3635,#3637,.T.);
#3635 = VERTEX_POINT('',#3636);
#3636 = CARTESIAN_POINT('',(138.324529,-107.360414,-5.E-02));
#3637 = CIRCLE('',#3638,0.502303832059);
#3638 = AXIS2_PLACEMENT_3D('',#3639,#3640,#3641);
#3639 = CARTESIAN_POINT('',(138.25900239861,-106.8624025501,-5.E-02));
#3640 = DIRECTION('',(0.,0.,-1.));
#3641 = DIRECTION('',(0.99145491156,-0.130449830755,0.));
#3642 = ORIENTED_EDGE('',*,*,#3643,.T.);
#3643 = EDGE_CURVE('',#3635,#3644,#3646,.T.);
#3644 = VERTEX_POINT('',#3645);
#3645 = CARTESIAN_POINT('',(138.258958,-107.362357,-5.E-02));
#3646 = LINE('',#3647,#3648);
#3647 = CARTESIAN_POINT('',(138.324529,-107.360414,-5.E-02));
#3648 = VECTOR('',#3649,1.);
#3649 = DIRECTION('',(-0.999561261137,-2.961900124119E-02,0.));
#3650 = ORIENTED_EDGE('',*,*,#3651,.T.);
#3651 = EDGE_CURVE('',#3644,#3652,#3654,.T.);
#3652 = VERTEX_POINT('',#3653);
#3653 = CARTESIAN_POINT('',(137.851601,-107.362357,-5.E-02));
#3654 = LINE('',#3655,#3656);
#3655 = CARTESIAN_POINT('',(138.258958,-107.362357,-5.E-02));
#3656 = VECTOR('',#3657,1.);
#3657 = DIRECTION('',(-1.,0.,0.));
#3658 = ORIENTED_EDGE('',*,*,#3659,.T.);
#3659 = EDGE_CURVE('',#3652,#3660,#3662,.T.);
#3660 = VERTEX_POINT('',#3661);
#3661 = CARTESIAN_POINT('',(137.683259,-107.364761,-5.E-02));
#3662 = LINE('',#3663,#3664);
#3663 = CARTESIAN_POINT('',(137.851601,-107.362357,-5.E-02));
#3664 = VECTOR('',#3665,1.);
#3665 = DIRECTION('',(-0.999898049926,-1.427899699433E-02,0.));
#3666 = ORIENTED_EDGE('',*,*,#3667,.T.);
#3667 = EDGE_CURVE('',#3660,#3668,#3670,.T.);
#3668 = VERTEX_POINT('',#3669);
#3669 = CARTESIAN_POINT('',(134.853963,-110.194015,-5.E-02));
#3670 = CIRCLE('',#3671,3.00236065833);
#3671 = AXIS2_PLACEMENT_3D('',#3672,#3673,#3674);
#3672 = CARTESIAN_POINT('',(137.85159814634,-110.3623986456,-5.E-02));
#3673 = DIRECTION('',(0.,0.,1.));
#3674 = DIRECTION('',(-5.606892891874E-02,0.998426900284,0.));
#3675 = ORIENTED_EDGE('',*,*,#3676,.T.);
#3676 = EDGE_CURVE('',#3668,#3677,#3679,.T.);
#3677 = VERTEX_POINT('',#3678);
#3678 = CARTESIAN_POINT('',(134.851601,-110.362357,-5.E-02));
#3679 = LINE('',#3680,#3681);
#3680 = CARTESIAN_POINT('',(134.853963,-110.194015,-5.E-02));
#3681 = VECTOR('',#3682,1.);
#3682 = DIRECTION('',(-1.402957986352E-02,-0.999901580601,0.));
#3683 = ORIENTED_EDGE('',*,*,#3684,.T.);
#3684 = EDGE_CURVE('',#3677,#3685,#3687,.T.);
#3685 = VERTEX_POINT('',#3686);
#3686 = CARTESIAN_POINT('',(134.851601,-110.762357,-5.E-02));
#3687 = LINE('',#3688,#3689);
#3688 = CARTESIAN_POINT('',(134.851601,-110.362357,-5.E-02));
#3689 = VECTOR('',#3690,1.);
#3690 = DIRECTION('',(0.,-1.,0.));
#3691 = ORIENTED_EDGE('',*,*,#3692,.T.);
#3692 = EDGE_CURVE('',#3685,#3693,#3695,.T.);
#3693 = VERTEX_POINT('',#3694);
#3694 = CARTESIAN_POINT('',(134.849615,-110.827925,-5.E-02));
#3695 = LINE('',#3696,#3697);
#3696 = CARTESIAN_POINT('',(134.851601,-110.762357,-5.E-02));
#3697 = VECTOR('',#3698,1.);
#3698 = DIRECTION('',(-3.02752808511E-02,-0.999541598619,0.));
#3699 = ORIENTED_EDGE('',*,*,#3700,.T.);
#3700 = EDGE_CURVE('',#3693,#3701,#3703,.T.);
#3701 = VERTEX_POINT('',#3702);
#3702 = CARTESIAN_POINT('',(134.417169,-111.260409,-5.E-02));
#3703 = CIRCLE('',#3704,0.502305315015);
#3704 = AXIS2_PLACEMENT_3D('',#3705,#3706,#3707);
#3705 = CARTESIAN_POINT('',(134.35160165728,-110.7624014166,-5.E-02));
#3706 = DIRECTION('',(0.,0.,-1.));
#3707 = DIRECTION('',(0.991455451147,-0.130445729677,0.));
#3708 = ORIENTED_EDGE('',*,*,#3709,.T.);
#3709 = EDGE_CURVE('',#3701,#3710,#3712,.T.);
#3710 = VERTEX_POINT('',#3711);
#3711 = CARTESIAN_POINT('',(134.351601,-111.262357,-5.E-02));
#3712 = LINE('',#3713,#3714);
#3713 = CARTESIAN_POINT('',(134.417169,-111.260409,-5.E-02));
#3714 = VECTOR('',#3715,1.);
#3715 = DIRECTION('',(-0.999558961349,-2.969651135777E-02,0.));
#3716 = ORIENTED_EDGE('',*,*,#3717,.T.);
#3717 = EDGE_CURVE('',#3710,#3718,#3720,.T.);
#3718 = VERTEX_POINT('',#3719);
#3719 = CARTESIAN_POINT('',(116.067357,-111.262357,-5.E-02));
#3720 = LINE('',#3721,#3722);
#3721 = CARTESIAN_POINT('',(134.351601,-111.262357,-5.E-02));
#3722 = VECTOR('',#3723,1.);
#3723 = DIRECTION('',(-1.,0.,0.));
#3724 = ORIENTED_EDGE('',*,*,#3725,.T.);
#3725 = EDGE_CURVE('',#3718,#3726,#3728,.T.);
#3726 = VERTEX_POINT('',#3727);
#3727 = CARTESIAN_POINT('',(116.001807,-111.260298,-5.E-02));
#3728 = LINE('',#3729,#3730);
#3729 = CARTESIAN_POINT('',(116.067357,-111.262357,-5.E-02));
#3730 = VECTOR('',#3731,1.);
#3731 = DIRECTION('',(-0.999507035012,3.139565194628E-02,0.));
#3732 = ORIENTED_EDGE('',*,*,#3733,.T.);
#3733 = EDGE_CURVE('',#3726,#3734,#3736,.T.);
#3734 = VERTEX_POINT('',#3735);
#3735 = CARTESIAN_POINT('',(115.56949,-110.827908,-5.E-02));
#3736 = CIRCLE('',#3737,0.502199160622);
#3737 = AXIS2_PLACEMENT_3D('',#3738,#3739,#3740);
#3738 = CARTESIAN_POINT('',(116.06739841023,-110.7624006573,-5.E-02));
#3739 = DIRECTION('',(0.,0.,-1.));
#3740 = DIRECTION('',(-0.130608362941,-0.991434039929,-0.));
#3741 = ORIENTED_EDGE('',*,*,#3742,.T.);
#3742 = EDGE_CURVE('',#3734,#3743,#3745,.T.);
#3743 = VERTEX_POINT('',#3744);
#3744 = CARTESIAN_POINT('',(115.567357,-110.762357,-5.E-02));
#3745 = LINE('',#3746,#3747);
#3746 = CARTESIAN_POINT('',(115.56949,-110.827908,-5.E-02));
#3747 = VECTOR('',#3748,1.);
#3748 = DIRECTION('',(-3.252233622676E-02,0.999471008907,0.));
#3749 = ORIENTED_EDGE('',*,*,#3750,.T.);
#3750 = EDGE_CURVE('',#3743,#3751,#3753,.T.);
#3751 = VERTEX_POINT('',#3752);
#3752 = CARTESIAN_POINT('',(115.567357,-110.362357,-5.E-02));
#3753 = LINE('',#3754,#3755);
#3754 = CARTESIAN_POINT('',(115.567357,-110.762357,-5.E-02));
#3755 = VECTOR('',#3756,1.);
#3756 = DIRECTION('',(0.,1.,0.));
#3757 = ORIENTED_EDGE('',*,*,#3758,.T.);
#3758 = EDGE_CURVE('',#3751,#3759,#3761,.T.);
#3759 = VERTEX_POINT('',#3760);
#3760 = CARTESIAN_POINT('',(115.565081,-110.194011,-5.E-02));
#3761 = LINE('',#3762,#3763);
#3762 = CARTESIAN_POINT('',(115.567357,-110.362357,-5.E-02));
#3763 = VECTOR('',#3764,1.);
#3764 = DIRECTION('',(-1.351853931761E-02,0.999908620372,0.));
#3765 = ORIENTED_EDGE('',*,*,#3766,.T.);
#3766 = EDGE_CURVE('',#3759,#3767,#3769,.T.);
#3767 = VERTEX_POINT('',#3768);
#3768 = CARTESIAN_POINT('',(112.735703,-107.364714,-5.E-02));
#3769 = CIRCLE('',#3770,3.002408973915);
#3770 = AXIS2_PLACEMENT_3D('',#3771,#3772,#3773);
#3771 = CARTESIAN_POINT('',(112.56739787207,-110.3624019474,-5.E-02));
#3772 = DIRECTION('',(0.,0.,1.));
#3773 = DIRECTION('',(0.998425981926,5.608527983966E-02,-0.));
#3774 = ORIENTED_EDGE('',*,*,#3775,.T.);
#3775 = EDGE_CURVE('',#3767,#3776,#3778,.T.);
#3776 = VERTEX_POINT('',#3777);
#3777 = CARTESIAN_POINT('',(112.567357,-107.362357,-5.E-02));
#3778 = LINE('',#3779,#3780);
#3779 = CARTESIAN_POINT('',(112.735703,-107.364714,-5.E-02));
#3780 = VECTOR('',#3781,1.);
#3781 = DIRECTION('',(-0.999902001434,1.399955459223E-02,0.));
#3782 = ORIENTED_EDGE('',*,*,#3783,.T.);
#3783 = EDGE_CURVE('',#3776,#3784,#3786,.T.);
#3784 = VERTEX_POINT('',#3785);
#3785 = CARTESIAN_POINT('',(112.16,-107.362357,-5.E-02));
#3786 = LINE('',#3787,#3788);
#3787 = CARTESIAN_POINT('',(112.567357,-107.362357,-5.E-02));
#3788 = VECTOR('',#3789,1.);
#3789 = DIRECTION('',(-1.,0.,0.));
#3790 = ORIENTED_EDGE('',*,*,#3791,.T.);
#3791 = EDGE_CURVE('',#3784,#3792,#3794,.T.);
#3792 = VERTEX_POINT('',#3793);
#3793 = CARTESIAN_POINT('',(112.094431,-107.360365,-5.E-02));
#3794 = LINE('',#3795,#3796);
#3795 = CARTESIAN_POINT('',(112.16,-107.362357,-5.E-02));
#3796 = VECTOR('',#3797,1.);
#3797 = DIRECTION('',(-0.999538840614,3.036620004123E-02,0.));
#3798 = ORIENTED_EDGE('',*,*,#3799,.T.);
#3799 = EDGE_CURVE('',#3792,#3800,#3802,.T.);
#3800 = VERTEX_POINT('',#3801);
#3801 = CARTESIAN_POINT('',(111.661943,-106.927926,-5.E-02));
#3802 = CIRCLE('',#3803,0.502252197481);
#3803 = AXIS2_PLACEMENT_3D('',#3804,#3805,#3806);
#3804 = CARTESIAN_POINT('',(112.1599022318,-106.8623983468,-5.E-02));
#3805 = DIRECTION('',(0.,0.,-1.));
#3806 = DIRECTION('',(-0.130355291897,-0.991467345844,-0.));
#3807 = ORIENTED_EDGE('',*,*,#3808,.T.);
#3808 = EDGE_CURVE('',#3800,#3809,#3811,.T.);
#3809 = VERTEX_POINT('',#3810);
#3810 = CARTESIAN_POINT('',(111.66,-106.862357,-5.E-02));
#3811 = LINE('',#3812,#3813);
#3812 = CARTESIAN_POINT('',(111.661943,-106.927926,-5.E-02));
#3813 = VECTOR('',#3814,1.);
#3814 = DIRECTION('',(-2.961990389384E-02,0.999561234389,0.));
#3815 = ORIENTED_EDGE('',*,*,#3816,.T.);
#3816 = EDGE_CURVE('',#3809,#3817,#3819,.T.);
#3817 = VERTEX_POINT('',#3818);
#3818 = CARTESIAN_POINT('',(111.66,-32.18,-5.E-02));
#3819 = LINE('',#3820,#3821);
#3820 = CARTESIAN_POINT('',(111.66,-106.862357,-5.E-02));
#3821 = VECTOR('',#3822,1.);
#3822 = DIRECTION('',(0.,1.,0.));
#3823 = ORIENTED_EDGE('',*,*,#3824,.T.);
#3824 = EDGE_CURVE('',#3817,#3825,#3827,.T.);
#3825 = VERTEX_POINT('',#3826);
#3826 = CARTESIAN_POINT('',(111.662139,-32.114455,-5.E-02));
#3827 = LINE('',#3828,#3829);
#3828 = CARTESIAN_POINT('',(111.66,-32.18,-5.E-02));
#3829 = VECTOR('',#3830,1.);
#3830 = DIRECTION('',(3.261670471079E-02,0.99946793374,0.));
#3831 = ORIENTED_EDGE('',*,*,#3832,.T.);
#3832 = EDGE_CURVE('',#3825,#3833,#3835,.T.);
#3833 = VERTEX_POINT('',#3834);
#3834 = CARTESIAN_POINT('',(112.094455,-31.682139,-5.E-02));
#3835 = CIRCLE('',#3836,0.502156679257);
#3836 = AXIS2_PLACEMENT_3D('',#3837,#3838,#3839);
#3837 = CARTESIAN_POINT('',(112.15999965227,-32.17999965227,-5.E-02));
#3838 = DIRECTION('',(0.,0.,-1.));
#3839 = DIRECTION('',(-0.991444847471,0.130526297826,0.));
#3840 = ORIENTED_EDGE('',*,*,#3841,.T.);
#3841 = EDGE_CURVE('',#3833,#3842,#3844,.T.);
#3842 = VERTEX_POINT('',#3843);
#3843 = CARTESIAN_POINT('',(112.16,-31.68,-5.E-02));
#3844 = LINE('',#3845,#3846);
#3845 = CARTESIAN_POINT('',(112.094455,-31.682139,-5.E-02));
#3846 = VECTOR('',#3847,1.);
#3847 = DIRECTION('',(0.99946793374,3.261670471079E-02,0.));
#3848 = ORIENTED_EDGE('',*,*,#3849,.T.);
#3849 = EDGE_CURVE('',#3842,#3850,#3852,.T.);
#3850 = VERTEX_POINT('',#3851);
#3851 = CARTESIAN_POINT('',(112.567357,-31.68,-5.E-02));
#3852 = LINE('',#3853,#3854);
#3853 = CARTESIAN_POINT('',(112.16,-31.68,-5.E-02));
#3854 = VECTOR('',#3855,1.);
#3855 = DIRECTION('',(1.,0.,0.));
#3856 = ORIENTED_EDGE('',*,*,#3857,.T.);
#3857 = EDGE_CURVE('',#3850,#3858,#3860,.T.);
#3858 = VERTEX_POINT('',#3859);
#3859 = CARTESIAN_POINT('',(112.735698,-31.677594,-5.E-02));
#3860 = LINE('',#3861,#3862);
#3861 = CARTESIAN_POINT('',(112.567357,-31.68,-5.E-02));
#3862 = VECTOR('',#3863,1.);
#3863 = DIRECTION('',(0.999897879034,1.429095880954E-02,0.));
#3864 = ORIENTED_EDGE('',*,*,#3865,.T.);
#3865 = EDGE_CURVE('',#3858,#3866,#3868,.T.);
#3866 = VERTEX_POINT('',#3867);
#3867 = CARTESIAN_POINT('',(115.564992,-28.848341,-5.E-02));
#3868 = CIRCLE('',#3869,3.002419543999);
#3869 = AXIS2_PLACEMENT_3D('',#3870,#3871,#3872);
#3870 = CARTESIAN_POINT('',(112.56730106243,-28.67990062181,-5.E-02));
#3871 = DIRECTION('',(0.,0.,1.));
#3872 = DIRECTION('',(5.608707747247E-02,-0.998425880945,0.));
#3873 = ORIENTED_EDGE('',*,*,#3874,.T.);
#3874 = EDGE_CURVE('',#3866,#3875,#3877,.T.);
#3875 = VERTEX_POINT('',#3876);
#3876 = CARTESIAN_POINT('',(115.567357,-28.68,-5.E-02));
#3877 = LINE('',#3878,#3879);
#3878 = CARTESIAN_POINT('',(115.564992,-28.848341,-5.E-02));
#3879 = VECTOR('',#3880,1.);
#3880 = DIRECTION('',(1.404747888983E-02,0.9999013293,0.));
#3881 = ORIENTED_EDGE('',*,*,#3882,.T.);
#3882 = EDGE_CURVE('',#3875,#3883,#3885,.T.);
#3883 = VERTEX_POINT('',#3884);
#3884 = CARTESIAN_POINT('',(115.567357,-28.28,-5.E-02));
#3885 = LINE('',#3886,#3887);
#3886 = CARTESIAN_POINT('',(115.567357,-28.68,-5.E-02));
#3887 = VECTOR('',#3888,1.);
#3888 = DIRECTION('',(0.,1.,0.));
#3889 = ORIENTED_EDGE('',*,*,#3890,.T.);
#3890 = EDGE_CURVE('',#3883,#3501,#3891,.T.);
#3891 = LINE('',#3892,#3893);
#3892 = CARTESIAN_POINT('',(115.567357,-28.28,-5.E-02));
#3893 = VECTOR('',#3894,1.);
#3894 = DIRECTION('',(3.01525182566E-02,0.99954530945,0.));
#3895 = PLANE('',#3896);
#3896 = AXIS2_PLACEMENT_3D('',#3897,#3898,#3899);
#3897 = CARTESIAN_POINT('',(0.,0.,-5.E-02));
#3898 = DIRECTION('',(-0.,-0.,-1.));
#3899 = DIRECTION('',(-1.,0.,0.));
#3900 = ( GEOMETRIC_REPRESENTATION_CONTEXT(3) 
GLOBAL_UNCERTAINTY_ASSIGNED_CONTEXT((#3904)) 
GLOBAL_UNIT_ASSIGNED_CONTEXT((#3901,#3902,#3903)) REPRESENTATION_CONTEXT
('Context #1','3D Context with UNIT and UNCERTAINTY') );
#3901 = ( LENGTH_UNIT() NAMED_UNIT(*) SI_UNIT(.MILLI.,.METRE.) );
#3902 = ( NAMED_UNIT(*) PLANE_ANGLE_UNIT() SI_UNIT($,.RADIAN.) );
#3903 = ( NAMED_UNIT(*) SI_UNIT($,.STERADIAN.) SOLID_ANGLE_UNIT() );
#3904 = UNCERTAINTY_MEASURE_WITH_UNIT(LENGTH_MEASURE(1.E-07),#3901,
  'distance_accuracy_value','confusion accuracy');
#3905 = CONTEXT_DEPENDENT_SHAPE_REPRESENTATION(#3906,#3908);
#3906 = ( REPRESENTATION_RELATIONSHIP('','',#3493,#10) 
REPRESENTATION_RELATIONSHIP_WITH_TRANSFORMATION(#3907) 
SHAPE_REPRESENTATION_RELATIONSHIP() );
#3907 = ITEM_DEFINED_TRANSFORMATION('','',#11,#27);
#3908 = PRODUCT_DEFINITION_SHAPE('Placement','Placement of an item',
  #3909);
#3909 = NEXT_ASSEMBLY_USAGE_OCCURRENCE('4','=>[0:1:1:5]','',#5,#3488,$);
#3910 = PRODUCT_RELATED_PRODUCT_CATEGORY('part',$,(#3490));
#3911 = SHAPE_DEFINITION_REPRESENTATION(#3912,#3918);
#3912 = PRODUCT_DEFINITION_SHAPE('','',#3913);
#3913 = PRODUCT_DEFINITION('design','',#3914,#3917);
#3914 = PRODUCT_DEFINITION_FORMATION('','',#3915);
#3915 = PRODUCT('Flexible Heater_PCB','Flexible Heater_PCB','',(#3916));
#3916 = PRODUCT_CONTEXT('',#2,'mechanical');
#3917 = PRODUCT_DEFINITION_CONTEXT('part definition',#2,'design');
#3918 = ADVANCED_BREP_SHAPE_REPRESENTATION('',(#11,#3919),#4753);
#3919 = MANIFOLD_SOLID_BREP('',#3920);
#3920 = CLOSED_SHELL('',(#3921,#3963,#3994,#4027,#4058,#4091,#4122,#4155
    ,#4186,#4219,#4250,#4283,#4314,#4347,#4378,#4411,#4442,#4475,#4506,
    #4539,#4570,#4603,#4634,#4667,#4689,#4721));
#3921 = ADVANCED_FACE('',(#3922),#3958,.T.);
#3922 = FACE_BOUND('',#3923,.T.);
#3923 = EDGE_LOOP('',(#3924,#3934,#3943,#3951));
#3924 = ORIENTED_EDGE('',*,*,#3925,.T.);
#3925 = EDGE_CURVE('',#3926,#3928,#3930,.T.);
#3926 = VERTEX_POINT('',#3927);
#3927 = CARTESIAN_POINT('',(134.351601,-27.78,0.));
#3928 = VERTEX_POINT('',#3929);
#3929 = CARTESIAN_POINT('',(134.351601,-27.78,1.51));
#3930 = LINE('',#3931,#3932);
#3931 = CARTESIAN_POINT('',(134.351601,-27.78,0.));
#3932 = VECTOR('',#3933,1.);
#3933 = DIRECTION('',(0.,0.,1.));
#3934 = ORIENTED_EDGE('',*,*,#3935,.T.);
#3935 = EDGE_CURVE('',#3928,#3936,#3938,.T.);
#3936 = VERTEX_POINT('',#3937);
#3937 = CARTESIAN_POINT('',(134.851601,-28.28,1.51));
#3938 = CIRCLE('',#3939,0.500105504316);
#3939 = AXIS2_PLACEMENT_3D('',#3940,#3941,#3942);
#3940 = CARTESIAN_POINT('',(134.35149550681,-28.28010549319,1.51));
#3941 = DIRECTION('',(0.,0.,-1.));
#3942 = DIRECTION('',(2.109418692287E-04,0.999999977752,0.));
#3943 = ORIENTED_EDGE('',*,*,#3944,.F.);
#3944 = EDGE_CURVE('',#3945,#3936,#3947,.T.);
#3945 = VERTEX_POINT('',#3946);
#3946 = CARTESIAN_POINT('',(134.851601,-28.28,0.));
#3947 = LINE('',#3948,#3949);
#3948 = CARTESIAN_POINT('',(134.851601,-28.28,0.));
#3949 = VECTOR('',#3950,1.);
#3950 = DIRECTION('',(0.,0.,1.));
#3951 = ORIENTED_EDGE('',*,*,#3952,.F.);
#3952 = EDGE_CURVE('',#3926,#3945,#3953,.T.);
#3953 = CIRCLE('',#3954,0.500105504316);
#3954 = AXIS2_PLACEMENT_3D('',#3955,#3956,#3957);
#3955 = CARTESIAN_POINT('',(134.35149550681,-28.28010549319,0.));
#3956 = DIRECTION('',(0.,0.,-1.));
#3957 = DIRECTION('',(2.109418692287E-04,0.999999977752,0.));
#3958 = CYLINDRICAL_SURFACE('',#3959,0.500105504316);
#3959 = AXIS2_PLACEMENT_3D('',#3960,#3961,#3962);
#3960 = CARTESIAN_POINT('',(134.35149550681,-28.28010549319,0.));
#3961 = DIRECTION('',(0.,0.,-1.));
#3962 = DIRECTION('',(2.109418692287E-04,0.999999977752,0.));
#3963 = ADVANCED_FACE('',(#3964),#3989,.T.);
#3964 = FACE_BOUND('',#3965,.T.);
#3965 = EDGE_LOOP('',(#3966,#3967,#3975,#3983));
#3966 = ORIENTED_EDGE('',*,*,#3944,.T.);
#3967 = ORIENTED_EDGE('',*,*,#3968,.T.);
#3968 = EDGE_CURVE('',#3936,#3969,#3971,.T.);
#3969 = VERTEX_POINT('',#3970);
#3970 = CARTESIAN_POINT('',(134.851601,-28.68,1.51));
#3971 = LINE('',#3972,#3973);
#3972 = CARTESIAN_POINT('',(134.851601,-28.28,1.51));
#3973 = VECTOR('',#3974,1.);
#3974 = DIRECTION('',(0.,-1.,0.));
#3975 = ORIENTED_EDGE('',*,*,#3976,.F.);
#3976 = EDGE_CURVE('',#3977,#3969,#3979,.T.);
#3977 = VERTEX_POINT('',#3978);
#3978 = CARTESIAN_POINT('',(134.851601,-28.68,0.));
#3979 = LINE('',#3980,#3981);
#3980 = CARTESIAN_POINT('',(134.851601,-28.68,0.));
#3981 = VECTOR('',#3982,1.);
#3982 = DIRECTION('',(0.,0.,1.));
#3983 = ORIENTED_EDGE('',*,*,#3984,.F.);
#3984 = EDGE_CURVE('',#3945,#3977,#3985,.T.);
#3985 = LINE('',#3986,#3987);
#3986 = CARTESIAN_POINT('',(134.851601,-28.28,0.));
#3987 = VECTOR('',#3988,1.);
#3988 = DIRECTION('',(0.,-1.,0.));
#3989 = PLANE('',#3990);
#3990 = AXIS2_PLACEMENT_3D('',#3991,#3992,#3993);
#3991 = CARTESIAN_POINT('',(134.851601,-28.28,0.));
#3992 = DIRECTION('',(1.,0.,-0.));
#3993 = DIRECTION('',(0.,-1.,0.));
#3994 = ADVANCED_FACE('',(#3995),#4022,.F.);
#3995 = FACE_BOUND('',#3996,.T.);
#3996 = EDGE_LOOP('',(#3997,#3998,#4007,#4015));
#3997 = ORIENTED_EDGE('',*,*,#3976,.T.);
#3998 = ORIENTED_EDGE('',*,*,#3999,.T.);
#3999 = EDGE_CURVE('',#3969,#4000,#4002,.T.);
#4000 = VERTEX_POINT('',#4001);
#4001 = CARTESIAN_POINT('',(137.851601,-31.68,1.51));
#4002 = CIRCLE('',#4003,2.999893631572);
#4003 = AXIS2_PLACEMENT_3D('',#4004,#4005,#4006);
#4004 = CARTESIAN_POINT('',(137.85149462968,-28.68010637031,1.51));
#4005 = DIRECTION('',(0.,0.,1.));
#4006 = DIRECTION('',(-0.999999999371,3.54580285858E-05,0.));
#4007 = ORIENTED_EDGE('',*,*,#4008,.F.);
#4008 = EDGE_CURVE('',#4009,#4000,#4011,.T.);
#4009 = VERTEX_POINT('',#4010);
#4010 = CARTESIAN_POINT('',(137.851601,-31.68,0.));
#4011 = LINE('',#4012,#4013);
#4012 = CARTESIAN_POINT('',(137.851601,-31.68,0.));
#4013 = VECTOR('',#4014,1.);
#4014 = DIRECTION('',(0.,0.,1.));
#4015 = ORIENTED_EDGE('',*,*,#4016,.F.);
#4016 = EDGE_CURVE('',#3977,#4009,#4017,.T.);
#4017 = CIRCLE('',#4018,2.999893631572);
#4018 = AXIS2_PLACEMENT_3D('',#4019,#4020,#4021);
#4019 = CARTESIAN_POINT('',(137.85149462968,-28.68010637031,0.));
#4020 = DIRECTION('',(0.,0.,1.));
#4021 = DIRECTION('',(-0.999999999371,3.54580285858E-05,0.));
#4022 = CYLINDRICAL_SURFACE('',#4023,2.999893631572);
#4023 = AXIS2_PLACEMENT_3D('',#4024,#4025,#4026);
#4024 = CARTESIAN_POINT('',(137.85149462968,-28.68010637031,0.));
#4025 = DIRECTION('',(-0.,-0.,-1.));
#4026 = DIRECTION('',(-0.999999999371,3.54580285858E-05,0.));
#4027 = ADVANCED_FACE('',(#4028),#4053,.T.);
#4028 = FACE_BOUND('',#4029,.T.);
#4029 = EDGE_LOOP('',(#4030,#4031,#4039,#4047));
#4030 = ORIENTED_EDGE('',*,*,#4008,.T.);
#4031 = ORIENTED_EDGE('',*,*,#4032,.T.);
#4032 = EDGE_CURVE('',#4000,#4033,#4035,.T.);
#4033 = VERTEX_POINT('',#4034);
#4034 = CARTESIAN_POINT('',(138.258958,-31.68,1.51));
#4035 = LINE('',#4036,#4037);
#4036 = CARTESIAN_POINT('',(137.851601,-31.68,1.51));
#4037 = VECTOR('',#4038,1.);
#4038 = DIRECTION('',(1.,0.,0.));
#4039 = ORIENTED_EDGE('',*,*,#4040,.F.);
#4040 = EDGE_CURVE('',#4041,#4033,#4043,.T.);
#4041 = VERTEX_POINT('',#4042);
#4042 = CARTESIAN_POINT('',(138.258958,-31.68,0.));
#4043 = LINE('',#4044,#4045);
#4044 = CARTESIAN_POINT('',(138.258958,-31.68,0.));
#4045 = VECTOR('',#4046,1.);
#4046 = DIRECTION('',(0.,0.,1.));
#4047 = ORIENTED_EDGE('',*,*,#4048,.F.);
#4048 = EDGE_CURVE('',#4009,#4041,#4049,.T.);
#4049 = LINE('',#4050,#4051);
#4050 = CARTESIAN_POINT('',(137.851601,-31.68,0.));
#4051 = VECTOR('',#4052,1.);
#4052 = DIRECTION('',(1.,0.,0.));
#4053 = PLANE('',#4054);
#4054 = AXIS2_PLACEMENT_3D('',#4055,#4056,#4057);
#4055 = CARTESIAN_POINT('',(137.851601,-31.68,0.));
#4056 = DIRECTION('',(0.,1.,0.));
#4057 = DIRECTION('',(1.,0.,0.));
#4058 = ADVANCED_FACE('',(#4059),#4086,.T.);
#4059 = FACE_BOUND('',#4060,.T.);
#4060 = EDGE_LOOP('',(#4061,#4062,#4071,#4079));
#4061 = ORIENTED_EDGE('',*,*,#4040,.T.);
#4062 = ORIENTED_EDGE('',*,*,#4063,.T.);
#4063 = EDGE_CURVE('',#4033,#4064,#4066,.T.);
#4064 = VERTEX_POINT('',#4065);
#4065 = CARTESIAN_POINT('',(138.758958,-32.18,1.51));
#4066 = CIRCLE('',#4067,0.500032064827);
#4067 = AXIS2_PLACEMENT_3D('',#4068,#4069,#4070);
#4068 = CARTESIAN_POINT('',(138.2589259362,-32.18003206379,1.51));
#4069 = DIRECTION('',(0.,0.,-1.));
#4070 = DIRECTION('',(6.412348580592E-05,0.999999997944,0.));
#4071 = ORIENTED_EDGE('',*,*,#4072,.F.);
#4072 = EDGE_CURVE('',#4073,#4064,#4075,.T.);
#4073 = VERTEX_POINT('',#4074);
#4074 = CARTESIAN_POINT('',(138.758958,-32.18,0.));
#4075 = LINE('',#4076,#4077);
#4076 = CARTESIAN_POINT('',(138.758958,-32.18,0.));
#4077 = VECTOR('',#4078,1.);
#4078 = DIRECTION('',(0.,0.,1.));
#4079 = ORIENTED_EDGE('',*,*,#4080,.F.);
#4080 = EDGE_CURVE('',#4041,#4073,#4081,.T.);
#4081 = CIRCLE('',#4082,0.500032064827);
#4082 = AXIS2_PLACEMENT_3D('',#4083,#4084,#4085);
#4083 = CARTESIAN_POINT('',(138.2589259362,-32.18003206379,0.));
#4084 = DIRECTION('',(0.,0.,-1.));
#4085 = DIRECTION('',(6.412348580592E-05,0.999999997944,0.));
#4086 = CYLINDRICAL_SURFACE('',#4087,0.500032064827);
#4087 = AXIS2_PLACEMENT_3D('',#4088,#4089,#4090);
#4088 = CARTESIAN_POINT('',(138.2589259362,-32.18003206379,0.));
#4089 = DIRECTION('',(0.,0.,-1.));
#4090 = DIRECTION('',(6.412348580592E-05,0.999999997944,0.));
#4091 = ADVANCED_FACE('',(#4092),#4117,.T.);
#4092 = FACE_BOUND('',#4093,.T.);
#4093 = EDGE_LOOP('',(#4094,#4095,#4103,#4111));
#4094 = ORIENTED_EDGE('',*,*,#4072,.T.);
#4095 = ORIENTED_EDGE('',*,*,#4096,.T.);
#4096 = EDGE_CURVE('',#4064,#4097,#4099,.T.);
#4097 = VERTEX_POINT('',#4098);
#4098 = CARTESIAN_POINT('',(138.758958,-106.862357,1.51));
#4099 = LINE('',#4100,#4101);
#4100 = CARTESIAN_POINT('',(138.758958,-32.18,1.51));
#4101 = VECTOR('',#4102,1.);
#4102 = DIRECTION('',(0.,-1.,0.));
#4103 = ORIENTED_EDGE('',*,*,#4104,.F.);
#4104 = EDGE_CURVE('',#4105,#4097,#4107,.T.);
#4105 = VERTEX_POINT('',#4106);
#4106 = CARTESIAN_POINT('',(138.758958,-106.862357,0.));
#4107 = LINE('',#4108,#4109);
#4108 = CARTESIAN_POINT('',(138.758958,-106.862357,0.));
#4109 = VECTOR('',#4110,1.);
#4110 = DIRECTION('',(0.,0.,1.));
#4111 = ORIENTED_EDGE('',*,*,#4112,.F.);
#4112 = EDGE_CURVE('',#4073,#4105,#4113,.T.);
#4113 = LINE('',#4114,#4115);
#4114 = CARTESIAN_POINT('',(138.758958,-32.18,0.));
#4115 = VECTOR('',#4116,1.);
#4116 = DIRECTION('',(0.,-1.,0.));
#4117 = PLANE('',#4118);
#4118 = AXIS2_PLACEMENT_3D('',#4119,#4120,#4121);
#4119 = CARTESIAN_POINT('',(138.758958,-32.18,0.));
#4120 = DIRECTION('',(1.,0.,-0.));
#4121 = DIRECTION('',(0.,-1.,0.));
#4122 = ADVANCED_FACE('',(#4123),#4150,.T.);
#4123 = FACE_BOUND('',#4124,.T.);
#4124 = EDGE_LOOP('',(#4125,#4126,#4135,#4143));
#4125 = ORIENTED_EDGE('',*,*,#4104,.T.);
#4126 = ORIENTED_EDGE('',*,*,#4127,.T.);
#4127 = EDGE_CURVE('',#4097,#4128,#4130,.T.);
#4128 = VERTEX_POINT('',#4129);
#4129 = CARTESIAN_POINT('',(138.258958,-107.362357,1.51));
#4130 = CIRCLE('',#4131,0.499999626461);
#4131 = AXIS2_PLACEMENT_3D('',#4132,#4133,#4134);
#4132 = CARTESIAN_POINT('',(138.25895837353,-106.8623573735,1.51));
#4133 = DIRECTION('',(0.,0.,-1.));
#4134 = DIRECTION('',(1.,7.470781792246E-07,0.));
#4135 = ORIENTED_EDGE('',*,*,#4136,.F.);
#4136 = EDGE_CURVE('',#4137,#4128,#4139,.T.);
#4137 = VERTEX_POINT('',#4138);
#4138 = CARTESIAN_POINT('',(138.258958,-107.362357,0.));
#4139 = LINE('',#4140,#4141);
#4140 = CARTESIAN_POINT('',(138.258958,-107.362357,0.));
#4141 = VECTOR('',#4142,1.);
#4142 = DIRECTION('',(0.,0.,1.));
#4143 = ORIENTED_EDGE('',*,*,#4144,.F.);
#4144 = EDGE_CURVE('',#4105,#4137,#4145,.T.);
#4145 = CIRCLE('',#4146,0.499999626461);
#4146 = AXIS2_PLACEMENT_3D('',#4147,#4148,#4149);
#4147 = CARTESIAN_POINT('',(138.25895837353,-106.8623573735,0.));
#4148 = DIRECTION('',(0.,0.,-1.));
#4149 = DIRECTION('',(1.,7.470781792246E-07,0.));
#4150 = CYLINDRICAL_SURFACE('',#4151,0.499999626461);
#4151 = AXIS2_PLACEMENT_3D('',#4152,#4153,#4154);
#4152 = CARTESIAN_POINT('',(138.25895837353,-106.8623573735,0.));
#4153 = DIRECTION('',(0.,0.,-1.));
#4154 = DIRECTION('',(1.,7.470781792246E-07,0.));
#4155 = ADVANCED_FACE('',(#4156),#4181,.T.);
#4156 = FACE_BOUND('',#4157,.T.);
#4157 = EDGE_LOOP('',(#4158,#4159,#4167,#4175));
#4158 = ORIENTED_EDGE('',*,*,#4136,.T.);
#4159 = ORIENTED_EDGE('',*,*,#4160,.T.);
#4160 = EDGE_CURVE('',#4128,#4161,#4163,.T.);
#4161 = VERTEX_POINT('',#4162);
#4162 = CARTESIAN_POINT('',(137.851601,-107.362357,1.51));
#4163 = LINE('',#4164,#4165);
#4164 = CARTESIAN_POINT('',(138.258958,-107.362357,1.51));
#4165 = VECTOR('',#4166,1.);
#4166 = DIRECTION('',(-1.,0.,0.));
#4167 = ORIENTED_EDGE('',*,*,#4168,.F.);
#4168 = EDGE_CURVE('',#4169,#4161,#4171,.T.);
#4169 = VERTEX_POINT('',#4170);
#4170 = CARTESIAN_POINT('',(137.851601,-107.362357,0.));
#4171 = LINE('',#4172,#4173);
#4172 = CARTESIAN_POINT('',(137.851601,-107.362357,0.));
#4173 = VECTOR('',#4174,1.);
#4174 = DIRECTION('',(0.,0.,1.));
#4175 = ORIENTED_EDGE('',*,*,#4176,.F.);
#4176 = EDGE_CURVE('',#4137,#4169,#4177,.T.);
#4177 = LINE('',#4178,#4179);
#4178 = CARTESIAN_POINT('',(138.258958,-107.362357,0.));
#4179 = VECTOR('',#4180,1.);
#4180 = DIRECTION('',(-1.,0.,0.));
#4181 = PLANE('',#4182);
#4182 = AXIS2_PLACEMENT_3D('',#4183,#4184,#4185);
#4183 = CARTESIAN_POINT('',(138.258958,-107.362357,0.));
#4184 = DIRECTION('',(0.,-1.,0.));
#4185 = DIRECTION('',(-1.,0.,0.));
#4186 = ADVANCED_FACE('',(#4187),#4214,.F.);
#4187 = FACE_BOUND('',#4188,.T.);
#4188 = EDGE_LOOP('',(#4189,#4190,#4199,#4207));
#4189 = ORIENTED_EDGE('',*,*,#4168,.T.);
#4190 = ORIENTED_EDGE('',*,*,#4191,.T.);
#4191 = EDGE_CURVE('',#4161,#4192,#4194,.T.);
#4192 = VERTEX_POINT('',#4193);
#4193 = CARTESIAN_POINT('',(134.851601,-110.362357,1.51));
#4194 = CIRCLE('',#4195,3.000030194286);
#4195 = AXIS2_PLACEMENT_3D('',#4196,#4197,#4198);
#4196 = CARTESIAN_POINT('',(137.85163119413,-110.3623871941,1.51));
#4197 = DIRECTION('',(0.,0.,1.));
#4198 = DIRECTION('',(-1.006461005858E-05,0.999999999949,0.));
#4199 = ORIENTED_EDGE('',*,*,#4200,.F.);
#4200 = EDGE_CURVE('',#4201,#4192,#4203,.T.);
#4201 = VERTEX_POINT('',#4202);
#4202 = CARTESIAN_POINT('',(134.851601,-110.362357,0.));
#4203 = LINE('',#4204,#4205);
#4204 = CARTESIAN_POINT('',(134.851601,-110.362357,0.));
#4205 = VECTOR('',#4206,1.);
#4206 = DIRECTION('',(0.,0.,1.));
#4207 = ORIENTED_EDGE('',*,*,#4208,.F.);
#4208 = EDGE_CURVE('',#4169,#4201,#4209,.T.);
#4209 = CIRCLE('',#4210,3.000030194286);
#4210 = AXIS2_PLACEMENT_3D('',#4211,#4212,#4213);
#4211 = CARTESIAN_POINT('',(137.85163119413,-110.3623871941,0.));
#4212 = DIRECTION('',(0.,0.,1.));
#4213 = DIRECTION('',(-1.006461005858E-05,0.999999999949,0.));
#4214 = CYLINDRICAL_SURFACE('',#4215,3.000030194286);
#4215 = AXIS2_PLACEMENT_3D('',#4216,#4217,#4218);
#4216 = CARTESIAN_POINT('',(137.85163119413,-110.3623871941,0.));
#4217 = DIRECTION('',(-0.,-0.,-1.));
#4218 = DIRECTION('',(-1.006461005858E-05,0.999999999949,0.));
#4219 = ADVANCED_FACE('',(#4220),#4245,.T.);
#4220 = FACE_BOUND('',#4221,.T.);
#4221 = EDGE_LOOP('',(#4222,#4223,#4231,#4239));
#4222 = ORIENTED_EDGE('',*,*,#4200,.T.);
#4223 = ORIENTED_EDGE('',*,*,#4224,.T.);
#4224 = EDGE_CURVE('',#4192,#4225,#4227,.T.);
#4225 = VERTEX_POINT('',#4226);
#4226 = CARTESIAN_POINT('',(134.851601,-110.762357,1.51));
#4227 = LINE('',#4228,#4229);
#4228 = CARTESIAN_POINT('',(134.851601,-110.362357,1.51));
#4229 = VECTOR('',#4230,1.);
#4230 = DIRECTION('',(0.,-1.,0.));
#4231 = ORIENTED_EDGE('',*,*,#4232,.F.);
#4232 = EDGE_CURVE('',#4233,#4225,#4235,.T.);
#4233 = VERTEX_POINT('',#4234);
#4234 = CARTESIAN_POINT('',(134.851601,-110.762357,0.));
#4235 = LINE('',#4236,#4237);
#4236 = CARTESIAN_POINT('',(134.851601,-110.762357,0.));
#4237 = VECTOR('',#4238,1.);
#4238 = DIRECTION('',(0.,0.,1.));
#4239 = ORIENTED_EDGE('',*,*,#4240,.F.);
#4240 = EDGE_CURVE('',#4201,#4233,#4241,.T.);
#4241 = LINE('',#4242,#4243);
#4242 = CARTESIAN_POINT('',(134.851601,-110.362357,0.));
#4243 = VECTOR('',#4244,1.);
#4244 = DIRECTION('',(0.,-1.,0.));
#4245 = PLANE('',#4246);
#4246 = AXIS2_PLACEMENT_3D('',#4247,#4248,#4249);
#4247 = CARTESIAN_POINT('',(134.851601,-110.362357,0.));
#4248 = DIRECTION('',(1.,0.,-0.));
#4249 = DIRECTION('',(0.,-1.,0.));
#4250 = ADVANCED_FACE('',(#4251),#4278,.T.);
#4251 = FACE_BOUND('',#4252,.T.);
#4252 = EDGE_LOOP('',(#4253,#4254,#4263,#4271));
#4253 = ORIENTED_EDGE('',*,*,#4232,.T.);
#4254 = ORIENTED_EDGE('',*,*,#4255,.T.);
#4255 = EDGE_CURVE('',#4225,#4256,#4258,.T.);
#4256 = VERTEX_POINT('',#4257);
#4257 = CARTESIAN_POINT('',(134.351601,-111.262357,1.51));
#4258 = CIRCLE('',#4259,0.499968901638);
#4259 = AXIS2_PLACEMENT_3D('',#4260,#4261,#4262);
#4260 = CARTESIAN_POINT('',(134.35163209932,-110.7623880993,1.51));
#4261 = DIRECTION('',(0.,0.,-1.));
#4262 = DIRECTION('',(0.999999998065,6.220252675078E-05,0.));
#4263 = ORIENTED_EDGE('',*,*,#4264,.F.);
#4264 = EDGE_CURVE('',#4265,#4256,#4267,.T.);
#4265 = VERTEX_POINT('',#4266);
#4266 = CARTESIAN_POINT('',(134.351601,-111.262357,0.));
#4267 = LINE('',#4268,#4269);
#4268 = CARTESIAN_POINT('',(134.351601,-111.262357,0.));
#4269 = VECTOR('',#4270,1.);
#4270 = DIRECTION('',(0.,0.,1.));
#4271 = ORIENTED_EDGE('',*,*,#4272,.F.);
#4272 = EDGE_CURVE('',#4233,#4265,#4273,.T.);
#4273 = CIRCLE('',#4274,0.499968901638);
#4274 = AXIS2_PLACEMENT_3D('',#4275,#4276,#4277);
#4275 = CARTESIAN_POINT('',(134.35163209932,-110.7623880993,0.));
#4276 = DIRECTION('',(0.,0.,-1.));
#4277 = DIRECTION('',(0.999999998065,6.220252675078E-05,0.));
#4278 = CYLINDRICAL_SURFACE('',#4279,0.499968901638);
#4279 = AXIS2_PLACEMENT_3D('',#4280,#4281,#4282);
#4280 = CARTESIAN_POINT('',(134.35163209932,-110.7623880993,0.));
#4281 = DIRECTION('',(0.,0.,-1.));
#4282 = DIRECTION('',(0.999999998065,6.220252675078E-05,0.));
#4283 = ADVANCED_FACE('',(#4284),#4309,.T.);
#4284 = FACE_BOUND('',#4285,.T.);
#4285 = EDGE_LOOP('',(#4286,#4287,#4295,#4303));
#4286 = ORIENTED_EDGE('',*,*,#4264,.T.);
#4287 = ORIENTED_EDGE('',*,*,#4288,.T.);
#4288 = EDGE_CURVE('',#4256,#4289,#4291,.T.);
#4289 = VERTEX_POINT('',#4290);
#4290 = CARTESIAN_POINT('',(116.067357,-111.262357,1.51));
#4291 = LINE('',#4292,#4293);
#4292 = CARTESIAN_POINT('',(134.351601,-111.262357,1.51));
#4293 = VECTOR('',#4294,1.);
#4294 = DIRECTION('',(-1.,0.,0.));
#4295 = ORIENTED_EDGE('',*,*,#4296,.F.);
#4296 = EDGE_CURVE('',#4297,#4289,#4299,.T.);
#4297 = VERTEX_POINT('',#4298);
#4298 = CARTESIAN_POINT('',(116.067357,-111.262357,0.));
#4299 = LINE('',#4300,#4301);
#4300 = CARTESIAN_POINT('',(116.067357,-111.262357,0.));
#4301 = VECTOR('',#4302,1.);
#4302 = DIRECTION('',(0.,0.,1.));
#4303 = ORIENTED_EDGE('',*,*,#4304,.F.);
#4304 = EDGE_CURVE('',#4265,#4297,#4305,.T.);
#4305 = LINE('',#4306,#4307);
#4306 = CARTESIAN_POINT('',(134.351601,-111.262357,0.));
#4307 = VECTOR('',#4308,1.);
#4308 = DIRECTION('',(-1.,0.,0.));
#4309 = PLANE('',#4310);
#4310 = AXIS2_PLACEMENT_3D('',#4311,#4312,#4313);
#4311 = CARTESIAN_POINT('',(134.351601,-111.262357,0.));
#4312 = DIRECTION('',(0.,-1.,0.));
#4313 = DIRECTION('',(-1.,0.,0.));
#4314 = ADVANCED_FACE('',(#4315),#4342,.T.);
#4315 = FACE_BOUND('',#4316,.T.);
#4316 = EDGE_LOOP('',(#4317,#4318,#4327,#4335));
#4317 = ORIENTED_EDGE('',*,*,#4296,.T.);
#4318 = ORIENTED_EDGE('',*,*,#4319,.T.);
#4319 = EDGE_CURVE('',#4289,#4320,#4322,.T.);
#4320 = VERTEX_POINT('',#4321);
#4321 = CARTESIAN_POINT('',(115.567357,-110.762357,1.51));
#4322 = CIRCLE('',#4323,0.500001333575);
#4323 = AXIS2_PLACEMENT_3D('',#4324,#4325,#4326);
#4324 = CARTESIAN_POINT('',(116.06735833357,-110.7623556664,1.51));
#4325 = DIRECTION('',(0.,0.,-1.));
#4326 = DIRECTION('',(-2.667139134199E-06,-0.999999999996,-0.));
#4327 = ORIENTED_EDGE('',*,*,#4328,.F.);
#4328 = EDGE_CURVE('',#4329,#4320,#4331,.T.);
#4329 = VERTEX_POINT('',#4330);
#4330 = CARTESIAN_POINT('',(115.567357,-110.762357,0.));
#4331 = LINE('',#4332,#4333);
#4332 = CARTESIAN_POINT('',(115.567357,-110.762357,0.));
#4333 = VECTOR('',#4334,1.);
#4334 = DIRECTION('',(0.,0.,1.));
#4335 = ORIENTED_EDGE('',*,*,#4336,.F.);
#4336 = EDGE_CURVE('',#4297,#4329,#4337,.T.);
#4337 = CIRCLE('',#4338,0.500001333575);
#4338 = AXIS2_PLACEMENT_3D('',#4339,#4340,#4341);
#4339 = CARTESIAN_POINT('',(116.06735833357,-110.7623556664,0.));
#4340 = DIRECTION('',(0.,0.,-1.));
#4341 = DIRECTION('',(-2.667139134199E-06,-0.999999999996,-0.));
#4342 = CYLINDRICAL_SURFACE('',#4343,0.500001333575);
#4343 = AXIS2_PLACEMENT_3D('',#4344,#4345,#4346);
#4344 = CARTESIAN_POINT('',(116.06735833357,-110.7623556664,0.));
#4345 = DIRECTION('',(0.,0.,-1.));
#4346 = DIRECTION('',(-2.667139134199E-06,-0.999999999996,-0.));
#4347 = ADVANCED_FACE('',(#4348),#4373,.T.);
#4348 = FACE_BOUND('',#4349,.T.);
#4349 = EDGE_LOOP('',(#4350,#4351,#4359,#4367));
#4350 = ORIENTED_EDGE('',*,*,#4328,.T.);
#4351 = ORIENTED_EDGE('',*,*,#4352,.T.);
#4352 = EDGE_CURVE('',#4320,#4353,#4355,.T.);
#4353 = VERTEX_POINT('',#4354);
#4354 = CARTESIAN_POINT('',(115.567357,-110.362357,1.51));
#4355 = LINE('',#4356,#4357);
#4356 = CARTESIAN_POINT('',(115.567357,-110.762357,1.51));
#4357 = VECTOR('',#4358,1.);
#4358 = DIRECTION('',(0.,1.,0.));
#4359 = ORIENTED_EDGE('',*,*,#4360,.F.);
#4360 = EDGE_CURVE('',#4361,#4353,#4363,.T.);
#4361 = VERTEX_POINT('',#4362);
#4362 = CARTESIAN_POINT('',(115.567357,-110.362357,0.));
#4363 = LINE('',#4364,#4365);
#4364 = CARTESIAN_POINT('',(115.567357,-110.362357,0.));
#4365 = VECTOR('',#4366,1.);
#4366 = DIRECTION('',(0.,0.,1.));
#4367 = ORIENTED_EDGE('',*,*,#4368,.F.);
#4368 = EDGE_CURVE('',#4329,#4361,#4369,.T.);
#4369 = LINE('',#4370,#4371);
#4370 = CARTESIAN_POINT('',(115.567357,-110.762357,0.));
#4371 = VECTOR('',#4372,1.);
#4372 = DIRECTION('',(0.,1.,0.));
#4373 = PLANE('',#4374);
#4374 = AXIS2_PLACEMENT_3D('',#4375,#4376,#4377);
#4375 = CARTESIAN_POINT('',(115.567357,-110.762357,0.));
#4376 = DIRECTION('',(-1.,0.,0.));
#4377 = DIRECTION('',(0.,1.,0.));
#4378 = ADVANCED_FACE('',(#4379),#4406,.F.);
#4379 = FACE_BOUND('',#4380,.T.);
#4380 = EDGE_LOOP('',(#4381,#4382,#4391,#4399));
#4381 = ORIENTED_EDGE('',*,*,#4360,.T.);
#4382 = ORIENTED_EDGE('',*,*,#4383,.T.);
#4383 = EDGE_CURVE('',#4353,#4384,#4386,.T.);
#4384 = VERTEX_POINT('',#4385);
#4385 = CARTESIAN_POINT('',(112.567357,-107.362357,1.51));
#4386 = CIRCLE('',#4387,3.000001172987);
#4387 = AXIS2_PLACEMENT_3D('',#4388,#4389,#4390);
#4388 = CARTESIAN_POINT('',(112.56735582701,-110.3623581729,1.51));
#4389 = DIRECTION('',(0.,0.,1.));
#4390 = DIRECTION('',(1.,3.909953663434E-07,-0.));
#4391 = ORIENTED_EDGE('',*,*,#4392,.F.);
#4392 = EDGE_CURVE('',#4393,#4384,#4395,.T.);
#4393 = VERTEX_POINT('',#4394);
#4394 = CARTESIAN_POINT('',(112.567357,-107.362357,0.));
#4395 = LINE('',#4396,#4397);
#4396 = CARTESIAN_POINT('',(112.567357,-107.362357,0.));
#4397 = VECTOR('',#4398,1.);
#4398 = DIRECTION('',(0.,0.,1.));
#4399 = ORIENTED_EDGE('',*,*,#4400,.F.);
#4400 = EDGE_CURVE('',#4361,#4393,#4401,.T.);
#4401 = CIRCLE('',#4402,3.000001172987);
#4402 = AXIS2_PLACEMENT_3D('',#4403,#4404,#4405);
#4403 = CARTESIAN_POINT('',(112.56735582701,-110.3623581729,0.));
#4404 = DIRECTION('',(0.,0.,1.));
#4405 = DIRECTION('',(1.,3.909953663434E-07,-0.));
#4406 = CYLINDRICAL_SURFACE('',#4407,3.000001172987);
#4407 = AXIS2_PLACEMENT_3D('',#4408,#4409,#4410);
#4408 = CARTESIAN_POINT('',(112.56735582701,-110.3623581729,0.));
#4409 = DIRECTION('',(-0.,-0.,-1.));
#4410 = DIRECTION('',(1.,3.909953663434E-07,-0.));
#4411 = ADVANCED_FACE('',(#4412),#4437,.T.);
#4412 = FACE_BOUND('',#4413,.T.);
#4413 = EDGE_LOOP('',(#4414,#4415,#4423,#4431));
#4414 = ORIENTED_EDGE('',*,*,#4392,.T.);
#4415 = ORIENTED_EDGE('',*,*,#4416,.T.);
#4416 = EDGE_CURVE('',#4384,#4417,#4419,.T.);
#4417 = VERTEX_POINT('',#4418);
#4418 = CARTESIAN_POINT('',(112.16,-107.362357,1.51));
#4419 = LINE('',#4420,#4421);
#4420 = CARTESIAN_POINT('',(112.567357,-107.362357,1.51));
#4421 = VECTOR('',#4422,1.);
#4422 = DIRECTION('',(-1.,0.,0.));
#4423 = ORIENTED_EDGE('',*,*,#4424,.F.);
#4424 = EDGE_CURVE('',#4425,#4417,#4427,.T.);
#4425 = VERTEX_POINT('',#4426);
#4426 = CARTESIAN_POINT('',(112.16,-107.362357,0.));
#4427 = LINE('',#4428,#4429);
#4428 = CARTESIAN_POINT('',(112.16,-107.362357,0.));
#4429 = VECTOR('',#4430,1.);
#4430 = DIRECTION('',(0.,0.,1.));
#4431 = ORIENTED_EDGE('',*,*,#4432,.F.);
#4432 = EDGE_CURVE('',#4393,#4425,#4433,.T.);
#4433 = LINE('',#4434,#4435);
#4434 = CARTESIAN_POINT('',(112.567357,-107.362357,0.));
#4435 = VECTOR('',#4436,1.);
#4436 = DIRECTION('',(-1.,0.,0.));
#4437 = PLANE('',#4438);
#4438 = AXIS2_PLACEMENT_3D('',#4439,#4440,#4441);
#4439 = CARTESIAN_POINT('',(112.567357,-107.362357,0.));
#4440 = DIRECTION('',(0.,-1.,0.));
#4441 = DIRECTION('',(-1.,0.,0.));
#4442 = ADVANCED_FACE('',(#4443),#4470,.T.);
#4443 = FACE_BOUND('',#4444,.T.);
#4444 = EDGE_LOOP('',(#4445,#4446,#4455,#4463));
#4445 = ORIENTED_EDGE('',*,*,#4424,.T.);
#4446 = ORIENTED_EDGE('',*,*,#4447,.T.);
#4447 = EDGE_CURVE('',#4417,#4448,#4450,.T.);
#4448 = VERTEX_POINT('',#4449);
#4449 = CARTESIAN_POINT('',(111.66,-106.862357,1.51));
#4450 = CIRCLE('',#4451,0.499926239278);
#4451 = AXIS2_PLACEMENT_3D('',#4452,#4453,#4454);
#4452 = CARTESIAN_POINT('',(112.15992623383,-106.8624307661,1.51));
#4453 = DIRECTION('',(0.,0.,-1.));
#4454 = DIRECTION('',(1.475540965735E-04,-0.999999989114,0.));
#4455 = ORIENTED_EDGE('',*,*,#4456,.F.);
#4456 = EDGE_CURVE('',#4457,#4448,#4459,.T.);
#4457 = VERTEX_POINT('',#4458);
#4458 = CARTESIAN_POINT('',(111.66,-106.862357,0.));
#4459 = LINE('',#4460,#4461);
#4460 = CARTESIAN_POINT('',(111.66,-106.862357,0.));
#4461 = VECTOR('',#4462,1.);
#4462 = DIRECTION('',(0.,0.,1.));
#4463 = ORIENTED_EDGE('',*,*,#4464,.F.);
#4464 = EDGE_CURVE('',#4425,#4457,#4465,.T.);
#4465 = CIRCLE('',#4466,0.499926239278);
#4466 = AXIS2_PLACEMENT_3D('',#4467,#4468,#4469);
#4467 = CARTESIAN_POINT('',(112.15992623383,-106.8624307661,0.));
#4468 = DIRECTION('',(0.,0.,-1.));
#4469 = DIRECTION('',(1.475540965735E-04,-0.999999989114,0.));
#4470 = CYLINDRICAL_SURFACE('',#4471,0.499926239278);
#4471 = AXIS2_PLACEMENT_3D('',#4472,#4473,#4474);
#4472 = CARTESIAN_POINT('',(112.15992623383,-106.8624307661,0.));
#4473 = DIRECTION('',(0.,0.,-1.));
#4474 = DIRECTION('',(1.475540965735E-04,-0.999999989114,0.));
#4475 = ADVANCED_FACE('',(#4476),#4501,.T.);
#4476 = FACE_BOUND('',#4477,.T.);
#4477 = EDGE_LOOP('',(#4478,#4479,#4487,#4495));
#4478 = ORIENTED_EDGE('',*,*,#4456,.T.);
#4479 = ORIENTED_EDGE('',*,*,#4480,.T.);
#4480 = EDGE_CURVE('',#4448,#4481,#4483,.T.);
#4481 = VERTEX_POINT('',#4482);
#4482 = CARTESIAN_POINT('',(111.66,-32.18,1.51));
#4483 = LINE('',#4484,#4485);
#4484 = CARTESIAN_POINT('',(111.66,-106.862357,1.51));
#4485 = VECTOR('',#4486,1.);
#4486 = DIRECTION('',(0.,1.,0.));
#4487 = ORIENTED_EDGE('',*,*,#4488,.F.);
#4488 = EDGE_CURVE('',#4489,#4481,#4491,.T.);
#4489 = VERTEX_POINT('',#4490);
#4490 = CARTESIAN_POINT('',(111.66,-32.18,0.));
#4491 = LINE('',#4492,#4493);
#4492 = CARTESIAN_POINT('',(111.66,-32.18,0.));
#4493 = VECTOR('',#4494,1.);
#4494 = DIRECTION('',(0.,0.,1.));
#4495 = ORIENTED_EDGE('',*,*,#4496,.F.);
#4496 = EDGE_CURVE('',#4457,#4489,#4497,.T.);
#4497 = LINE('',#4498,#4499);
#4498 = CARTESIAN_POINT('',(111.66,-106.862357,0.));
#4499 = VECTOR('',#4500,1.);
#4500 = DIRECTION('',(0.,1.,0.));
#4501 = PLANE('',#4502);
#4502 = AXIS2_PLACEMENT_3D('',#4503,#4504,#4505);
#4503 = CARTESIAN_POINT('',(111.66,-106.862357,0.));
#4504 = DIRECTION('',(-1.,0.,0.));
#4505 = DIRECTION('',(0.,1.,0.));
#4506 = ADVANCED_FACE('',(#4507),#4534,.T.);
#4507 = FACE_BOUND('',#4508,.T.);
#4508 = EDGE_LOOP('',(#4509,#4510,#4519,#4527));
#4509 = ORIENTED_EDGE('',*,*,#4488,.T.);
#4510 = ORIENTED_EDGE('',*,*,#4511,.T.);
#4511 = EDGE_CURVE('',#4481,#4512,#4514,.T.);
#4512 = VERTEX_POINT('',#4513);
#4513 = CARTESIAN_POINT('',(112.16,-31.68,1.51));
#4514 = CIRCLE('',#4515,0.49995695512);
#4515 = AXIS2_PLACEMENT_3D('',#4516,#4517,#4518);
#4516 = CARTESIAN_POINT('',(112.15995695326,-32.17995695326,1.51));
#4517 = DIRECTION('',(0.,0.,-1.));
#4518 = DIRECTION('',(-0.999999996293,-8.610087938006E-05,-0.));
#4519 = ORIENTED_EDGE('',*,*,#4520,.F.);
#4520 = EDGE_CURVE('',#4521,#4512,#4523,.T.);
#4521 = VERTEX_POINT('',#4522);
#4522 = CARTESIAN_POINT('',(112.16,-31.68,0.));
#4523 = LINE('',#4524,#4525);
#4524 = CARTESIAN_POINT('',(112.16,-31.68,0.));
#4525 = VECTOR('',#4526,1.);
#4526 = DIRECTION('',(0.,0.,1.));
#4527 = ORIENTED_EDGE('',*,*,#4528,.F.);
#4528 = EDGE_CURVE('',#4489,#4521,#4529,.T.);
#4529 = CIRCLE('',#4530,0.49995695512);
#4530 = AXIS2_PLACEMENT_3D('',#4531,#4532,#4533);
#4531 = CARTESIAN_POINT('',(112.15995695326,-32.17995695326,0.));
#4532 = DIRECTION('',(0.,0.,-1.));
#4533 = DIRECTION('',(-0.999999996293,-8.610087938006E-05,-0.));
#4534 = CYLINDRICAL_SURFACE('',#4535,0.49995695512);
#4535 = AXIS2_PLACEMENT_3D('',#4536,#4537,#4538);
#4536 = CARTESIAN_POINT('',(112.15995695326,-32.17995695326,0.));
#4537 = DIRECTION('',(0.,0.,-1.));
#4538 = DIRECTION('',(-0.999999996293,-8.610087938006E-05,-0.));
#4539 = ADVANCED_FACE('',(#4540),#4565,.T.);
#4540 = FACE_BOUND('',#4541,.T.);
#4541 = EDGE_LOOP('',(#4542,#4543,#4551,#4559));
#4542 = ORIENTED_EDGE('',*,*,#4520,.T.);
#4543 = ORIENTED_EDGE('',*,*,#4544,.T.);
#4544 = EDGE_CURVE('',#4512,#4545,#4547,.T.);
#4545 = VERTEX_POINT('',#4546);
#4546 = CARTESIAN_POINT('',(112.567357,-31.68,1.51));
#4547 = LINE('',#4548,#4549);
#4548 = CARTESIAN_POINT('',(112.16,-31.68,1.51));
#4549 = VECTOR('',#4550,1.);
#4550 = DIRECTION('',(1.,0.,0.));
#4551 = ORIENTED_EDGE('',*,*,#4552,.F.);
#4552 = EDGE_CURVE('',#4553,#4545,#4555,.T.);
#4553 = VERTEX_POINT('',#4554);
#4554 = CARTESIAN_POINT('',(112.567357,-31.68,0.));
#4555 = LINE('',#4556,#4557);
#4556 = CARTESIAN_POINT('',(112.567357,-31.68,0.));
#4557 = VECTOR('',#4558,1.);
#4558 = DIRECTION('',(0.,0.,1.));
#4559 = ORIENTED_EDGE('',*,*,#4560,.F.);
#4560 = EDGE_CURVE('',#4521,#4553,#4561,.T.);
#4561 = LINE('',#4562,#4563);
#4562 = CARTESIAN_POINT('',(112.16,-31.68,0.));
#4563 = VECTOR('',#4564,1.);
#4564 = DIRECTION('',(1.,0.,0.));
#4565 = PLANE('',#4566);
#4566 = AXIS2_PLACEMENT_3D('',#4567,#4568,#4569);
#4567 = CARTESIAN_POINT('',(112.16,-31.68,0.));
#4568 = DIRECTION('',(0.,1.,0.));
#4569 = DIRECTION('',(1.,0.,0.));
#4570 = ADVANCED_FACE('',(#4571),#4598,.F.);
#4571 = FACE_BOUND('',#4572,.T.);
#4572 = EDGE_LOOP('',(#4573,#4574,#4583,#4591));
#4573 = ORIENTED_EDGE('',*,*,#4552,.T.);
#4574 = ORIENTED_EDGE('',*,*,#4575,.T.);
#4575 = EDGE_CURVE('',#4545,#4576,#4578,.T.);
#4576 = VERTEX_POINT('',#4577);
#4577 = CARTESIAN_POINT('',(115.567357,-28.68,1.51));
#4578 = CIRCLE('',#4579,3.000072874464);
#4579 = AXIS2_PLACEMENT_3D('',#4580,#4581,#4582);
#4580 = CARTESIAN_POINT('',(112.56728412642,-28.67992712642,1.51));
#4581 = DIRECTION('',(0.,0.,1.));
#4582 = DIRECTION('',(2.429060281266E-05,-0.999999999705,0.));
#4583 = ORIENTED_EDGE('',*,*,#4584,.F.);
#4584 = EDGE_CURVE('',#4585,#4576,#4587,.T.);
#4585 = VERTEX_POINT('',#4586);
#4586 = CARTESIAN_POINT('',(115.567357,-28.68,0.));
#4587 = LINE('',#4588,#4589);
#4588 = CARTESIAN_POINT('',(115.567357,-28.68,0.));
#4589 = VECTOR('',#4590,1.);
#4590 = DIRECTION('',(0.,0.,1.));
#4591 = ORIENTED_EDGE('',*,*,#4592,.F.);
#4592 = EDGE_CURVE('',#4553,#4585,#4593,.T.);
#4593 = CIRCLE('',#4594,3.000072874464);
#4594 = AXIS2_PLACEMENT_3D('',#4595,#4596,#4597);
#4595 = CARTESIAN_POINT('',(112.56728412642,-28.67992712642,0.));
#4596 = DIRECTION('',(0.,0.,1.));
#4597 = DIRECTION('',(2.429060281266E-05,-0.999999999705,0.));
#4598 = CYLINDRICAL_SURFACE('',#4599,3.000072874464);
#4599 = AXIS2_PLACEMENT_3D('',#4600,#4601,#4602);
#4600 = CARTESIAN_POINT('',(112.56728412642,-28.67992712642,0.));
#4601 = DIRECTION('',(-0.,-0.,-1.));
#4602 = DIRECTION('',(2.429060281266E-05,-0.999999999705,0.));
#4603 = ADVANCED_FACE('',(#4604),#4629,.T.);
#4604 = FACE_BOUND('',#4605,.T.);
#4605 = EDGE_LOOP('',(#4606,#4607,#4615,#4623));
#4606 = ORIENTED_EDGE('',*,*,#4584,.T.);
#4607 = ORIENTED_EDGE('',*,*,#4608,.T.);
#4608 = EDGE_CURVE('',#4576,#4609,#4611,.T.);
#4609 = VERTEX_POINT('',#4610);
#4610 = CARTESIAN_POINT('',(115.567357,-28.28,1.51));
#4611 = LINE('',#4612,#4613);
#4612 = CARTESIAN_POINT('',(115.567357,-28.68,1.51));
#4613 = VECTOR('',#4614,1.);
#4614 = DIRECTION('',(0.,1.,0.));
#4615 = ORIENTED_EDGE('',*,*,#4616,.F.);
#4616 = EDGE_CURVE('',#4617,#4609,#4619,.T.);
#4617 = VERTEX_POINT('',#4618);
#4618 = CARTESIAN_POINT('',(115.567357,-28.28,0.));
#4619 = LINE('',#4620,#4621);
#4620 = CARTESIAN_POINT('',(115.567357,-28.28,0.));
#4621 = VECTOR('',#4622,1.);
#4622 = DIRECTION('',(0.,0.,1.));
#4623 = ORIENTED_EDGE('',*,*,#4624,.F.);
#4624 = EDGE_CURVE('',#4585,#4617,#4625,.T.);
#4625 = LINE('',#4626,#4627);
#4626 = CARTESIAN_POINT('',(115.567357,-28.68,0.));
#4627 = VECTOR('',#4628,1.);
#4628 = DIRECTION('',(0.,1.,0.));
#4629 = PLANE('',#4630);
#4630 = AXIS2_PLACEMENT_3D('',#4631,#4632,#4633);
#4631 = CARTESIAN_POINT('',(115.567357,-28.68,0.));
#4632 = DIRECTION('',(-1.,0.,0.));
#4633 = DIRECTION('',(0.,1.,0.));
#4634 = ADVANCED_FACE('',(#4635),#4662,.T.);
#4635 = FACE_BOUND('',#4636,.T.);
#4636 = EDGE_LOOP('',(#4637,#4638,#4647,#4655));
#4637 = ORIENTED_EDGE('',*,*,#4616,.T.);
#4638 = ORIENTED_EDGE('',*,*,#4639,.T.);
#4639 = EDGE_CURVE('',#4609,#4640,#4642,.T.);
#4640 = VERTEX_POINT('',#4641);
#4641 = CARTESIAN_POINT('',(116.067357,-27.78,1.51));
#4642 = CIRCLE('',#4643,0.499926239278);
#4643 = AXIS2_PLACEMENT_3D('',#4644,#4645,#4646);
#4644 = CARTESIAN_POINT('',(116.06728323383,-28.27992623383,1.51));
#4645 = DIRECTION('',(0.,0.,-1.));
#4646 = DIRECTION('',(-0.999999989114,-1.475540966588E-04,-0.));
#4647 = ORIENTED_EDGE('',*,*,#4648,.F.);
#4648 = EDGE_CURVE('',#4649,#4640,#4651,.T.);
#4649 = VERTEX_POINT('',#4650);
#4650 = CARTESIAN_POINT('',(116.067357,-27.78,0.));
#4651 = LINE('',#4652,#4653);
#4652 = CARTESIAN_POINT('',(116.067357,-27.78,0.));
#4653 = VECTOR('',#4654,1.);
#4654 = DIRECTION('',(0.,0.,1.));
#4655 = ORIENTED_EDGE('',*,*,#4656,.F.);
#4656 = EDGE_CURVE('',#4617,#4649,#4657,.T.);
#4657 = CIRCLE('',#4658,0.499926239278);
#4658 = AXIS2_PLACEMENT_3D('',#4659,#4660,#4661);
#4659 = CARTESIAN_POINT('',(116.06728323383,-28.27992623383,0.));
#4660 = DIRECTION('',(0.,0.,-1.));
#4661 = DIRECTION('',(-0.999999989114,-1.475540966588E-04,-0.));
#4662 = CYLINDRICAL_SURFACE('',#4663,0.499926239278);
#4663 = AXIS2_PLACEMENT_3D('',#4664,#4665,#4666);
#4664 = CARTESIAN_POINT('',(116.06728323383,-28.27992623383,0.));
#4665 = DIRECTION('',(0.,0.,-1.));
#4666 = DIRECTION('',(-0.999999989114,-1.475540966588E-04,-0.));
#4667 = ADVANCED_FACE('',(#4668),#4684,.T.);
#4668 = FACE_BOUND('',#4669,.T.);
#4669 = EDGE_LOOP('',(#4670,#4671,#4677,#4678));
#4670 = ORIENTED_EDGE('',*,*,#4648,.T.);
#4671 = ORIENTED_EDGE('',*,*,#4672,.T.);
#4672 = EDGE_CURVE('',#4640,#3928,#4673,.T.);
#4673 = LINE('',#4674,#4675);
#4674 = CARTESIAN_POINT('',(116.067357,-27.78,1.51));
#4675 = VECTOR('',#4676,1.);
#4676 = DIRECTION('',(1.,0.,0.));
#4677 = ORIENTED_EDGE('',*,*,#3925,.F.);
#4678 = ORIENTED_EDGE('',*,*,#4679,.F.);
#4679 = EDGE_CURVE('',#4649,#3926,#4680,.T.);
#4680 = LINE('',#4681,#4682);
#4681 = CARTESIAN_POINT('',(116.067357,-27.78,0.));
#4682 = VECTOR('',#4683,1.);
#4683 = DIRECTION('',(1.,0.,0.));
#4684 = PLANE('',#4685);
#4685 = AXIS2_PLACEMENT_3D('',#4686,#4687,#4688);
#4686 = CARTESIAN_POINT('',(116.067357,-27.78,0.));
#4687 = DIRECTION('',(0.,1.,0.));
#4688 = DIRECTION('',(1.,0.,0.));
#4689 = ADVANCED_FACE('',(#4690),#4716,.F.);
#4690 = FACE_BOUND('',#4691,.T.);
#4691 = EDGE_LOOP('',(#4692,#4693,#4694,#4695,#4696,#4697,#4698,#4699,
    #4700,#4701,#4702,#4703,#4704,#4705,#4706,#4707,#4708,#4709,#4710,
    #4711,#4712,#4713,#4714,#4715));
#4692 = ORIENTED_EDGE('',*,*,#3952,.T.);
#4693 = ORIENTED_EDGE('',*,*,#3984,.T.);
#4694 = ORIENTED_EDGE('',*,*,#4016,.T.);
#4695 = ORIENTED_EDGE('',*,*,#4048,.T.);
#4696 = ORIENTED_EDGE('',*,*,#4080,.T.);
#4697 = ORIENTED_EDGE('',*,*,#4112,.T.);
#4698 = ORIENTED_EDGE('',*,*,#4144,.T.);
#4699 = ORIENTED_EDGE('',*,*,#4176,.T.);
#4700 = ORIENTED_EDGE('',*,*,#4208,.T.);
#4701 = ORIENTED_EDGE('',*,*,#4240,.T.);
#4702 = ORIENTED_EDGE('',*,*,#4272,.T.);
#4703 = ORIENTED_EDGE('',*,*,#4304,.T.);
#4704 = ORIENTED_EDGE('',*,*,#4336,.T.);
#4705 = ORIENTED_EDGE('',*,*,#4368,.T.);
#4706 = ORIENTED_EDGE('',*,*,#4400,.T.);
#4707 = ORIENTED_EDGE('',*,*,#4432,.T.);
#4708 = ORIENTED_EDGE('',*,*,#4464,.T.);
#4709 = ORIENTED_EDGE('',*,*,#4496,.T.);
#4710 = ORIENTED_EDGE('',*,*,#4528,.T.);
#4711 = ORIENTED_EDGE('',*,*,#4560,.T.);
#4712 = ORIENTED_EDGE('',*,*,#4592,.T.);
#4713 = ORIENTED_EDGE('',*,*,#4624,.T.);
#4714 = ORIENTED_EDGE('',*,*,#4656,.T.);
#4715 = ORIENTED_EDGE('',*,*,#4679,.T.);
#4716 = PLANE('',#4717);
#4717 = AXIS2_PLACEMENT_3D('',#4718,#4719,#4720);
#4718 = CARTESIAN_POINT('',(0.,0.,0.));
#4719 = DIRECTION('',(0.,0.,1.));
#4720 = DIRECTION('',(1.,0.,-0.));
#4721 = ADVANCED_FACE('',(#4722),#4748,.T.);
#4722 = FACE_BOUND('',#4723,.F.);
#4723 = EDGE_LOOP('',(#4724,#4725,#4726,#4727,#4728,#4729,#4730,#4731,
    #4732,#4733,#4734,#4735,#4736,#4737,#4738,#4739,#4740,#4741,#4742,
    #4743,#4744,#4745,#4746,#4747));
#4724 = ORIENTED_EDGE('',*,*,#3935,.T.);
#4725 = ORIENTED_EDGE('',*,*,#3968,.T.);
#4726 = ORIENTED_EDGE('',*,*,#3999,.T.);
#4727 = ORIENTED_EDGE('',*,*,#4032,.T.);
#4728 = ORIENTED_EDGE('',*,*,#4063,.T.);
#4729 = ORIENTED_EDGE('',*,*,#4096,.T.);
#4730 = ORIENTED_EDGE('',*,*,#4127,.T.);
#4731 = ORIENTED_EDGE('',*,*,#4160,.T.);
#4732 = ORIENTED_EDGE('',*,*,#4191,.T.);
#4733 = ORIENTED_EDGE('',*,*,#4224,.T.);
#4734 = ORIENTED_EDGE('',*,*,#4255,.T.);
#4735 = ORIENTED_EDGE('',*,*,#4288,.T.);
#4736 = ORIENTED_EDGE('',*,*,#4319,.T.);
#4737 = ORIENTED_EDGE('',*,*,#4352,.T.);
#4738 = ORIENTED_EDGE('',*,*,#4383,.T.);
#4739 = ORIENTED_EDGE('',*,*,#4416,.T.);
#4740 = ORIENTED_EDGE('',*,*,#4447,.T.);
#4741 = ORIENTED_EDGE('',*,*,#4480,.T.);
#4742 = ORIENTED_EDGE('',*,*,#4511,.T.);
#4743 = ORIENTED_EDGE('',*,*,#4544,.T.);
#4744 = ORIENTED_EDGE('',*,*,#4575,.T.);
#4745 = ORIENTED_EDGE('',*,*,#4608,.T.);
#4746 = ORIENTED_EDGE('',*,*,#4639,.T.);
#4747 = ORIENTED_EDGE('',*,*,#4672,.T.);
#4748 = PLANE('',#4749);
#4749 = AXIS2_PLACEMENT_3D('',#4750,#4751,#4752);
#4750 = CARTESIAN_POINT('',(0.,0.,1.51));
#4751 = DIRECTION('',(0.,0.,1.));
#4752 = DIRECTION('',(1.,0.,-0.));
#4753 = ( GEOMETRIC_REPRESENTATION_CONTEXT(3) 
GLOBAL_UNCERTAINTY_ASSIGNED_CONTEXT((#4757)) 
GLOBAL_UNIT_ASSIGNED_CONTEXT((#4754,#4755,#4756)) REPRESENTATION_CONTEXT
('Context #1','3D Context with UNIT and UNCERTAINTY') );
#4754 = ( LENGTH_UNIT() NAMED_UNIT(*) SI_UNIT(.MILLI.,.METRE.) );
#4755 = ( NAMED_UNIT(*) PLANE_ANGLE_UNIT() SI_UNIT($,.RADIAN.) );
#4756 = ( NAMED_UNIT(*) SI_UNIT($,.STERADIAN.) SOLID_ANGLE_UNIT() );
#4757 = UNCERTAINTY_MEASURE_WITH_UNIT(LENGTH_MEASURE(1.E-07),#4754,
  'distance_accuracy_value','confusion accuracy');
#4758 = CONTEXT_DEPENDENT_SHAPE_REPRESENTATION(#4759,#4761);
#4759 = ( REPRESENTATION_RELATIONSHIP('','',#3918,#10) 
REPRESENTATION_RELATIONSHIP_WITH_TRANSFORMATION(#4760) 
SHAPE_REPRESENTATION_RELATIONSHIP() );
#4760 = ITEM_DEFINED_TRANSFORMATION('','',#11,#31);
#4761 = PRODUCT_DEFINITION_SHAPE('Placement','Placement of an item',
  #4762);
#4762 = NEXT_ASSEMBLY_USAGE_OCCURRENCE('5','=>[0:1:1:6]','',#5,#3913,$);
#4763 = PRODUCT_RELATED_PRODUCT_CATEGORY('part',$,(#3915));
#4764 = MECHANICAL_DESIGN_GEOMETRIC_PRESENTATION_REPRESENTATION('',(
    #4765),#4753);
#4765 = STYLED_ITEM('color',(#4766),#3919);
#4766 = PRESENTATION_STYLE_ASSIGNMENT((#4767));
#4767 = SURFACE_STYLE_USAGE(.BOTH.,#4768);
#4768 = SURFACE_SIDE_STYLE('',(#4769,#4773));
#4769 = SURFACE_STYLE_FILL_AREA(#4770);
#4770 = FILL_AREA_STYLE('',(#4771));
#4771 = FILL_AREA_STYLE_COLOUR('',#4772);
#4772 = COLOUR_RGB('',0.679975718802,0.701410709185,0.574871009914);
#4773 = SURFACE_STYLE_RENDERING_WITH_PROPERTIES(.NORMAL_SHADING.,#4772,(
    #4774));
#4774 = SURFACE_STYLE_TRANSPARENT(1.999998092651E-02);
#4775 = MECHANICAL_DESIGN_GEOMETRIC_PRESENTATION_REPRESENTATION('',(
    #4776),#3900);
#4776 = STYLED_ITEM('color',(#4777),#3496);
#4777 = PRESENTATION_STYLE_ASSIGNMENT((#4778));
#4778 = SURFACE_STYLE_USAGE(.BOTH.,#4779);
#4779 = SURFACE_SIDE_STYLE('',(#4780,#4784));
#4780 = SURFACE_STYLE_FILL_AREA(#4781);
#4781 = FILL_AREA_STYLE('',(#4782));
#4782 = FILL_AREA_STYLE_COLOUR('',#4783);
#4783 = COLOUR_RGB('',0.313304153717,0.484529207832,0.410020903123);
#4784 = SURFACE_STYLE_RENDERING_WITH_PROPERTIES(.NORMAL_SHADING.,#4783,(
    #4785));
#4785 = SURFACE_STYLE_TRANSPARENT(0.170000016689);
#4786 = MECHANICAL_DESIGN_GEOMETRIC_PRESENTATION_REPRESENTATION('',(
    #4787,#4795,#4802,#4809,#4816,#4823,#4830,#4837,#4845,#4852,#4859,
    #4866,#4873,#4880,#4888,#4895,#4902,#4909,#4916,#4923,#4930,#4937,
    #4944,#4951,#4958,#4965),#839);
#4787 = STYLED_ITEM('color',(#4788),#51);
#4788 = PRESENTATION_STYLE_ASSIGNMENT((#4789));
#4789 = SURFACE_STYLE_USAGE(.BOTH.,#4790);
#4790 = SURFACE_SIDE_STYLE('',(#4791));
#4791 = SURFACE_STYLE_FILL_AREA(#4792);
#4792 = FILL_AREA_STYLE('',(#4793));
#4793 = FILL_AREA_STYLE_COLOUR('',#4794);
#4794 = COLOUR_RGB('',0.823999987314,0.819999987296,0.781000009244);
#4795 = STYLED_ITEM('color',(#4796),#91);
#4796 = PRESENTATION_STYLE_ASSIGNMENT((#4797));
#4797 = SURFACE_STYLE_USAGE(.BOTH.,#4798);
#4798 = SURFACE_SIDE_STYLE('',(#4799));
#4799 = SURFACE_STYLE_FILL_AREA(#4800);
#4800 = FILL_AREA_STYLE('',(#4801));
#4801 = FILL_AREA_STYLE_COLOUR('',#4794);
#4802 = STYLED_ITEM('color',(#4803),#174);
#4803 = PRESENTATION_STYLE_ASSIGNMENT((#4804));
#4804 = SURFACE_STYLE_USAGE(.BOTH.,#4805);
#4805 = SURFACE_SIDE_STYLE('',(#4806));
#4806 = SURFACE_STYLE_FILL_AREA(#4807);
#4807 = FILL_AREA_STYLE('',(#4808));
#4808 = FILL_AREA_STYLE_COLOUR('',#4794);
#4809 = STYLED_ITEM('color',(#4810),#199);
#4810 = PRESENTATION_STYLE_ASSIGNMENT((#4811));
#4811 = SURFACE_STYLE_USAGE(.BOTH.,#4812);
#4812 = SURFACE_SIDE_STYLE('',(#4813));
#4813 = SURFACE_STYLE_FILL_AREA(#4814);
#4814 = FILL_AREA_STYLE('',(#4815));
#4815 = FILL_AREA_STYLE_COLOUR('',#4794);
#4816 = STYLED_ITEM('color',(#4817),#224);
#4817 = PRESENTATION_STYLE_ASSIGNMENT((#4818));
#4818 = SURFACE_STYLE_USAGE(.BOTH.,#4819);
#4819 = SURFACE_SIDE_STYLE('',(#4820));
#4820 = SURFACE_STYLE_FILL_AREA(#4821);
#4821 = FILL_AREA_STYLE('',(#4822));
#4822 = FILL_AREA_STYLE_COLOUR('',#4794);
#4823 = STYLED_ITEM('color',(#4824),#291);
#4824 = PRESENTATION_STYLE_ASSIGNMENT((#4825));
#4825 = SURFACE_STYLE_USAGE(.BOTH.,#4826);
#4826 = SURFACE_SIDE_STYLE('',(#4827));
#4827 = SURFACE_STYLE_FILL_AREA(#4828);
#4828 = FILL_AREA_STYLE('',(#4829));
#4829 = FILL_AREA_STYLE_COLOUR('',#4794);
#4830 = STYLED_ITEM('color',(#4831),#308);
#4831 = PRESENTATION_STYLE_ASSIGNMENT((#4832));
#4832 = SURFACE_STYLE_USAGE(.BOTH.,#4833);
#4833 = SURFACE_SIDE_STYLE('',(#4834));
#4834 = SURFACE_STYLE_FILL_AREA(#4835);
#4835 = FILL_AREA_STYLE('',(#4836));
#4836 = FILL_AREA_STYLE_COLOUR('',#4794);
#4837 = STYLED_ITEM('color',(#4838),#325);
#4838 = PRESENTATION_STYLE_ASSIGNMENT((#4839));
#4839 = SURFACE_STYLE_USAGE(.BOTH.,#4840);
#4840 = SURFACE_SIDE_STYLE('',(#4841));
#4841 = SURFACE_STYLE_FILL_AREA(#4842);
#4842 = FILL_AREA_STYLE('',(#4843));
#4843 = FILL_AREA_STYLE_COLOUR('',#4844);
#4844 = COLOUR_RGB('',0.894999966383,0.890999961016,0.813000030345);
#4845 = STYLED_ITEM('color',(#4846),#374);
#4846 = PRESENTATION_STYLE_ASSIGNMENT((#4847));
#4847 = SURFACE_STYLE_USAGE(.BOTH.,#4848);
#4848 = SURFACE_SIDE_STYLE('',(#4849));
#4849 = SURFACE_STYLE_FILL_AREA(#4850);
#4850 = FILL_AREA_STYLE('',(#4851));
#4851 = FILL_AREA_STYLE_COLOUR('',#4794);
#4852 = STYLED_ITEM('color',(#4853),#391);
#4853 = PRESENTATION_STYLE_ASSIGNMENT((#4854));
#4854 = SURFACE_STYLE_USAGE(.BOTH.,#4855);
#4855 = SURFACE_SIDE_STYLE('',(#4856));
#4856 = SURFACE_STYLE_FILL_AREA(#4857);
#4857 = FILL_AREA_STYLE('',(#4858));
#4858 = FILL_AREA_STYLE_COLOUR('',#4794);
#4859 = STYLED_ITEM('color',(#4860),#408);
#4860 = PRESENTATION_STYLE_ASSIGNMENT((#4861));
#4861 = SURFACE_STYLE_USAGE(.BOTH.,#4862);
#4862 = SURFACE_SIDE_STYLE('',(#4863));
#4863 = SURFACE_STYLE_FILL_AREA(#4864);
#4864 = FILL_AREA_STYLE('',(#4865));
#4865 = FILL_AREA_STYLE_COLOUR('',#4844);
#4866 = STYLED_ITEM('color',(#4867),#457);
#4867 = PRESENTATION_STYLE_ASSIGNMENT((#4868));
#4868 = SURFACE_STYLE_USAGE(.BOTH.,#4869);
#4869 = SURFACE_SIDE_STYLE('',(#4870));
#4870 = SURFACE_STYLE_FILL_AREA(#4871);
#4871 = FILL_AREA_STYLE('',(#4872));
#4872 = FILL_AREA_STYLE_COLOUR('',#4844);
#4873 = STYLED_ITEM('color',(#4874),#474);
#4874 = PRESENTATION_STYLE_ASSIGNMENT((#4875));
#4875 = SURFACE_STYLE_USAGE(.BOTH.,#4876);
#4876 = SURFACE_SIDE_STYLE('',(#4877));
#4877 = SURFACE_STYLE_FILL_AREA(#4878);
#4878 = FILL_AREA_STYLE('',(#4879));
#4879 = FILL_AREA_STYLE_COLOUR('',#4794);
#4880 = STYLED_ITEM('color',(#4881),#543);
#4881 = PRESENTATION_STYLE_ASSIGNMENT((#4882));
#4882 = SURFACE_STYLE_USAGE(.BOTH.,#4883);
#4883 = SURFACE_SIDE_STYLE('',(#4884));
#4884 = SURFACE_STYLE_FILL_AREA(#4885);
#4885 = FILL_AREA_STYLE('',(#4886));
#4886 = FILL_AREA_STYLE_COLOUR('',#4887);
#4887 = COLOUR_RGB('',8.200000279077E-02,8.600000121357E-02,
  9.399999706163E-02);
#4888 = STYLED_ITEM('color',(#4889),#574);
#4889 = PRESENTATION_STYLE_ASSIGNMENT((#4890));
#4890 = SURFACE_STYLE_USAGE(.BOTH.,#4891);
#4891 = SURFACE_SIDE_STYLE('',(#4892));
#4892 = SURFACE_STYLE_FILL_AREA(#4893);
#4893 = FILL_AREA_STYLE('',(#4894));
#4894 = FILL_AREA_STYLE_COLOUR('',#4887);
#4895 = STYLED_ITEM('color',(#4896),#598);
#4896 = PRESENTATION_STYLE_ASSIGNMENT((#4897));
#4897 = SURFACE_STYLE_USAGE(.BOTH.,#4898);
#4898 = SURFACE_SIDE_STYLE('',(#4899));
#4899 = SURFACE_STYLE_FILL_AREA(#4900);
#4900 = FILL_AREA_STYLE('',(#4901));
#4901 = FILL_AREA_STYLE_COLOUR('',#4794);
#4902 = STYLED_ITEM('color',(#4903),#667);
#4903 = PRESENTATION_STYLE_ASSIGNMENT((#4904));
#4904 = SURFACE_STYLE_USAGE(.BOTH.,#4905);
#4905 = SURFACE_SIDE_STYLE('',(#4906));
#4906 = SURFACE_STYLE_FILL_AREA(#4907);
#4907 = FILL_AREA_STYLE('',(#4908));
#4908 = FILL_AREA_STYLE_COLOUR('',#4887);
#4909 = STYLED_ITEM('color',(#4910),#691);
#4910 = PRESENTATION_STYLE_ASSIGNMENT((#4911));
#4911 = SURFACE_STYLE_USAGE(.BOTH.,#4912);
#4912 = SURFACE_SIDE_STYLE('',(#4913));
#4913 = SURFACE_STYLE_FILL_AREA(#4914);
#4914 = FILL_AREA_STYLE('',(#4915));
#4915 = FILL_AREA_STYLE_COLOUR('',#4794);
#4916 = STYLED_ITEM('color',(#4917),#708);
#4917 = PRESENTATION_STYLE_ASSIGNMENT((#4918));
#4918 = SURFACE_STYLE_USAGE(.BOTH.,#4919);
#4919 = SURFACE_SIDE_STYLE('',(#4920));
#4920 = SURFACE_STYLE_FILL_AREA(#4921);
#4921 = FILL_AREA_STYLE('',(#4922));
#4922 = FILL_AREA_STYLE_COLOUR('',#4794);
#4923 = STYLED_ITEM('color',(#4924),#725);
#4924 = PRESENTATION_STYLE_ASSIGNMENT((#4925));
#4925 = SURFACE_STYLE_USAGE(.BOTH.,#4926);
#4926 = SURFACE_SIDE_STYLE('',(#4927));
#4927 = SURFACE_STYLE_FILL_AREA(#4928);
#4928 = FILL_AREA_STYLE('',(#4929));
#4929 = FILL_AREA_STYLE_COLOUR('',#4794);
#4930 = STYLED_ITEM('color',(#4931),#742);
#4931 = PRESENTATION_STYLE_ASSIGNMENT((#4932));
#4932 = SURFACE_STYLE_USAGE(.BOTH.,#4933);
#4933 = SURFACE_SIDE_STYLE('',(#4934));
#4934 = SURFACE_STYLE_FILL_AREA(#4935);
#4935 = FILL_AREA_STYLE('',(#4936));
#4936 = FILL_AREA_STYLE_COLOUR('',#4794);
#4937 = STYLED_ITEM('color',(#4938),#759);
#4938 = PRESENTATION_STYLE_ASSIGNMENT((#4939));
#4939 = SURFACE_STYLE_USAGE(.BOTH.,#4940);
#4940 = SURFACE_SIDE_STYLE('',(#4941));
#4941 = SURFACE_STYLE_FILL_AREA(#4942);
#4942 = FILL_AREA_STYLE('',(#4943));
#4943 = FILL_AREA_STYLE_COLOUR('',#4794);
#4944 = STYLED_ITEM('color',(#4945),#776);
#4945 = PRESENTATION_STYLE_ASSIGNMENT((#4946));
#4946 = SURFACE_STYLE_USAGE(.BOTH.,#4947);
#4947 = SURFACE_SIDE_STYLE('',(#4948));
#4948 = SURFACE_STYLE_FILL_AREA(#4949);
#4949 = FILL_AREA_STYLE('',(#4950));
#4950 = FILL_AREA_STYLE_COLOUR('',#4794);
#4951 = STYLED_ITEM('color',(#4952),#793);
#4952 = PRESENTATION_STYLE_ASSIGNMENT((#4953));
#4953 = SURFACE_STYLE_USAGE(.BOTH.,#4954);
#4954 = SURFACE_SIDE_STYLE('',(#4955));
#4955 = SURFACE_STYLE_FILL_AREA(#4956);
#4956 = FILL_AREA_STYLE('',(#4957));
#4957 = FILL_AREA_STYLE_COLOUR('',#4794);
#4958 = STYLED_ITEM('color',(#4959),#810);
#4959 = PRESENTATION_STYLE_ASSIGNMENT((#4960));
#4960 = SURFACE_STYLE_USAGE(.BOTH.,#4961);
#4961 = SURFACE_SIDE_STYLE('',(#4962));
#4962 = SURFACE_STYLE_FILL_AREA(#4963);
#4963 = FILL_AREA_STYLE('',(#4964));
#4964 = FILL_AREA_STYLE_COLOUR('',#4887);
#4965 = STYLED_ITEM('color',(#4966),#827);
#4966 = PRESENTATION_STYLE_ASSIGNMENT((#4967));
#4967 = SURFACE_STYLE_USAGE(.BOTH.,#4968);
#4968 = SURFACE_SIDE_STYLE('',(#4969));
#4969 = SURFACE_STYLE_FILL_AREA(#4970);
#4970 = FILL_AREA_STYLE('',(#4971));
#4971 = FILL_AREA_STYLE_COLOUR('',#4887);
#4972 = MECHANICAL_DESIGN_GEOMETRIC_PRESENTATION_REPRESENTATION('',(
    #4973),#3475);
#4973 = STYLED_ITEM('color',(#4974),#2619);
#4974 = PRESENTATION_STYLE_ASSIGNMENT((#4975));
#4975 = SURFACE_STYLE_USAGE(.BOTH.,#4976);
#4976 = SURFACE_SIDE_STYLE('',(#4977,#4980));
#4977 = SURFACE_STYLE_FILL_AREA(#4978);
#4978 = FILL_AREA_STYLE('',(#4979));
#4979 = FILL_AREA_STYLE_COLOUR('',#4783);
#4980 = SURFACE_STYLE_RENDERING_WITH_PROPERTIES(.NORMAL_SHADING.,#4783,(
    #4981));
#4981 = SURFACE_STYLE_TRANSPARENT(0.170000016689);
#4982 = MECHANICAL_DESIGN_GEOMETRIC_PRESENTATION_REPRESENTATION('',(
    #4983,#4991,#4998,#5005,#5012,#5019),#2598);
#4983 = STYLED_ITEM('color',(#4984),#858);
#4984 = PRESENTATION_STYLE_ASSIGNMENT((#4985));
#4985 = SURFACE_STYLE_USAGE(.BOTH.,#4986);
#4986 = SURFACE_SIDE_STYLE('',(#4987));
#4987 = SURFACE_STYLE_FILL_AREA(#4988);
#4988 = FILL_AREA_STYLE('',(#4989));
#4989 = FILL_AREA_STYLE_COLOUR('',#4990);
#4990 = COLOUR_RGB('',0.735356983052,0.735356983052,0.735356983052);
#4991 = STYLED_ITEM('color',(#4992),#1148);
#4992 = PRESENTATION_STYLE_ASSIGNMENT((#4993));
#4993 = SURFACE_STYLE_USAGE(.BOTH.,#4994);
#4994 = SURFACE_SIDE_STYLE('',(#4995));
#4995 = SURFACE_STYLE_FILL_AREA(#4996);
#4996 = FILL_AREA_STYLE('',(#4997));
#4997 = FILL_AREA_STYLE_COLOUR('',#4990);
#4998 = STYLED_ITEM('color',(#4999),#1438);
#4999 = PRESENTATION_STYLE_ASSIGNMENT((#5000));
#5000 = SURFACE_STYLE_USAGE(.BOTH.,#5001);
#5001 = SURFACE_SIDE_STYLE('',(#5002));
#5002 = SURFACE_STYLE_FILL_AREA(#5003);
#5003 = FILL_AREA_STYLE('',(#5004));
#5004 = FILL_AREA_STYLE_COLOUR('',#4990);
#5005 = STYLED_ITEM('color',(#5006),#1728);
#5006 = PRESENTATION_STYLE_ASSIGNMENT((#5007));
#5007 = SURFACE_STYLE_USAGE(.BOTH.,#5008);
#5008 = SURFACE_SIDE_STYLE('',(#5009));
#5009 = SURFACE_STYLE_FILL_AREA(#5010);
#5010 = FILL_AREA_STYLE('',(#5011));
#5011 = FILL_AREA_STYLE_COLOUR('',#4990);
#5012 = STYLED_ITEM('color',(#5013),#2018);
#5013 = PRESENTATION_STYLE_ASSIGNMENT((#5014));
#5014 = SURFACE_STYLE_USAGE(.BOTH.,#5015);
#5015 = SURFACE_SIDE_STYLE('',(#5016));
#5016 = SURFACE_STYLE_FILL_AREA(#5017);
#5017 = FILL_AREA_STYLE('',(#5018));
#5018 = FILL_AREA_STYLE_COLOUR('',#4990);
#5019 = STYLED_ITEM('color',(#5020),#2308);
#5020 = PRESENTATION_STYLE_ASSIGNMENT((#5021));
#5021 = SURFACE_STYLE_USAGE(.BOTH.,#5022);
#5022 = SURFACE_SIDE_STYLE('',(#5023));
#5023 = SURFACE_STYLE_FILL_AREA(#5024);
#5024 = FILL_AREA_STYLE('',(#5025));
#5025 = FILL_AREA_STYLE_COLOUR('',#4990);
ENDSEC;
END-ISO-10303-21;
