ISO-10303-21;
HEADER;
FILE_DESCRIPTION(('KiCad electronic assembly'),'2;1');
FILE_NAME('PCB.step','2026-04-22T00:45:18',('Pcbnew'),('Kicad'),
  'Open CASCADE STEP processor 7.9','KiCad to STEP converter','Unknown'
  );
FILE_SCHEMA(('AUTOMOTIVE_DESIGN { 1 0 10303 214 1 1 1 1 }'));
ENDSEC;
DATA;
#1 = APPLICATION_PROTOCOL_DEFINITION('international standard',
  'automotive_design',2000,#2);
#2 = APPLICATION_CONTEXT(
  'core data for automotive mechanical design processes');
#3 = SHAPE_DEFINITION_REPRESENTATION(#4,#10);
#4 = PRODUCT_DEFINITION_SHAPE('','',#5);
#5 = PRODUCT_DEFINITION('design','',#6,#9);
#6 = PRODUCT_DEFINITION_FORMATION('','',#7);
#7 = PRODUCT('PCB 1','PCB 1','',(#8));
#8 = PRODUCT_CONTEXT('',#2,'mechanical');
#9 = PRODUCT_DEFINITION_CONTEXT('part definition',#2,'design');
#10 = SHAPE_REPRESENTATION('',(#11,#15,#19,#23),#27);
#11 = AXIS2_PLACEMENT_3D('',#12,#13,#14);
#12 = CARTESIAN_POINT('',(0.,0.,0.));
#13 = DIRECTION('',(0.,0.,1.));
#14 = DIRECTION('',(1.,0.,-0.));
#15 = AXIS2_PLACEMENT_3D('',#16,#17,#18);
#16 = CARTESIAN_POINT('',(0.,0.,0.));
#17 = DIRECTION('',(0.,0.,1.));
#18 = DIRECTION('',(1.,0.,-0.));
#19 = AXIS2_PLACEMENT_3D('',#20,#21,#22);
#20 = CARTESIAN_POINT('',(0.,0.,0.));
#21 = DIRECTION('',(0.,0.,1.));
#22 = DIRECTION('',(1.,0.,-0.));
#23 = AXIS2_PLACEMENT_3D('',#24,#25,#26);
#24 = CARTESIAN_POINT('',(0.,0.,0.));
#25 = DIRECTION('',(0.,0.,1.));
#26 = DIRECTION('',(1.,0.,-0.));
#27 = ( GEOMETRIC_REPRESENTATION_CONTEXT(3) 
GLOBAL_UNCERTAINTY_ASSIGNED_CONTEXT((#31)) GLOBAL_UNIT_ASSIGNED_CONTEXT(
(#28,#29,#30)) REPRESENTATION_CONTEXT('Context #1',
  '3D Context with UNIT and UNCERTAINTY') );
#28 = ( LENGTH_UNIT() NAMED_UNIT(*) SI_UNIT(.MILLI.,.METRE.) );
#29 = ( NAMED_UNIT(*) PLANE_ANGLE_UNIT() SI_UNIT($,.RADIAN.) );
#30 = ( NAMED_UNIT(*) SI_UNIT($,.STERADIAN.) SOLID_ANGLE_UNIT() );
#31 = UNCERTAINTY_MEASURE_WITH_UNIT(LENGTH_MEASURE(1.E-07),#28,
  'distance_accuracy_value','confusion accuracy');
#32 = PRODUCT_RELATED_PRODUCT_CATEGORY('part',$,(#7));
#33 = SHAPE_DEFINITION_REPRESENTATION(#34,#40);
#34 = PRODUCT_DEFINITION_SHAPE('','',#35);
#35 = PRODUCT_DEFINITION('design','',#36,#39);
#36 = PRODUCT_DEFINITION_FORMATION('','',#37);
#37 = PRODUCT('Heating board - Copy_copper',
  'Heating board - Copy_copper','',(#38));
#38 = PRODUCT_CONTEXT('',#2,'mechanical');
#39 = PRODUCT_DEFINITION_CONTEXT('part definition',#2,'design');
#40 = SHAPE_REPRESENTATION('',(#11,#41,#492,#1141,#1891),#10873);
#41 = MANIFOLD_SOLID_BREP('',#42);
#42 = CLOSED_SHELL('',(#43,#85,#116,#147,#178,#209,#240,#271,#302,#335,
    #366,#397,#428,#450,#471));
#43 = ADVANCED_FACE('',(#44),#80,.T.);
#44 = FACE_BOUND('',#45,.F.);
#45 = EDGE_LOOP('',(#46,#56,#65,#73));
#46 = ORIENTED_EDGE('',*,*,#47,.T.);
#47 = EDGE_CURVE('',#48,#50,#52,.T.);
#48 = VERTEX_POINT('',#49);
#49 = CARTESIAN_POINT('',(140.417991,-79.848079,0.));
#50 = VERTEX_POINT('',#51);
#51 = CARTESIAN_POINT('',(140.417991,-79.848079,-3.5E-02));
#52 = LINE('',#53,#54);
#53 = CARTESIAN_POINT('',(140.417991,-79.848079,0.));
#54 = VECTOR('',#55,1.);
#55 = DIRECTION('',(0.,0.,-1.));
#56 = ORIENTED_EDGE('',*,*,#57,.T.);
#57 = EDGE_CURVE('',#50,#58,#60,.T.);
#58 = VERTEX_POINT('',#59);
#59 = CARTESIAN_POINT('',(140.417991,-79.651921,-3.5E-02));
#60 = CIRCLE('',#61,0.100000456609);
#61 = AXIS2_PLACEMENT_3D('',#62,#63,#64);
#62 = CARTESIAN_POINT('',(140.4375,-79.75,-3.5E-02));
#63 = DIRECTION('',(0.,0.,-1.));
#64 = DIRECTION('',(-0.195089109206,-0.980785521645,-0.));
#65 = ORIENTED_EDGE('',*,*,#66,.F.);
#66 = EDGE_CURVE('',#67,#58,#69,.T.);
#67 = VERTEX_POINT('',#68);
#68 = CARTESIAN_POINT('',(140.417991,-79.651921,0.));
#69 = LINE('',#70,#71);
#70 = CARTESIAN_POINT('',(140.417991,-79.651921,0.));
#71 = VECTOR('',#72,1.);
#72 = DIRECTION('',(0.,0.,-1.));
#73 = ORIENTED_EDGE('',*,*,#74,.F.);
#74 = EDGE_CURVE('',#48,#67,#75,.T.);
#75 = CIRCLE('',#76,0.100000456609);
#76 = AXIS2_PLACEMENT_3D('',#77,#78,#79);
#77 = CARTESIAN_POINT('',(140.4375,-79.75,0.));
#78 = DIRECTION('',(0.,0.,-1.));
#79 = DIRECTION('',(-0.195089109206,-0.980785521645,-0.));
#80 = CYLINDRICAL_SURFACE('',#81,0.100000456609);
#81 = AXIS2_PLACEMENT_3D('',#82,#83,#84);
#82 = CARTESIAN_POINT('',(140.4375,-79.75,0.));
#83 = DIRECTION('',(-0.,-0.,1.));
#84 = DIRECTION('',(-0.195089109206,-0.980785521645,-0.));
#85 = ADVANCED_FACE('',(#86),#111,.F.);
#86 = FACE_BOUND('',#87,.F.);
#87 = EDGE_LOOP('',(#88,#89,#97,#105));
#88 = ORIENTED_EDGE('',*,*,#66,.T.);
#89 = ORIENTED_EDGE('',*,*,#90,.T.);
#90 = EDGE_CURVE('',#58,#91,#93,.T.);
#91 = VERTEX_POINT('',#92);
#92 = CARTESIAN_POINT('',(160.444509,-79.651921,-3.5E-02));
#93 = LINE('',#94,#95);
#94 = CARTESIAN_POINT('',(140.417991,-79.651921,-3.5E-02));
#95 = VECTOR('',#96,1.);
#96 = DIRECTION('',(1.,0.,0.));
#97 = ORIENTED_EDGE('',*,*,#98,.F.);
#98 = EDGE_CURVE('',#99,#91,#101,.T.);
#99 = VERTEX_POINT('',#100);
#100 = CARTESIAN_POINT('',(160.444509,-79.651921,0.));
#101 = LINE('',#102,#103);
#102 = CARTESIAN_POINT('',(160.444509,-79.651921,0.));
#103 = VECTOR('',#104,1.);
#104 = DIRECTION('',(0.,0.,-1.));
#105 = ORIENTED_EDGE('',*,*,#106,.F.);
#106 = EDGE_CURVE('',#67,#99,#107,.T.);
#107 = LINE('',#108,#109);
#108 = CARTESIAN_POINT('',(140.417991,-79.651921,0.));
#109 = VECTOR('',#110,1.);
#110 = DIRECTION('',(1.,0.,0.));
#111 = PLANE('',#112);
#112 = AXIS2_PLACEMENT_3D('',#113,#114,#115);
#113 = CARTESIAN_POINT('',(140.417991,-79.651921,0.));
#114 = DIRECTION('',(0.,-1.,0.));
#115 = DIRECTION('',(1.,0.,0.));
#116 = ADVANCED_FACE('',(#117),#142,.F.);
#117 = FACE_BOUND('',#118,.F.);
#118 = EDGE_LOOP('',(#119,#120,#128,#136));
#119 = ORIENTED_EDGE('',*,*,#98,.T.);
#120 = ORIENTED_EDGE('',*,*,#121,.T.);
#121 = EDGE_CURVE('',#91,#122,#124,.T.);
#122 = VERTEX_POINT('',#123);
#123 = CARTESIAN_POINT('',(160.480557,-79.666853,-3.5E-02));
#124 = LINE('',#125,#126);
#125 = CARTESIAN_POINT('',(160.444509,-79.651921,-3.5E-02));
#126 = VECTOR('',#127,1.);
#127 = DIRECTION('',(0.923875640631,-0.38269282806,0.));
#128 = ORIENTED_EDGE('',*,*,#129,.F.);
#129 = EDGE_CURVE('',#130,#122,#132,.T.);
#130 = VERTEX_POINT('',#131);
#131 = CARTESIAN_POINT('',(160.480557,-79.666853,0.));
#132 = LINE('',#133,#134);
#133 = CARTESIAN_POINT('',(160.480557,-79.666853,0.));
#134 = VECTOR('',#135,1.);
#135 = DIRECTION('',(0.,0.,-1.));
#136 = ORIENTED_EDGE('',*,*,#137,.F.);
#137 = EDGE_CURVE('',#99,#130,#138,.T.);
#138 = LINE('',#139,#140);
#139 = CARTESIAN_POINT('',(160.444509,-79.651921,0.));
#140 = VECTOR('',#141,1.);
#141 = DIRECTION('',(0.923875640631,-0.38269282806,0.));
#142 = PLANE('',#143);
#143 = AXIS2_PLACEMENT_3D('',#144,#145,#146);
#144 = CARTESIAN_POINT('',(160.444509,-79.651921,0.));
#145 = DIRECTION('',(-0.38269282806,-0.923875640631,-0.));
#146 = DIRECTION('',(0.923875640631,-0.38269282806,0.));
#147 = ADVANCED_FACE('',(#148),#173,.F.);
#148 = FACE_BOUND('',#149,.F.);
#149 = EDGE_LOOP('',(#150,#151,#159,#167));
#150 = ORIENTED_EDGE('',*,*,#129,.T.);
#151 = ORIENTED_EDGE('',*,*,#152,.T.);
#152 = EDGE_CURVE('',#122,#153,#155,.T.);
#153 = VERTEX_POINT('',#154);
#154 = CARTESIAN_POINT('',(161.082148,-80.268443,-3.5E-02));
#155 = LINE('',#156,#157);
#156 = CARTESIAN_POINT('',(160.480557,-79.666853,-3.5E-02));
#157 = VECTOR('',#158,1.);
#158 = DIRECTION('',(0.707107368884,-0.707106193489,0.));
#159 = ORIENTED_EDGE('',*,*,#160,.F.);
#160 = EDGE_CURVE('',#161,#153,#163,.T.);
#161 = VERTEX_POINT('',#162);
#162 = CARTESIAN_POINT('',(161.082148,-80.268443,0.));
#163 = LINE('',#164,#165);
#164 = CARTESIAN_POINT('',(161.082148,-80.268443,0.));
#165 = VECTOR('',#166,1.);
#166 = DIRECTION('',(0.,0.,-1.));
#167 = ORIENTED_EDGE('',*,*,#168,.F.);
#168 = EDGE_CURVE('',#130,#161,#169,.T.);
#169 = LINE('',#170,#171);
#170 = CARTESIAN_POINT('',(160.480557,-79.666853,0.));
#171 = VECTOR('',#172,1.);
#172 = DIRECTION('',(0.707107368884,-0.707106193489,0.));
#173 = PLANE('',#174);
#174 = AXIS2_PLACEMENT_3D('',#175,#176,#177);
#175 = CARTESIAN_POINT('',(160.480557,-79.666853,0.));
#176 = DIRECTION('',(-0.707106193489,-0.707107368884,-0.));
#177 = DIRECTION('',(0.707107368884,-0.707106193489,0.));
#178 = ADVANCED_FACE('',(#179),#204,.F.);
#179 = FACE_BOUND('',#180,.F.);
#180 = EDGE_LOOP('',(#181,#182,#190,#198));
#181 = ORIENTED_EDGE('',*,*,#160,.T.);
#182 = ORIENTED_EDGE('',*,*,#183,.T.);
#183 = EDGE_CURVE('',#153,#184,#186,.T.);
#184 = VERTEX_POINT('',#185);
#185 = CARTESIAN_POINT('',(161.097079,-80.304491,-3.5E-02));
#186 = LINE('',#187,#188);
#187 = CARTESIAN_POINT('',(161.082148,-80.268443,-3.5E-02));
#188 = VECTOR('',#189,1.);
#189 = DIRECTION('',(0.382670952169,-0.923884701879,0.));
#190 = ORIENTED_EDGE('',*,*,#191,.F.);
#191 = EDGE_CURVE('',#192,#184,#194,.T.);
#192 = VERTEX_POINT('',#193);
#193 = CARTESIAN_POINT('',(161.097079,-80.304491,0.));
#194 = LINE('',#195,#196);
#195 = CARTESIAN_POINT('',(161.097079,-80.304491,0.));
#196 = VECTOR('',#197,1.);
#197 = DIRECTION('',(0.,0.,-1.));
#198 = ORIENTED_EDGE('',*,*,#199,.F.);
#199 = EDGE_CURVE('',#161,#192,#200,.T.);
#200 = LINE('',#201,#202);
#201 = CARTESIAN_POINT('',(161.082148,-80.268443,0.));
#202 = VECTOR('',#203,1.);
#203 = DIRECTION('',(0.382670952169,-0.923884701879,0.));
#204 = PLANE('',#205);
#205 = AXIS2_PLACEMENT_3D('',#206,#207,#208);
#206 = CARTESIAN_POINT('',(161.082148,-80.268443,0.));
#207 = DIRECTION('',(-0.923884701879,-0.382670952169,-0.));
#208 = DIRECTION('',(0.382670952169,-0.923884701879,0.));
#209 = ADVANCED_FACE('',(#210),#235,.F.);
#210 = FACE_BOUND('',#211,.F.);
#211 = EDGE_LOOP('',(#212,#213,#221,#229));
#212 = ORIENTED_EDGE('',*,*,#191,.T.);
#213 = ORIENTED_EDGE('',*,*,#214,.T.);
#214 = EDGE_CURVE('',#184,#215,#217,.T.);
#215 = VERTEX_POINT('',#216);
#216 = CARTESIAN_POINT('',(161.097079,-127.070509,-3.5E-02));
#217 = LINE('',#218,#219);
#218 = CARTESIAN_POINT('',(161.097079,-80.304491,-3.5E-02));
#219 = VECTOR('',#220,1.);
#220 = DIRECTION('',(0.,-1.,0.));
#221 = ORIENTED_EDGE('',*,*,#222,.F.);
#222 = EDGE_CURVE('',#223,#215,#225,.T.);
#223 = VERTEX_POINT('',#224);
#224 = CARTESIAN_POINT('',(161.097079,-127.070509,0.));
#225 = LINE('',#226,#227);
#226 = CARTESIAN_POINT('',(161.097079,-127.070509,0.));
#227 = VECTOR('',#228,1.);
#228 = DIRECTION('',(0.,0.,-1.));
#229 = ORIENTED_EDGE('',*,*,#230,.F.);
#230 = EDGE_CURVE('',#192,#223,#231,.T.);
#231 = LINE('',#232,#233);
#232 = CARTESIAN_POINT('',(161.097079,-80.304491,0.));
#233 = VECTOR('',#234,1.);
#234 = DIRECTION('',(0.,-1.,0.));
#235 = PLANE('',#236);
#236 = AXIS2_PLACEMENT_3D('',#237,#238,#239);
#237 = CARTESIAN_POINT('',(161.097079,-80.304491,0.));
#238 = DIRECTION('',(-1.,-0.,-0.));
#239 = DIRECTION('',(0.,-1.,0.));
#240 = ADVANCED_FACE('',(#241),#266,.F.);
#241 = FACE_BOUND('',#242,.F.);
#242 = EDGE_LOOP('',(#243,#244,#252,#260));
#243 = ORIENTED_EDGE('',*,*,#222,.T.);
#244 = ORIENTED_EDGE('',*,*,#245,.T.);
#245 = EDGE_CURVE('',#215,#246,#248,.T.);
#246 = VERTEX_POINT('',#247);
#247 = CARTESIAN_POINT('',(161.082147,-127.106557,-3.5E-02));
#248 = LINE('',#249,#250);
#249 = CARTESIAN_POINT('',(161.097079,-127.070509,-3.5E-02));
#250 = VECTOR('',#251,1.);
#251 = DIRECTION('',(-0.38269282806,-0.923875640631,0.));
#252 = ORIENTED_EDGE('',*,*,#253,.F.);
#253 = EDGE_CURVE('',#254,#246,#256,.T.);
#254 = VERTEX_POINT('',#255);
#255 = CARTESIAN_POINT('',(161.082147,-127.106557,0.));
#256 = LINE('',#257,#258);
#257 = CARTESIAN_POINT('',(161.082147,-127.106557,0.));
#258 = VECTOR('',#259,1.);
#259 = DIRECTION('',(0.,0.,-1.));
#260 = ORIENTED_EDGE('',*,*,#261,.F.);
#261 = EDGE_CURVE('',#223,#254,#262,.T.);
#262 = LINE('',#263,#264);
#263 = CARTESIAN_POINT('',(161.097079,-127.070509,0.));
#264 = VECTOR('',#265,1.);
#265 = DIRECTION('',(-0.38269282806,-0.923875640631,0.));
#266 = PLANE('',#267);
#267 = AXIS2_PLACEMENT_3D('',#268,#269,#270);
#268 = CARTESIAN_POINT('',(161.097079,-127.070509,0.));
#269 = DIRECTION('',(-0.923875640631,0.38269282806,0.));
#270 = DIRECTION('',(-0.38269282806,-0.923875640631,0.));
#271 = ADVANCED_FACE('',(#272),#297,.F.);
#272 = FACE_BOUND('',#273,.F.);
#273 = EDGE_LOOP('',(#274,#275,#283,#291));
#274 = ORIENTED_EDGE('',*,*,#253,.T.);
#275 = ORIENTED_EDGE('',*,*,#276,.T.);
#276 = EDGE_CURVE('',#246,#277,#279,.T.);
#277 = VERTEX_POINT('',#278);
#278 = CARTESIAN_POINT('',(160.734354,-127.454349,-3.5E-02));
#279 = LINE('',#280,#281);
#280 = CARTESIAN_POINT('',(161.082147,-127.106557,-3.5E-02));
#281 = VECTOR('',#282,1.);
#282 = DIRECTION('',(-0.70710779775,-0.707105764622,0.));
#283 = ORIENTED_EDGE('',*,*,#284,.F.);
#284 = EDGE_CURVE('',#285,#277,#287,.T.);
#285 = VERTEX_POINT('',#286);
#286 = CARTESIAN_POINT('',(160.734354,-127.454349,0.));
#287 = LINE('',#288,#289);
#288 = CARTESIAN_POINT('',(160.734354,-127.454349,0.));
#289 = VECTOR('',#290,1.);
#290 = DIRECTION('',(0.,0.,-1.));
#291 = ORIENTED_EDGE('',*,*,#292,.F.);
#292 = EDGE_CURVE('',#254,#285,#293,.T.);
#293 = LINE('',#294,#295);
#294 = CARTESIAN_POINT('',(161.082147,-127.106557,0.));
#295 = VECTOR('',#296,1.);
#296 = DIRECTION('',(-0.70710779775,-0.707105764622,0.));
#297 = PLANE('',#298);
#298 = AXIS2_PLACEMENT_3D('',#299,#300,#301);
#299 = CARTESIAN_POINT('',(161.082147,-127.106557,0.));
#300 = DIRECTION('',(-0.707105764622,0.70710779775,0.));
#301 = DIRECTION('',(-0.70710779775,-0.707105764622,0.));
#302 = ADVANCED_FACE('',(#303),#330,.F.);
#303 = FACE_BOUND('',#304,.F.);
#304 = EDGE_LOOP('',(#305,#306,#315,#323));
#305 = ORIENTED_EDGE('',*,*,#284,.T.);
#306 = ORIENTED_EDGE('',*,*,#307,.T.);
#307 = EDGE_CURVE('',#277,#308,#310,.T.);
#308 = VERTEX_POINT('',#309);
#309 = CARTESIAN_POINT('',(160.59496,-127.315246,-3.5E-02));
#310 = CIRCLE('',#311,0.264298850963);
#311 = AXIS2_PLACEMENT_3D('',#312,#313,#314);
#312 = CARTESIAN_POINT('',(160.4914041781,-127.5584127624,-3.5E-02));
#313 = DIRECTION('',(0.,0.,1.));
#314 = DIRECTION('',(0.91922390511,0.393735205784,-0.));
#315 = ORIENTED_EDGE('',*,*,#316,.F.);
#316 = EDGE_CURVE('',#317,#308,#319,.T.);
#317 = VERTEX_POINT('',#318);
#318 = CARTESIAN_POINT('',(160.59496,-127.315246,0.));
#319 = LINE('',#320,#321);
#320 = CARTESIAN_POINT('',(160.59496,-127.315246,0.));
#321 = VECTOR('',#322,1.);
#322 = DIRECTION('',(0.,0.,-1.));
#323 = ORIENTED_EDGE('',*,*,#324,.F.);
#324 = EDGE_CURVE('',#285,#317,#325,.T.);
#325 = CIRCLE('',#326,0.264298850963);
#326 = AXIS2_PLACEMENT_3D('',#327,#328,#329);
#327 = CARTESIAN_POINT('',(160.4914041781,-127.5584127624,0.));
#328 = DIRECTION('',(0.,0.,1.));
#329 = DIRECTION('',(0.91922390511,0.393735205784,-0.));
#330 = CYLINDRICAL_SURFACE('',#331,0.264298850963);
#331 = AXIS2_PLACEMENT_3D('',#332,#333,#334);
#332 = CARTESIAN_POINT('',(160.4914041781,-127.5584127624,0.));
#333 = DIRECTION('',(0.,0.,1.));
#334 = DIRECTION('',(0.91922390511,0.393735205784,-0.));
#335 = ADVANCED_FACE('',(#336),#361,.F.);
#336 = FACE_BOUND('',#337,.F.);
#337 = EDGE_LOOP('',(#338,#339,#347,#355));
#338 = ORIENTED_EDGE('',*,*,#316,.T.);
#339 = ORIENTED_EDGE('',*,*,#340,.T.);
#340 = EDGE_CURVE('',#308,#341,#343,.T.);
#341 = VERTEX_POINT('',#342);
#342 = CARTESIAN_POINT('',(160.899,-127.009578,-3.5E-02));
#343 = LINE('',#344,#345);
#344 = CARTESIAN_POINT('',(160.59496,-127.315246,-3.5E-02));
#345 = VECTOR('',#346,1.);
#346 = DIRECTION('',(0.705216199769,0.708992321244,0.));
#347 = ORIENTED_EDGE('',*,*,#348,.F.);
#348 = EDGE_CURVE('',#349,#341,#351,.T.);
#349 = VERTEX_POINT('',#350);
#350 = CARTESIAN_POINT('',(160.899,-127.009578,0.));
#351 = LINE('',#352,#353);
#352 = CARTESIAN_POINT('',(160.899,-127.009578,0.));
#353 = VECTOR('',#354,1.);
#354 = DIRECTION('',(0.,0.,-1.));
#355 = ORIENTED_EDGE('',*,*,#356,.F.);
#356 = EDGE_CURVE('',#317,#349,#357,.T.);
#357 = LINE('',#358,#359);
#358 = CARTESIAN_POINT('',(160.59496,-127.315246,0.));
#359 = VECTOR('',#360,1.);
#360 = DIRECTION('',(0.705216199769,0.708992321244,0.));
#361 = PLANE('',#362);
#362 = AXIS2_PLACEMENT_3D('',#363,#364,#365);
#363 = CARTESIAN_POINT('',(160.59496,-127.315246,0.));
#364 = DIRECTION('',(0.708992321244,-0.705216199769,0.));
#365 = DIRECTION('',(0.705216199769,0.708992321244,0.));
#366 = ADVANCED_FACE('',(#367),#392,.F.);
#367 = FACE_BOUND('',#368,.F.);
#368 = EDGE_LOOP('',(#369,#370,#378,#386));
#369 = ORIENTED_EDGE('',*,*,#348,.T.);
#370 = ORIENTED_EDGE('',*,*,#371,.T.);
#371 = EDGE_CURVE('',#341,#372,#374,.T.);
#372 = VERTEX_POINT('',#373);
#373 = CARTESIAN_POINT('',(160.899,-80.365421,-3.5E-02));
#374 = LINE('',#375,#376);
#375 = CARTESIAN_POINT('',(160.899,-127.009578,-3.5E-02));
#376 = VECTOR('',#377,1.);
#377 = DIRECTION('',(0.,1.,0.));
#378 = ORIENTED_EDGE('',*,*,#379,.F.);
#379 = EDGE_CURVE('',#380,#372,#382,.T.);
#380 = VERTEX_POINT('',#381);
#381 = CARTESIAN_POINT('',(160.899,-80.365421,0.));
#382 = LINE('',#383,#384);
#383 = CARTESIAN_POINT('',(160.899,-80.365421,0.));
#384 = VECTOR('',#385,1.);
#385 = DIRECTION('',(0.,0.,-1.));
#386 = ORIENTED_EDGE('',*,*,#387,.F.);
#387 = EDGE_CURVE('',#349,#380,#388,.T.);
#388 = LINE('',#389,#390);
#389 = CARTESIAN_POINT('',(160.899,-127.009578,0.));
#390 = VECTOR('',#391,1.);
#391 = DIRECTION('',(0.,1.,0.));
#392 = PLANE('',#393);
#393 = AXIS2_PLACEMENT_3D('',#394,#395,#396);
#394 = CARTESIAN_POINT('',(160.899,-127.009578,0.));
#395 = DIRECTION('',(1.,-0.,0.));
#396 = DIRECTION('',(0.,1.,0.));
#397 = ADVANCED_FACE('',(#398),#423,.F.);
#398 = FACE_BOUND('',#399,.F.);
#399 = EDGE_LOOP('',(#400,#401,#409,#417));
#400 = ORIENTED_EDGE('',*,*,#379,.T.);
#401 = ORIENTED_EDGE('',*,*,#402,.T.);
#402 = EDGE_CURVE('',#372,#403,#405,.T.);
#403 = VERTEX_POINT('',#404);
#404 = CARTESIAN_POINT('',(160.383578,-79.85,-3.5E-02));
#405 = LINE('',#406,#407);
#406 = CARTESIAN_POINT('',(160.899,-80.365421,-3.5E-02));
#407 = VECTOR('',#408,1.);
#408 = DIRECTION('',(-0.707107467136,0.707106095236,0.));
#409 = ORIENTED_EDGE('',*,*,#410,.F.);
#410 = EDGE_CURVE('',#411,#403,#413,.T.);
#411 = VERTEX_POINT('',#412);
#412 = CARTESIAN_POINT('',(160.383578,-79.85,0.));
#413 = LINE('',#414,#415);
#414 = CARTESIAN_POINT('',(160.383578,-79.85,0.));
#415 = VECTOR('',#416,1.);
#416 = DIRECTION('',(0.,0.,-1.));
#417 = ORIENTED_EDGE('',*,*,#418,.F.);
#418 = EDGE_CURVE('',#380,#411,#419,.T.);
#419 = LINE('',#420,#421);
#420 = CARTESIAN_POINT('',(160.899,-80.365421,0.));
#421 = VECTOR('',#422,1.);
#422 = DIRECTION('',(-0.707107467136,0.707106095236,0.));
#423 = PLANE('',#424);
#424 = AXIS2_PLACEMENT_3D('',#425,#426,#427);
#425 = CARTESIAN_POINT('',(160.899,-80.365421,0.));
#426 = DIRECTION('',(0.707106095236,0.707107467136,0.));
#427 = DIRECTION('',(-0.707107467136,0.707106095236,0.));
#428 = ADVANCED_FACE('',(#429),#445,.F.);
#429 = FACE_BOUND('',#430,.F.);
#430 = EDGE_LOOP('',(#431,#432,#438,#439));
#431 = ORIENTED_EDGE('',*,*,#410,.T.);
#432 = ORIENTED_EDGE('',*,*,#433,.T.);
#433 = EDGE_CURVE('',#403,#50,#434,.T.);
#434 = LINE('',#435,#436);
#435 = CARTESIAN_POINT('',(160.383578,-79.85,-3.5E-02));
#436 = VECTOR('',#437,1.);
#437 = DIRECTION('',(-0.999999995371,9.621555284621E-05,0.));
#438 = ORIENTED_EDGE('',*,*,#47,.F.);
#439 = ORIENTED_EDGE('',*,*,#440,.F.);
#440 = EDGE_CURVE('',#411,#48,#441,.T.);
#441 = LINE('',#442,#443);
#442 = CARTESIAN_POINT('',(160.383578,-79.85,0.));
#443 = VECTOR('',#444,1.);
#444 = DIRECTION('',(-0.999999995371,9.621555284621E-05,0.));
#445 = PLANE('',#446);
#446 = AXIS2_PLACEMENT_3D('',#447,#448,#449);
#447 = CARTESIAN_POINT('',(160.383578,-79.85,0.));
#448 = DIRECTION('',(9.621555284621E-05,0.999999995371,0.));
#449 = DIRECTION('',(-0.999999995371,9.621555284621E-05,0.));
#450 = ADVANCED_FACE('',(#451),#466,.F.);
#451 = FACE_BOUND('',#452,.F.);
#452 = EDGE_LOOP('',(#453,#454,#455,#456,#457,#458,#459,#460,#461,#462,
    #463,#464,#465));
#453 = ORIENTED_EDGE('',*,*,#74,.T.);
#454 = ORIENTED_EDGE('',*,*,#106,.T.);
#455 = ORIENTED_EDGE('',*,*,#137,.T.);
#456 = ORIENTED_EDGE('',*,*,#168,.T.);
#457 = ORIENTED_EDGE('',*,*,#199,.T.);
#458 = ORIENTED_EDGE('',*,*,#230,.T.);
#459 = ORIENTED_EDGE('',*,*,#261,.T.);
#460 = ORIENTED_EDGE('',*,*,#292,.T.);
#461 = ORIENTED_EDGE('',*,*,#324,.T.);
#462 = ORIENTED_EDGE('',*,*,#356,.T.);
#463 = ORIENTED_EDGE('',*,*,#387,.T.);
#464 = ORIENTED_EDGE('',*,*,#418,.T.);
#465 = ORIENTED_EDGE('',*,*,#440,.T.);
#466 = PLANE('',#467);
#467 = AXIS2_PLACEMENT_3D('',#468,#469,#470);
#468 = CARTESIAN_POINT('',(0.,0.,0.));
#469 = DIRECTION('',(-0.,-0.,-1.));
#470 = DIRECTION('',(-1.,0.,0.));
#471 = ADVANCED_FACE('',(#472),#487,.T.);
#472 = FACE_BOUND('',#473,.T.);
#473 = EDGE_LOOP('',(#474,#475,#476,#477,#478,#479,#480,#481,#482,#483,
    #484,#485,#486));
#474 = ORIENTED_EDGE('',*,*,#57,.T.);
#475 = ORIENTED_EDGE('',*,*,#90,.T.);
#476 = ORIENTED_EDGE('',*,*,#121,.T.);
#477 = ORIENTED_EDGE('',*,*,#152,.T.);
#478 = ORIENTED_EDGE('',*,*,#183,.T.);
#479 = ORIENTED_EDGE('',*,*,#214,.T.);
#480 = ORIENTED_EDGE('',*,*,#245,.T.);
#481 = ORIENTED_EDGE('',*,*,#276,.T.);
#482 = ORIENTED_EDGE('',*,*,#307,.T.);
#483 = ORIENTED_EDGE('',*,*,#340,.T.);
#484 = ORIENTED_EDGE('',*,*,#371,.T.);
#485 = ORIENTED_EDGE('',*,*,#402,.T.);
#486 = ORIENTED_EDGE('',*,*,#433,.T.);
#487 = PLANE('',#488);
#488 = AXIS2_PLACEMENT_3D('',#489,#490,#491);
#489 = CARTESIAN_POINT('',(0.,0.,-3.5E-02));
#490 = DIRECTION('',(-0.,-0.,-1.));
#491 = DIRECTION('',(-1.,0.,0.));
#492 = MANIFOLD_SOLID_BREP('',#493);
#493 = CLOSED_SHELL('',(#494,#536,#567,#598,#629,#660,#691,#722,#753,
    #784,#815,#848,#879,#910,#941,#972,#1003,#1034,#1065,#1087,#1114));
#494 = ADVANCED_FACE('',(#495),#531,.T.);
#495 = FACE_BOUND('',#496,.F.);
#496 = EDGE_LOOP('',(#497,#507,#516,#524));
#497 = ORIENTED_EDGE('',*,*,#498,.T.);
#498 = EDGE_CURVE('',#499,#501,#503,.T.);
#499 = VERTEX_POINT('',#500);
#500 = CARTESIAN_POINT('',(154.505491,-108.048079,0.));
#501 = VERTEX_POINT('',#502);
#502 = CARTESIAN_POINT('',(154.505491,-108.048079,-3.5E-02));
#503 = LINE('',#504,#505);
#504 = CARTESIAN_POINT('',(154.505491,-108.048079,0.));
#505 = VECTOR('',#506,1.);
#506 = DIRECTION('',(0.,0.,-1.));
#507 = ORIENTED_EDGE('',*,*,#508,.T.);
#508 = EDGE_CURVE('',#501,#509,#511,.T.);
#509 = VERTEX_POINT('',#510);
#510 = CARTESIAN_POINT('',(154.505491,-107.851921,-3.5E-02));
#511 = CIRCLE('',#512,0.100000456609);
#512 = AXIS2_PLACEMENT_3D('',#513,#514,#515);
#513 = CARTESIAN_POINT('',(154.525,-107.95,-3.5E-02));
#514 = DIRECTION('',(0.,0.,-1.));
#515 = DIRECTION('',(-0.195089109205,-0.980785521646,-0.));
#516 = ORIENTED_EDGE('',*,*,#517,.F.);
#517 = EDGE_CURVE('',#518,#509,#520,.T.);
#518 = VERTEX_POINT('',#519);
#519 = CARTESIAN_POINT('',(154.505491,-107.851921,0.));
#520 = LINE('',#521,#522);
#521 = CARTESIAN_POINT('',(154.505491,-107.851921,0.));
#522 = VECTOR('',#523,1.);
#523 = DIRECTION('',(0.,0.,-1.));
#524 = ORIENTED_EDGE('',*,*,#525,.F.);
#525 = EDGE_CURVE('',#499,#518,#526,.T.);
#526 = CIRCLE('',#527,0.100000456609);
#527 = AXIS2_PLACEMENT_3D('',#528,#529,#530);
#528 = CARTESIAN_POINT('',(154.525,-107.95,0.));
#529 = DIRECTION('',(0.,0.,-1.));
#530 = DIRECTION('',(-0.195089109205,-0.980785521646,-0.));
#531 = CYLINDRICAL_SURFACE('',#532,0.100000456609);
#532 = AXIS2_PLACEMENT_3D('',#533,#534,#535);
#533 = CARTESIAN_POINT('',(154.525,-107.95,0.));
#534 = DIRECTION('',(-0.,-0.,1.));
#535 = DIRECTION('',(-0.195089109205,-0.980785521646,-0.));
#536 = ADVANCED_FACE('',(#537),#562,.F.);
#537 = FACE_BOUND('',#538,.F.);
#538 = EDGE_LOOP('',(#539,#540,#548,#556));
#539 = ORIENTED_EDGE('',*,*,#517,.T.);
#540 = ORIENTED_EDGE('',*,*,#541,.T.);
#541 = EDGE_CURVE('',#509,#542,#544,.T.);
#542 = VERTEX_POINT('',#543);
#543 = CARTESIAN_POINT('',(157.917509,-107.851921,-3.5E-02));
#544 = LINE('',#545,#546);
#545 = CARTESIAN_POINT('',(154.505491,-107.851921,-3.5E-02));
#546 = VECTOR('',#547,1.);
#547 = DIRECTION('',(1.,0.,0.));
#548 = ORIENTED_EDGE('',*,*,#549,.F.);
#549 = EDGE_CURVE('',#550,#542,#552,.T.);
#550 = VERTEX_POINT('',#551);
#551 = CARTESIAN_POINT('',(157.917509,-107.851921,0.));
#552 = LINE('',#553,#554);
#553 = CARTESIAN_POINT('',(157.917509,-107.851921,0.));
#554 = VECTOR('',#555,1.);
#555 = DIRECTION('',(0.,0.,-1.));
#556 = ORIENTED_EDGE('',*,*,#557,.F.);
#557 = EDGE_CURVE('',#518,#550,#558,.T.);
#558 = LINE('',#559,#560);
#559 = CARTESIAN_POINT('',(154.505491,-107.851921,0.));
#560 = VECTOR('',#561,1.);
#561 = DIRECTION('',(1.,0.,0.));
#562 = PLANE('',#563);
#563 = AXIS2_PLACEMENT_3D('',#564,#565,#566);
#564 = CARTESIAN_POINT('',(154.505491,-107.851921,0.));
#565 = DIRECTION('',(0.,-1.,0.));
#566 = DIRECTION('',(1.,0.,0.));
#567 = ADVANCED_FACE('',(#568),#593,.F.);
#568 = FACE_BOUND('',#569,.F.);
#569 = EDGE_LOOP('',(#570,#571,#579,#587));
#570 = ORIENTED_EDGE('',*,*,#549,.T.);
#571 = ORIENTED_EDGE('',*,*,#572,.T.);
#572 = EDGE_CURVE('',#542,#573,#575,.T.);
#573 = VERTEX_POINT('',#574);
#574 = CARTESIAN_POINT('',(157.953557,-107.866853,-3.5E-02));
#575 = LINE('',#576,#577);
#576 = CARTESIAN_POINT('',(157.917509,-107.851921,-3.5E-02));
#577 = VECTOR('',#578,1.);
#578 = DIRECTION('',(0.923875640631,-0.38269282806,0.));
#579 = ORIENTED_EDGE('',*,*,#580,.F.);
#580 = EDGE_CURVE('',#581,#573,#583,.T.);
#581 = VERTEX_POINT('',#582);
#582 = CARTESIAN_POINT('',(157.953557,-107.866853,0.));
#583 = LINE('',#584,#585);
#584 = CARTESIAN_POINT('',(157.953557,-107.866853,0.));
#585 = VECTOR('',#586,1.);
#586 = DIRECTION('',(0.,0.,-1.));
#587 = ORIENTED_EDGE('',*,*,#588,.F.);
#588 = EDGE_CURVE('',#550,#581,#589,.T.);
#589 = LINE('',#590,#591);
#590 = CARTESIAN_POINT('',(157.917509,-107.851921,0.));
#591 = VECTOR('',#592,1.);
#592 = DIRECTION('',(0.923875640631,-0.38269282806,0.));
#593 = PLANE('',#594);
#594 = AXIS2_PLACEMENT_3D('',#595,#596,#597);
#595 = CARTESIAN_POINT('',(157.917509,-107.851921,0.));
#596 = DIRECTION('',(-0.38269282806,-0.923875640631,-0.));
#597 = DIRECTION('',(0.923875640631,-0.38269282806,0.));
#598 = ADVANCED_FACE('',(#599),#624,.F.);
#599 = FACE_BOUND('',#600,.F.);
#600 = EDGE_LOOP('',(#601,#602,#610,#618));
#601 = ORIENTED_EDGE('',*,*,#580,.T.);
#602 = ORIENTED_EDGE('',*,*,#603,.T.);
#603 = EDGE_CURVE('',#573,#604,#606,.T.);
#604 = VERTEX_POINT('',#605);
#605 = CARTESIAN_POINT('',(160.681148,-110.594443,-3.5E-02));
#606 = LINE('',#607,#608);
#607 = CARTESIAN_POINT('',(157.953557,-107.866853,-3.5E-02));
#608 = VECTOR('',#609,1.);
#609 = DIRECTION('',(0.707106910808,-0.707106651565,0.));
#610 = ORIENTED_EDGE('',*,*,#611,.F.);
#611 = EDGE_CURVE('',#612,#604,#614,.T.);
#612 = VERTEX_POINT('',#613);
#613 = CARTESIAN_POINT('',(160.681148,-110.594443,0.));
#614 = LINE('',#615,#616);
#615 = CARTESIAN_POINT('',(160.681148,-110.594443,0.));
#616 = VECTOR('',#617,1.);
#617 = DIRECTION('',(0.,0.,-1.));
#618 = ORIENTED_EDGE('',*,*,#619,.F.);
#619 = EDGE_CURVE('',#581,#612,#620,.T.);
#620 = LINE('',#621,#622);
#621 = CARTESIAN_POINT('',(157.953557,-107.866853,0.));
#622 = VECTOR('',#623,1.);
#623 = DIRECTION('',(0.707106910808,-0.707106651565,0.));
#624 = PLANE('',#625);
#625 = AXIS2_PLACEMENT_3D('',#626,#627,#628);
#626 = CARTESIAN_POINT('',(157.953557,-107.866853,0.));
#627 = DIRECTION('',(-0.707106651565,-0.707106910808,-0.));
#628 = DIRECTION('',(0.707106910808,-0.707106651565,0.));
#629 = ADVANCED_FACE('',(#630),#655,.F.);
#630 = FACE_BOUND('',#631,.F.);
#631 = EDGE_LOOP('',(#632,#633,#641,#649));
#632 = ORIENTED_EDGE('',*,*,#611,.T.);
#633 = ORIENTED_EDGE('',*,*,#634,.T.);
#634 = EDGE_CURVE('',#604,#635,#637,.T.);
#635 = VERTEX_POINT('',#636);
#636 = CARTESIAN_POINT('',(160.696079,-110.630491,-3.5E-02));
#637 = LINE('',#638,#639);
#638 = CARTESIAN_POINT('',(160.681148,-110.594443,-3.5E-02));
#639 = VECTOR('',#640,1.);
#640 = DIRECTION('',(0.382670952168,-0.923884701879,0.));
#641 = ORIENTED_EDGE('',*,*,#642,.F.);
#642 = EDGE_CURVE('',#643,#635,#645,.T.);
#643 = VERTEX_POINT('',#644);
#644 = CARTESIAN_POINT('',(160.696079,-110.630491,0.));
#645 = LINE('',#646,#647);
#646 = CARTESIAN_POINT('',(160.696079,-110.630491,0.));
#647 = VECTOR('',#648,1.);
#648 = DIRECTION('',(0.,0.,-1.));
#649 = ORIENTED_EDGE('',*,*,#650,.F.);
#650 = EDGE_CURVE('',#612,#643,#651,.T.);
#651 = LINE('',#652,#653);
#652 = CARTESIAN_POINT('',(160.681148,-110.594443,0.));
#653 = VECTOR('',#654,1.);
#654 = DIRECTION('',(0.382670952168,-0.923884701879,0.));
#655 = PLANE('',#656);
#656 = AXIS2_PLACEMENT_3D('',#657,#658,#659);
#657 = CARTESIAN_POINT('',(160.681148,-110.594443,0.));
#658 = DIRECTION('',(-0.923884701879,-0.382670952168,-0.));
#659 = DIRECTION('',(0.382670952168,-0.923884701879,0.));
#660 = ADVANCED_FACE('',(#661),#686,.F.);
#661 = FACE_BOUND('',#662,.F.);
#662 = EDGE_LOOP('',(#663,#664,#672,#680));
#663 = ORIENTED_EDGE('',*,*,#642,.T.);
#664 = ORIENTED_EDGE('',*,*,#665,.T.);
#665 = EDGE_CURVE('',#635,#666,#668,.T.);
#666 = VERTEX_POINT('',#667);
#667 = CARTESIAN_POINT('',(160.696079,-125.559009,-3.5E-02));
#668 = LINE('',#669,#670);
#669 = CARTESIAN_POINT('',(160.696079,-110.630491,-3.5E-02));
#670 = VECTOR('',#671,1.);
#671 = DIRECTION('',(0.,-1.,0.));
#672 = ORIENTED_EDGE('',*,*,#673,.F.);
#673 = EDGE_CURVE('',#674,#666,#676,.T.);
#674 = VERTEX_POINT('',#675);
#675 = CARTESIAN_POINT('',(160.696079,-125.559009,0.));
#676 = LINE('',#677,#678);
#677 = CARTESIAN_POINT('',(160.696079,-125.559009,0.));
#678 = VECTOR('',#679,1.);
#679 = DIRECTION('',(0.,0.,-1.));
#680 = ORIENTED_EDGE('',*,*,#681,.F.);
#681 = EDGE_CURVE('',#643,#674,#682,.T.);
#682 = LINE('',#683,#684);
#683 = CARTESIAN_POINT('',(160.696079,-110.630491,0.));
#684 = VECTOR('',#685,1.);
#685 = DIRECTION('',(0.,-1.,0.));
#686 = PLANE('',#687);
#687 = AXIS2_PLACEMENT_3D('',#688,#689,#690);
#688 = CARTESIAN_POINT('',(160.696079,-110.630491,0.));
#689 = DIRECTION('',(-1.,-0.,-0.));
#690 = DIRECTION('',(0.,-1.,0.));
#691 = ADVANCED_FACE('',(#692),#717,.F.);
#692 = FACE_BOUND('',#693,.F.);
#693 = EDGE_LOOP('',(#694,#695,#703,#711));
#694 = ORIENTED_EDGE('',*,*,#673,.T.);
#695 = ORIENTED_EDGE('',*,*,#696,.T.);
#696 = EDGE_CURVE('',#666,#697,#699,.T.);
#697 = VERTEX_POINT('',#698);
#698 = CARTESIAN_POINT('',(160.681147,-125.595057,-3.5E-02));
#699 = LINE('',#700,#701);
#700 = CARTESIAN_POINT('',(160.696079,-125.559009,-3.5E-02));
#701 = VECTOR('',#702,1.);
#702 = DIRECTION('',(-0.38269282806,-0.923875640631,0.));
#703 = ORIENTED_EDGE('',*,*,#704,.F.);
#704 = EDGE_CURVE('',#705,#697,#707,.T.);
#705 = VERTEX_POINT('',#706);
#706 = CARTESIAN_POINT('',(160.681147,-125.595057,0.));
#707 = LINE('',#708,#709);
#708 = CARTESIAN_POINT('',(160.681147,-125.595057,0.));
#709 = VECTOR('',#710,1.);
#710 = DIRECTION('',(0.,0.,-1.));
#711 = ORIENTED_EDGE('',*,*,#712,.F.);
#712 = EDGE_CURVE('',#674,#705,#713,.T.);
#713 = LINE('',#714,#715);
#714 = CARTESIAN_POINT('',(160.696079,-125.559009,0.));
#715 = VECTOR('',#716,1.);
#716 = DIRECTION('',(-0.38269282806,-0.923875640631,0.));
#717 = PLANE('',#718);
#718 = AXIS2_PLACEMENT_3D('',#719,#720,#721);
#719 = CARTESIAN_POINT('',(160.696079,-125.559009,0.));
#720 = DIRECTION('',(-0.923875640631,0.38269282806,0.));
#721 = DIRECTION('',(-0.38269282806,-0.923875640631,0.));
#722 = ADVANCED_FACE('',(#723),#748,.F.);
#723 = FACE_BOUND('',#724,.F.);
#724 = EDGE_LOOP('',(#725,#726,#734,#742));
#725 = ORIENTED_EDGE('',*,*,#704,.T.);
#726 = ORIENTED_EDGE('',*,*,#727,.T.);
#727 = EDGE_CURVE('',#697,#728,#730,.T.);
#728 = VERTEX_POINT('',#729);
#729 = CARTESIAN_POINT('',(159.449,-126.829921,-3.5E-02));
#730 = LINE('',#731,#732);
#731 = CARTESIAN_POINT('',(160.681147,-125.595057,-3.5E-02));
#732 = VECTOR('',#733,1.);
#733 = DIRECTION('',(-0.706327592969,-0.707885111731,0.));
#734 = ORIENTED_EDGE('',*,*,#735,.F.);
#735 = EDGE_CURVE('',#736,#728,#738,.T.);
#736 = VERTEX_POINT('',#737);
#737 = CARTESIAN_POINT('',(159.449,-126.829921,0.));
#738 = LINE('',#739,#740);
#739 = CARTESIAN_POINT('',(159.449,-126.829921,0.));
#740 = VECTOR('',#741,1.);
#741 = DIRECTION('',(0.,0.,-1.));
#742 = ORIENTED_EDGE('',*,*,#743,.F.);
#743 = EDGE_CURVE('',#705,#736,#744,.T.);
#744 = LINE('',#745,#746);
#745 = CARTESIAN_POINT('',(160.681147,-125.595057,0.));
#746 = VECTOR('',#747,1.);
#747 = DIRECTION('',(-0.706327592969,-0.707885111731,0.));
#748 = PLANE('',#749);
#749 = AXIS2_PLACEMENT_3D('',#750,#751,#752);
#750 = CARTESIAN_POINT('',(160.681147,-125.595057,0.));
#751 = DIRECTION('',(-0.707885111731,0.706327592969,0.));
#752 = DIRECTION('',(-0.706327592969,-0.707885111731,0.));
#753 = ADVANCED_FACE('',(#754),#779,.F.);
#754 = FACE_BOUND('',#755,.F.);
#755 = EDGE_LOOP('',(#756,#757,#765,#773));
#756 = ORIENTED_EDGE('',*,*,#735,.T.);
#757 = ORIENTED_EDGE('',*,*,#758,.T.);
#758 = EDGE_CURVE('',#728,#759,#761,.T.);
#759 = VERTEX_POINT('',#760);
#760 = CARTESIAN_POINT('',(159.449,-130.007578,-3.5E-02));
#761 = LINE('',#762,#763);
#762 = CARTESIAN_POINT('',(159.449,-126.829921,-3.5E-02));
#763 = VECTOR('',#764,1.);
#764 = DIRECTION('',(0.,-1.,0.));
#765 = ORIENTED_EDGE('',*,*,#766,.F.);
#766 = EDGE_CURVE('',#767,#759,#769,.T.);
#767 = VERTEX_POINT('',#768);
#768 = CARTESIAN_POINT('',(159.449,-130.007578,0.));
#769 = LINE('',#770,#771);
#770 = CARTESIAN_POINT('',(159.449,-130.007578,0.));
#771 = VECTOR('',#772,1.);
#772 = DIRECTION('',(0.,0.,-1.));
#773 = ORIENTED_EDGE('',*,*,#774,.F.);
#774 = EDGE_CURVE('',#736,#767,#775,.T.);
#775 = LINE('',#776,#777);
#776 = CARTESIAN_POINT('',(159.449,-126.829921,0.));
#777 = VECTOR('',#778,1.);
#778 = DIRECTION('',(0.,-1.,0.));
#779 = PLANE('',#780);
#780 = AXIS2_PLACEMENT_3D('',#781,#782,#783);
#781 = CARTESIAN_POINT('',(159.449,-126.829921,0.));
#782 = DIRECTION('',(-1.,-0.,-0.));
#783 = DIRECTION('',(0.,-1.,0.));
#784 = ADVANCED_FACE('',(#785),#810,.F.);
#785 = FACE_BOUND('',#786,.F.);
#786 = EDGE_LOOP('',(#787,#788,#796,#804));
#787 = ORIENTED_EDGE('',*,*,#766,.T.);
#788 = ORIENTED_EDGE('',*,*,#789,.T.);
#789 = EDGE_CURVE('',#759,#790,#792,.T.);
#790 = VERTEX_POINT('',#791);
#791 = CARTESIAN_POINT('',(160.354665,-130.915461,-3.5E-02));
#792 = LINE('',#793,#794);
#793 = CARTESIAN_POINT('',(159.449,-130.007578,-3.5E-02));
#794 = VECTOR('',#795,1.);
#795 = DIRECTION('',(0.706241449398,-0.707971055306,0.));
#796 = ORIENTED_EDGE('',*,*,#797,.F.);
#797 = EDGE_CURVE('',#798,#790,#800,.T.);
#798 = VERTEX_POINT('',#799);
#799 = CARTESIAN_POINT('',(160.354665,-130.915461,0.));
#800 = LINE('',#801,#802);
#801 = CARTESIAN_POINT('',(160.354665,-130.915461,0.));
#802 = VECTOR('',#803,1.);
#803 = DIRECTION('',(0.,0.,-1.));
#804 = ORIENTED_EDGE('',*,*,#805,.F.);
#805 = EDGE_CURVE('',#767,#798,#806,.T.);
#806 = LINE('',#807,#808);
#807 = CARTESIAN_POINT('',(159.449,-130.007578,0.));
#808 = VECTOR('',#809,1.);
#809 = DIRECTION('',(0.706241449398,-0.707971055306,0.));
#810 = PLANE('',#811);
#811 = AXIS2_PLACEMENT_3D('',#812,#813,#814);
#812 = CARTESIAN_POINT('',(159.449,-130.007578,0.));
#813 = DIRECTION('',(-0.707971055306,-0.706241449398,-0.));
#814 = DIRECTION('',(0.706241449398,-0.707971055306,0.));
#815 = ADVANCED_FACE('',(#816),#843,.F.);
#816 = FACE_BOUND('',#817,.F.);
#817 = EDGE_LOOP('',(#818,#819,#828,#836));
#818 = ORIENTED_EDGE('',*,*,#797,.T.);
#819 = ORIENTED_EDGE('',*,*,#820,.T.);
#820 = EDGE_CURVE('',#790,#821,#823,.T.);
#821 = VERTEX_POINT('',#822);
#822 = CARTESIAN_POINT('',(160.215644,-131.054349,-3.5E-02));
#823 = CIRCLE('',#824,0.264299403098);
#824 = AXIS2_PLACEMENT_3D('',#825,#826,#827);
#825 = CARTESIAN_POINT('',(160.45856496025,-131.1584815191,-3.5E-02));
#826 = DIRECTION('',(0.,0.,1.));
#827 = DIRECTION('',(-0.393114623162,0.919489474141,0.));
#828 = ORIENTED_EDGE('',*,*,#829,.F.);
#829 = EDGE_CURVE('',#830,#821,#832,.T.);
#830 = VERTEX_POINT('',#831);
#831 = CARTESIAN_POINT('',(160.215644,-131.054349,0.));
#832 = LINE('',#833,#834);
#833 = CARTESIAN_POINT('',(160.215644,-131.054349,0.));
#834 = VECTOR('',#835,1.);
#835 = DIRECTION('',(0.,0.,-1.));
#836 = ORIENTED_EDGE('',*,*,#837,.F.);
#837 = EDGE_CURVE('',#798,#830,#838,.T.);
#838 = CIRCLE('',#839,0.264299403098);
#839 = AXIS2_PLACEMENT_3D('',#840,#841,#842);
#840 = CARTESIAN_POINT('',(160.45856496025,-131.1584815191,0.));
#841 = DIRECTION('',(0.,0.,1.));
#842 = DIRECTION('',(-0.393114623162,0.919489474141,0.));
#843 = CYLINDRICAL_SURFACE('',#844,0.264299403098);
#844 = AXIS2_PLACEMENT_3D('',#845,#846,#847);
#845 = CARTESIAN_POINT('',(160.45856496025,-131.1584815191,0.));
#846 = DIRECTION('',(0.,0.,1.));
#847 = DIRECTION('',(-0.393114623162,0.919489474141,0.));
#848 = ADVANCED_FACE('',(#849),#874,.F.);
#849 = FACE_BOUND('',#850,.F.);
#850 = EDGE_LOOP('',(#851,#852,#860,#868));
#851 = ORIENTED_EDGE('',*,*,#829,.T.);
#852 = ORIENTED_EDGE('',*,*,#853,.T.);
#853 = EDGE_CURVE('',#821,#854,#856,.T.);
#854 = VERTEX_POINT('',#855);
#855 = CARTESIAN_POINT('',(159.265853,-130.104557,-3.5E-02));
#856 = LINE('',#857,#858);
#857 = CARTESIAN_POINT('',(160.215644,-131.054349,-3.5E-02));
#858 = VECTOR('',#859,1.);
#859 = DIRECTION('',(-0.707106408943,0.70710715343,0.));
#860 = ORIENTED_EDGE('',*,*,#861,.F.);
#861 = EDGE_CURVE('',#862,#854,#864,.T.);
#862 = VERTEX_POINT('',#863);
#863 = CARTESIAN_POINT('',(159.265853,-130.104557,0.));
#864 = LINE('',#865,#866);
#865 = CARTESIAN_POINT('',(159.265853,-130.104557,0.));
#866 = VECTOR('',#867,1.);
#867 = DIRECTION('',(0.,0.,-1.));
#868 = ORIENTED_EDGE('',*,*,#869,.F.);
#869 = EDGE_CURVE('',#830,#862,#870,.T.);
#870 = LINE('',#871,#872);
#871 = CARTESIAN_POINT('',(160.215644,-131.054349,0.));
#872 = VECTOR('',#873,1.);
#873 = DIRECTION('',(-0.707106408943,0.70710715343,0.));
#874 = PLANE('',#875);
#875 = AXIS2_PLACEMENT_3D('',#876,#877,#878);
#876 = CARTESIAN_POINT('',(160.215644,-131.054349,0.));
#877 = DIRECTION('',(0.70710715343,0.707106408943,0.));
#878 = DIRECTION('',(-0.707106408943,0.70710715343,0.));
#879 = ADVANCED_FACE('',(#880),#905,.F.);
#880 = FACE_BOUND('',#881,.F.);
#881 = EDGE_LOOP('',(#882,#883,#891,#899));
#882 = ORIENTED_EDGE('',*,*,#861,.T.);
#883 = ORIENTED_EDGE('',*,*,#884,.T.);
#884 = EDGE_CURVE('',#854,#885,#887,.T.);
#885 = VERTEX_POINT('',#886);
#886 = CARTESIAN_POINT('',(159.250921,-130.068509,-3.5E-02));
#887 = LINE('',#888,#889);
#888 = CARTESIAN_POINT('',(159.265853,-130.104557,-3.5E-02));
#889 = VECTOR('',#890,1.);
#890 = DIRECTION('',(-0.38269282806,0.923875640631,0.));
#891 = ORIENTED_EDGE('',*,*,#892,.F.);
#892 = EDGE_CURVE('',#893,#885,#895,.T.);
#893 = VERTEX_POINT('',#894);
#894 = CARTESIAN_POINT('',(159.250921,-130.068509,0.));
#895 = LINE('',#896,#897);
#896 = CARTESIAN_POINT('',(159.250921,-130.068509,0.));
#897 = VECTOR('',#898,1.);
#898 = DIRECTION('',(0.,0.,-1.));
#899 = ORIENTED_EDGE('',*,*,#900,.F.);
#900 = EDGE_CURVE('',#862,#893,#901,.T.);
#901 = LINE('',#902,#903);
#902 = CARTESIAN_POINT('',(159.265853,-130.104557,0.));
#903 = VECTOR('',#904,1.);
#904 = DIRECTION('',(-0.38269282806,0.923875640631,0.));
#905 = PLANE('',#906);
#906 = AXIS2_PLACEMENT_3D('',#907,#908,#909);
#907 = CARTESIAN_POINT('',(159.265853,-130.104557,0.));
#908 = DIRECTION('',(0.923875640631,0.38269282806,0.));
#909 = DIRECTION('',(-0.38269282806,0.923875640631,0.));
#910 = ADVANCED_FACE('',(#911),#936,.F.);
#911 = FACE_BOUND('',#912,.F.);
#912 = EDGE_LOOP('',(#913,#914,#922,#930));
#913 = ORIENTED_EDGE('',*,*,#892,.T.);
#914 = ORIENTED_EDGE('',*,*,#915,.T.);
#915 = EDGE_CURVE('',#885,#916,#918,.T.);
#916 = VERTEX_POINT('',#917);
#917 = CARTESIAN_POINT('',(159.250921,-126.768991,-3.5E-02));
#918 = LINE('',#919,#920);
#919 = CARTESIAN_POINT('',(159.250921,-130.068509,-3.5E-02));
#920 = VECTOR('',#921,1.);
#921 = DIRECTION('',(0.,1.,0.));
#922 = ORIENTED_EDGE('',*,*,#923,.F.);
#923 = EDGE_CURVE('',#924,#916,#926,.T.);
#924 = VERTEX_POINT('',#925);
#925 = CARTESIAN_POINT('',(159.250921,-126.768991,0.));
#926 = LINE('',#927,#928);
#927 = CARTESIAN_POINT('',(159.250921,-126.768991,0.));
#928 = VECTOR('',#929,1.);
#929 = DIRECTION('',(0.,0.,-1.));
#930 = ORIENTED_EDGE('',*,*,#931,.F.);
#931 = EDGE_CURVE('',#893,#924,#932,.T.);
#932 = LINE('',#933,#934);
#933 = CARTESIAN_POINT('',(159.250921,-130.068509,0.));
#934 = VECTOR('',#935,1.);
#935 = DIRECTION('',(0.,1.,0.));
#936 = PLANE('',#937);
#937 = AXIS2_PLACEMENT_3D('',#938,#939,#940);
#938 = CARTESIAN_POINT('',(159.250921,-130.068509,0.));
#939 = DIRECTION('',(1.,-0.,0.));
#940 = DIRECTION('',(0.,1.,0.));
#941 = ADVANCED_FACE('',(#942),#967,.F.);
#942 = FACE_BOUND('',#943,.F.);
#943 = EDGE_LOOP('',(#944,#945,#953,#961));
#944 = ORIENTED_EDGE('',*,*,#923,.T.);
#945 = ORIENTED_EDGE('',*,*,#946,.T.);
#946 = EDGE_CURVE('',#916,#947,#949,.T.);
#947 = VERTEX_POINT('',#948);
#948 = CARTESIAN_POINT('',(159.265853,-126.732943,-3.5E-02));
#949 = LINE('',#950,#951);
#950 = CARTESIAN_POINT('',(159.250921,-126.768991,-3.5E-02));
#951 = VECTOR('',#952,1.);
#952 = DIRECTION('',(0.38269282806,0.923875640631,0.));
#953 = ORIENTED_EDGE('',*,*,#954,.F.);
#954 = EDGE_CURVE('',#955,#947,#957,.T.);
#955 = VERTEX_POINT('',#956);
#956 = CARTESIAN_POINT('',(159.265853,-126.732943,0.));
#957 = LINE('',#958,#959);
#958 = CARTESIAN_POINT('',(159.265853,-126.732943,0.));
#959 = VECTOR('',#960,1.);
#960 = DIRECTION('',(0.,0.,-1.));
#961 = ORIENTED_EDGE('',*,*,#962,.F.);
#962 = EDGE_CURVE('',#924,#955,#963,.T.);
#963 = LINE('',#964,#965);
#964 = CARTESIAN_POINT('',(159.250921,-126.768991,0.));
#965 = VECTOR('',#966,1.);
#966 = DIRECTION('',(0.38269282806,0.923875640631,0.));
#967 = PLANE('',#968);
#968 = AXIS2_PLACEMENT_3D('',#969,#970,#971);
#969 = CARTESIAN_POINT('',(159.250921,-126.768991,0.));
#970 = DIRECTION('',(0.923875640631,-0.38269282806,0.));
#971 = DIRECTION('',(0.38269282806,0.923875640631,0.));
#972 = ADVANCED_FACE('',(#973),#998,.F.);
#973 = FACE_BOUND('',#974,.F.);
#974 = EDGE_LOOP('',(#975,#976,#984,#992));
#975 = ORIENTED_EDGE('',*,*,#954,.T.);
#976 = ORIENTED_EDGE('',*,*,#977,.T.);
#977 = EDGE_CURVE('',#947,#978,#980,.T.);
#978 = VERTEX_POINT('',#979);
#979 = CARTESIAN_POINT('',(160.498,-125.498078,-3.5E-02));
#980 = LINE('',#981,#982);
#981 = CARTESIAN_POINT('',(159.265853,-126.732943,-3.5E-02));
#982 = VECTOR('',#983,1.);
#983 = DIRECTION('',(0.706327306345,0.707885397724,0.));
#984 = ORIENTED_EDGE('',*,*,#985,.F.);
#985 = EDGE_CURVE('',#986,#978,#988,.T.);
#986 = VERTEX_POINT('',#987);
#987 = CARTESIAN_POINT('',(160.498,-125.498078,0.));
#988 = LINE('',#989,#990);
#989 = CARTESIAN_POINT('',(160.498,-125.498078,0.));
#990 = VECTOR('',#991,1.);
#991 = DIRECTION('',(0.,0.,-1.));
#992 = ORIENTED_EDGE('',*,*,#993,.F.);
#993 = EDGE_CURVE('',#955,#986,#994,.T.);
#994 = LINE('',#995,#996);
#995 = CARTESIAN_POINT('',(159.265853,-126.732943,0.));
#996 = VECTOR('',#997,1.);
#997 = DIRECTION('',(0.706327306345,0.707885397724,0.));
#998 = PLANE('',#999);
#999 = AXIS2_PLACEMENT_3D('',#1000,#1001,#1002);
#1000 = CARTESIAN_POINT('',(159.265853,-126.732943,0.));
#1001 = DIRECTION('',(0.707885397724,-0.706327306345,0.));
#1002 = DIRECTION('',(0.706327306345,0.707885397724,0.));
#1003 = ADVANCED_FACE('',(#1004),#1029,.F.);
#1004 = FACE_BOUND('',#1005,.F.);
#1005 = EDGE_LOOP('',(#1006,#1007,#1015,#1023));
#1006 = ORIENTED_EDGE('',*,*,#985,.T.);
#1007 = ORIENTED_EDGE('',*,*,#1008,.T.);
#1008 = EDGE_CURVE('',#978,#1009,#1011,.T.);
#1009 = VERTEX_POINT('',#1010);
#1010 = CARTESIAN_POINT('',(160.498,-110.691421,-3.5E-02));
#1011 = LINE('',#1012,#1013);
#1012 = CARTESIAN_POINT('',(160.498,-125.498078,-3.5E-02));
#1013 = VECTOR('',#1014,1.);
#1014 = DIRECTION('',(0.,1.,0.));
#1015 = ORIENTED_EDGE('',*,*,#1016,.F.);
#1016 = EDGE_CURVE('',#1017,#1009,#1019,.T.);
#1017 = VERTEX_POINT('',#1018);
#1018 = CARTESIAN_POINT('',(160.498,-110.691421,0.));
#1019 = LINE('',#1020,#1021);
#1020 = CARTESIAN_POINT('',(160.498,-110.691421,0.));
#1021 = VECTOR('',#1022,1.);
#1022 = DIRECTION('',(0.,0.,-1.));
#1023 = ORIENTED_EDGE('',*,*,#1024,.F.);
#1024 = EDGE_CURVE('',#986,#1017,#1025,.T.);
#1025 = LINE('',#1026,#1027);
#1026 = CARTESIAN_POINT('',(160.498,-125.498078,0.));
#1027 = VECTOR('',#1028,1.);
#1028 = DIRECTION('',(0.,1.,0.));
#1029 = PLANE('',#1030);
#1030 = AXIS2_PLACEMENT_3D('',#1031,#1032,#1033);
#1031 = CARTESIAN_POINT('',(160.498,-125.498078,0.));
#1032 = DIRECTION('',(1.,-0.,0.));
#1033 = DIRECTION('',(0.,1.,0.));
#1034 = ADVANCED_FACE('',(#1035),#1060,.F.);
#1035 = FACE_BOUND('',#1036,.F.);
#1036 = EDGE_LOOP('',(#1037,#1038,#1046,#1054));
#1037 = ORIENTED_EDGE('',*,*,#1016,.T.);
#1038 = ORIENTED_EDGE('',*,*,#1039,.T.);
#1039 = EDGE_CURVE('',#1009,#1040,#1042,.T.);
#1040 = VERTEX_POINT('',#1041);
#1041 = CARTESIAN_POINT('',(157.856578,-108.05,-3.5E-02));
#1042 = LINE('',#1043,#1044);
#1043 = CARTESIAN_POINT('',(160.498,-110.691421,-3.5E-02));
#1044 = VECTOR('',#1045,1.);
#1045 = DIRECTION('',(-0.707106915036,0.707106647337,0.));
#1046 = ORIENTED_EDGE('',*,*,#1047,.F.);
#1047 = EDGE_CURVE('',#1048,#1040,#1050,.T.);
#1048 = VERTEX_POINT('',#1049);
#1049 = CARTESIAN_POINT('',(157.856578,-108.05,0.));
#1050 = LINE('',#1051,#1052);
#1051 = CARTESIAN_POINT('',(157.856578,-108.05,0.));
#1052 = VECTOR('',#1053,1.);
#1053 = DIRECTION('',(0.,0.,-1.));
#1054 = ORIENTED_EDGE('',*,*,#1055,.F.);
#1055 = EDGE_CURVE('',#1017,#1048,#1056,.T.);
#1056 = LINE('',#1057,#1058);
#1057 = CARTESIAN_POINT('',(160.498,-110.691421,0.));
#1058 = VECTOR('',#1059,1.);
#1059 = DIRECTION('',(-0.707106915036,0.707106647337,0.));
#1060 = PLANE('',#1061);
#1061 = AXIS2_PLACEMENT_3D('',#1062,#1063,#1064);
#1062 = CARTESIAN_POINT('',(160.498,-110.691421,0.));
#1063 = DIRECTION('',(0.707106647337,0.707106915036,0.));
#1064 = DIRECTION('',(-0.707106915036,0.707106647337,0.));
#1065 = ADVANCED_FACE('',(#1066),#1082,.F.);
#1066 = FACE_BOUND('',#1067,.F.);
#1067 = EDGE_LOOP('',(#1068,#1069,#1075,#1076));
#1068 = ORIENTED_EDGE('',*,*,#1047,.T.);
#1069 = ORIENTED_EDGE('',*,*,#1070,.T.);
#1070 = EDGE_CURVE('',#1040,#501,#1071,.T.);
#1071 = LINE('',#1072,#1073);
#1072 = CARTESIAN_POINT('',(157.856578,-108.05,-3.5E-02));
#1073 = VECTOR('',#1074,1.);
#1074 = DIRECTION('',(-0.999999835694,5.732467358693E-04,0.));
#1075 = ORIENTED_EDGE('',*,*,#498,.F.);
#1076 = ORIENTED_EDGE('',*,*,#1077,.F.);
#1077 = EDGE_CURVE('',#1048,#499,#1078,.T.);
#1078 = LINE('',#1079,#1080);
#1079 = CARTESIAN_POINT('',(157.856578,-108.05,0.));
#1080 = VECTOR('',#1081,1.);
#1081 = DIRECTION('',(-0.999999835694,5.732467358693E-04,0.));
#1082 = PLANE('',#1083);
#1083 = AXIS2_PLACEMENT_3D('',#1084,#1085,#1086);
#1084 = CARTESIAN_POINT('',(157.856578,-108.05,0.));
#1085 = DIRECTION('',(5.732467358693E-04,0.999999835694,0.));
#1086 = DIRECTION('',(-0.999999835694,5.732467358693E-04,0.));
#1087 = ADVANCED_FACE('',(#1088),#1109,.F.);
#1088 = FACE_BOUND('',#1089,.F.);
#1089 = EDGE_LOOP('',(#1090,#1091,#1092,#1093,#1094,#1095,#1096,#1097,
    #1098,#1099,#1100,#1101,#1102,#1103,#1104,#1105,#1106,#1107,#1108));
#1090 = ORIENTED_EDGE('',*,*,#525,.T.);
#1091 = ORIENTED_EDGE('',*,*,#557,.T.);
#1092 = ORIENTED_EDGE('',*,*,#588,.T.);
#1093 = ORIENTED_EDGE('',*,*,#619,.T.);
#1094 = ORIENTED_EDGE('',*,*,#650,.T.);
#1095 = ORIENTED_EDGE('',*,*,#681,.T.);
#1096 = ORIENTED_EDGE('',*,*,#712,.T.);
#1097 = ORIENTED_EDGE('',*,*,#743,.T.);
#1098 = ORIENTED_EDGE('',*,*,#774,.T.);
#1099 = ORIENTED_EDGE('',*,*,#805,.T.);
#1100 = ORIENTED_EDGE('',*,*,#837,.T.);
#1101 = ORIENTED_EDGE('',*,*,#869,.T.);
#1102 = ORIENTED_EDGE('',*,*,#900,.T.);
#1103 = ORIENTED_EDGE('',*,*,#931,.T.);
#1104 = ORIENTED_EDGE('',*,*,#962,.T.);
#1105 = ORIENTED_EDGE('',*,*,#993,.T.);
#1106 = ORIENTED_EDGE('',*,*,#1024,.T.);
#1107 = ORIENTED_EDGE('',*,*,#1055,.T.);
#1108 = ORIENTED_EDGE('',*,*,#1077,.T.);
#1109 = PLANE('',#1110);
#1110 = AXIS2_PLACEMENT_3D('',#1111,#1112,#1113);
#1111 = CARTESIAN_POINT('',(0.,0.,0.));
#1112 = DIRECTION('',(-0.,-0.,-1.));
#1113 = DIRECTION('',(-1.,0.,0.));
#1114 = ADVANCED_FACE('',(#1115),#1136,.T.);
#1115 = FACE_BOUND('',#1116,.T.);
#1116 = EDGE_LOOP('',(#1117,#1118,#1119,#1120,#1121,#1122,#1123,#1124,
    #1125,#1126,#1127,#1128,#1129,#1130,#1131,#1132,#1133,#1134,#1135));
#1117 = ORIENTED_EDGE('',*,*,#508,.T.);
#1118 = ORIENTED_EDGE('',*,*,#541,.T.);
#1119 = ORIENTED_EDGE('',*,*,#572,.T.);
#1120 = ORIENTED_EDGE('',*,*,#603,.T.);
#1121 = ORIENTED_EDGE('',*,*,#634,.T.);
#1122 = ORIENTED_EDGE('',*,*,#665,.T.);
#1123 = ORIENTED_EDGE('',*,*,#696,.T.);
#1124 = ORIENTED_EDGE('',*,*,#727,.T.);
#1125 = ORIENTED_EDGE('',*,*,#758,.T.);
#1126 = ORIENTED_EDGE('',*,*,#789,.T.);
#1127 = ORIENTED_EDGE('',*,*,#820,.T.);
#1128 = ORIENTED_EDGE('',*,*,#853,.T.);
#1129 = ORIENTED_EDGE('',*,*,#884,.T.);
#1130 = ORIENTED_EDGE('',*,*,#915,.T.);
#1131 = ORIENTED_EDGE('',*,*,#946,.T.);
#1132 = ORIENTED_EDGE('',*,*,#977,.T.);
#1133 = ORIENTED_EDGE('',*,*,#1008,.T.);
#1134 = ORIENTED_EDGE('',*,*,#1039,.T.);
#1135 = ORIENTED_EDGE('',*,*,#1070,.T.);
#1136 = PLANE('',#1137);
#1137 = AXIS2_PLACEMENT_3D('',#1138,#1139,#1140);
#1138 = CARTESIAN_POINT('',(0.,0.,-3.5E-02));
#1139 = DIRECTION('',(-0.,-0.,-1.));
#1140 = DIRECTION('',(-1.,0.,0.));
#1141 = MANIFOLD_SOLID_BREP('',#1142);
#1142 = CLOSED_SHELL('',(#1143,#1183,#1214,#1247,#1278,#1311,#1342,#1373
    ,#1404,#1435,#1466,#1497,#1528,#1561,#1592,#1623,#1654,#1685,#1716,
    #1747,#1778,#1809,#1831,#1861));
#1143 = ADVANCED_FACE('',(#1144),#1178,.F.);
#1144 = FACE_BOUND('',#1145,.F.);
#1145 = EDGE_LOOP('',(#1146,#1156,#1164,#1172));
#1146 = ORIENTED_EDGE('',*,*,#1147,.T.);
#1147 = EDGE_CURVE('',#1148,#1150,#1152,.T.);
#1148 = VERTEX_POINT('',#1149);
#1149 = CARTESIAN_POINT('',(134.045443,-79.641852,0.));
#1150 = VERTEX_POINT('',#1151);
#1151 = CARTESIAN_POINT('',(134.045443,-79.641852,-3.5E-02));
#1152 = LINE('',#1153,#1154);
#1153 = CARTESIAN_POINT('',(134.045443,-79.641852,0.));
#1154 = VECTOR('',#1155,1.);
#1155 = DIRECTION('',(0.,0.,-1.));
#1156 = ORIENTED_EDGE('',*,*,#1157,.T.);
#1157 = EDGE_CURVE('',#1150,#1158,#1160,.T.);
#1158 = VERTEX_POINT('',#1159);
#1159 = CARTESIAN_POINT('',(134.081491,-79.626921,-3.5E-02));
#1160 = LINE('',#1161,#1162);
#1161 = CARTESIAN_POINT('',(134.045443,-79.641852,-3.5E-02));
#1162 = VECTOR('',#1163,1.);
#1163 = DIRECTION('',(0.923884701879,0.382670952168,0.));
#1164 = ORIENTED_EDGE('',*,*,#1165,.F.);
#1165 = EDGE_CURVE('',#1166,#1158,#1168,.T.);
#1166 = VERTEX_POINT('',#1167);
#1167 = CARTESIAN_POINT('',(134.081491,-79.626921,0.));
#1168 = LINE('',#1169,#1170);
#1169 = CARTESIAN_POINT('',(134.081491,-79.626921,0.));
#1170 = VECTOR('',#1171,1.);
#1171 = DIRECTION('',(0.,0.,-1.));
#1172 = ORIENTED_EDGE('',*,*,#1173,.F.);
#1173 = EDGE_CURVE('',#1148,#1166,#1174,.T.);
#1174 = LINE('',#1175,#1176);
#1175 = CARTESIAN_POINT('',(134.045443,-79.641852,0.));
#1176 = VECTOR('',#1177,1.);
#1177 = DIRECTION('',(0.923884701879,0.382670952168,0.));
#1178 = PLANE('',#1179);
#1179 = AXIS2_PLACEMENT_3D('',#1180,#1181,#1182);
#1180 = CARTESIAN_POINT('',(134.045443,-79.641852,0.));
#1181 = DIRECTION('',(0.382670952168,-0.923884701879,0.));
#1182 = DIRECTION('',(0.923884701879,0.382670952168,0.));
#1183 = ADVANCED_FACE('',(#1184),#1209,.F.);
#1184 = FACE_BOUND('',#1185,.F.);
#1185 = EDGE_LOOP('',(#1186,#1187,#1195,#1203));
#1186 = ORIENTED_EDGE('',*,*,#1165,.T.);
#1187 = ORIENTED_EDGE('',*,*,#1188,.T.);
#1188 = EDGE_CURVE('',#1158,#1189,#1191,.T.);
#1189 = VERTEX_POINT('',#1190);
#1190 = CARTESIAN_POINT('',(138.707009,-79.626921,-3.5E-02));
#1191 = LINE('',#1192,#1193);
#1192 = CARTESIAN_POINT('',(134.081491,-79.626921,-3.5E-02));
#1193 = VECTOR('',#1194,1.);
#1194 = DIRECTION('',(1.,0.,0.));
#1195 = ORIENTED_EDGE('',*,*,#1196,.F.);
#1196 = EDGE_CURVE('',#1197,#1189,#1199,.T.);
#1197 = VERTEX_POINT('',#1198);
#1198 = CARTESIAN_POINT('',(138.707009,-79.626921,0.));
#1199 = LINE('',#1200,#1201);
#1200 = CARTESIAN_POINT('',(138.707009,-79.626921,0.));
#1201 = VECTOR('',#1202,1.);
#1202 = DIRECTION('',(0.,0.,-1.));
#1203 = ORIENTED_EDGE('',*,*,#1204,.F.);
#1204 = EDGE_CURVE('',#1166,#1197,#1205,.T.);
#1205 = LINE('',#1206,#1207);
#1206 = CARTESIAN_POINT('',(134.081491,-79.626921,0.));
#1207 = VECTOR('',#1208,1.);
#1208 = DIRECTION('',(1.,0.,0.));
#1209 = PLANE('',#1210);
#1210 = AXIS2_PLACEMENT_3D('',#1211,#1212,#1213);
#1211 = CARTESIAN_POINT('',(134.081491,-79.626921,0.));
#1212 = DIRECTION('',(0.,-1.,0.));
#1213 = DIRECTION('',(1.,0.,0.));
#1214 = ADVANCED_FACE('',(#1215),#1242,.T.);
#1215 = FACE_BOUND('',#1216,.F.);
#1216 = EDGE_LOOP('',(#1217,#1218,#1227,#1235));
#1217 = ORIENTED_EDGE('',*,*,#1196,.T.);
#1218 = ORIENTED_EDGE('',*,*,#1219,.T.);
#1219 = EDGE_CURVE('',#1189,#1220,#1222,.T.);
#1220 = VERTEX_POINT('',#1221);
#1221 = CARTESIAN_POINT('',(138.810578,-79.730491,-3.5E-02));
#1222 = CIRCLE('',#1223,0.145587120936);
#1223 = AXIS2_PLACEMENT_3D('',#1224,#1225,#1226);
#1224 = CARTESIAN_POINT('',(138.66982035241,-79.76767828852,-3.5E-02));
#1225 = DIRECTION('',(0.,0.,-1.));
#1226 = DIRECTION('',(0.25543913053,0.966825139616,0.));
#1227 = ORIENTED_EDGE('',*,*,#1228,.F.);
#1228 = EDGE_CURVE('',#1229,#1220,#1231,.T.);
#1229 = VERTEX_POINT('',#1230);
#1230 = CARTESIAN_POINT('',(138.810578,-79.730491,0.));
#1231 = LINE('',#1232,#1233);
#1232 = CARTESIAN_POINT('',(138.810578,-79.730491,0.));
#1233 = VECTOR('',#1234,1.);
#1234 = DIRECTION('',(0.,0.,-1.));
#1235 = ORIENTED_EDGE('',*,*,#1236,.F.);
#1236 = EDGE_CURVE('',#1197,#1229,#1237,.T.);
#1237 = CIRCLE('',#1238,0.145587120936);
#1238 = AXIS2_PLACEMENT_3D('',#1239,#1240,#1241);
#1239 = CARTESIAN_POINT('',(138.66982035241,-79.76767828852,0.));
#1240 = DIRECTION('',(0.,0.,-1.));
#1241 = DIRECTION('',(0.25543913053,0.966825139616,0.));
#1242 = CYLINDRICAL_SURFACE('',#1243,0.145587120936);
#1243 = AXIS2_PLACEMENT_3D('',#1244,#1245,#1246);
#1244 = CARTESIAN_POINT('',(138.66982035241,-79.76767828852,0.));
#1245 = DIRECTION('',(-0.,-0.,1.));
#1246 = DIRECTION('',(0.25543913053,0.966825139616,0.));
#1247 = ADVANCED_FACE('',(#1248),#1273,.F.);
#1248 = FACE_BOUND('',#1249,.F.);
#1249 = EDGE_LOOP('',(#1250,#1251,#1259,#1267));
#1250 = ORIENTED_EDGE('',*,*,#1228,.T.);
#1251 = ORIENTED_EDGE('',*,*,#1252,.T.);
#1252 = EDGE_CURVE('',#1220,#1253,#1255,.T.);
#1253 = VERTEX_POINT('',#1254);
#1254 = CARTESIAN_POINT('',(138.810578,-79.769509,-3.5E-02));
#1255 = LINE('',#1256,#1257);
#1256 = CARTESIAN_POINT('',(138.810578,-79.730491,-3.5E-02));
#1257 = VECTOR('',#1258,1.);
#1258 = DIRECTION('',(0.,-1.,0.));
#1259 = ORIENTED_EDGE('',*,*,#1260,.F.);
#1260 = EDGE_CURVE('',#1261,#1253,#1263,.T.);
#1261 = VERTEX_POINT('',#1262);
#1262 = CARTESIAN_POINT('',(138.810578,-79.769509,0.));
#1263 = LINE('',#1264,#1265);
#1264 = CARTESIAN_POINT('',(138.810578,-79.769509,0.));
#1265 = VECTOR('',#1266,1.);
#1266 = DIRECTION('',(0.,0.,-1.));
#1267 = ORIENTED_EDGE('',*,*,#1268,.F.);
#1268 = EDGE_CURVE('',#1229,#1261,#1269,.T.);
#1269 = LINE('',#1270,#1271);
#1270 = CARTESIAN_POINT('',(138.810578,-79.730491,0.));
#1271 = VECTOR('',#1272,1.);
#1272 = DIRECTION('',(0.,-1.,0.));
#1273 = PLANE('',#1274);
#1274 = AXIS2_PLACEMENT_3D('',#1275,#1276,#1277);
#1275 = CARTESIAN_POINT('',(138.810578,-79.730491,0.));
#1276 = DIRECTION('',(-1.,-0.,-0.));
#1277 = DIRECTION('',(0.,-1.,0.));
#1278 = ADVANCED_FACE('',(#1279),#1306,.T.);
#1279 = FACE_BOUND('',#1280,.F.);
#1280 = EDGE_LOOP('',(#1281,#1282,#1291,#1299));
#1281 = ORIENTED_EDGE('',*,*,#1260,.T.);
#1282 = ORIENTED_EDGE('',*,*,#1283,.T.);
#1283 = EDGE_CURVE('',#1253,#1284,#1286,.T.);
#1284 = VERTEX_POINT('',#1285);
#1285 = CARTESIAN_POINT('',(138.647016,-79.825,-3.5E-02));
#1286 = CIRCLE('',#1287,9.961801965866E-02);
#1287 = AXIS2_PLACEMENT_3D('',#1288,#1289,#1290);
#1288 = CARTESIAN_POINT('',(138.7128432659,-79.75023021395,-3.5E-02));
#1289 = DIRECTION('',(-0.,0.,-1.));
#1290 = DIRECTION('',(0.981094930758,-0.193527095881,-0.));
#1291 = ORIENTED_EDGE('',*,*,#1292,.F.);
#1292 = EDGE_CURVE('',#1293,#1284,#1295,.T.);
#1293 = VERTEX_POINT('',#1294);
#1294 = CARTESIAN_POINT('',(138.647016,-79.825,0.));
#1295 = LINE('',#1296,#1297);
#1296 = CARTESIAN_POINT('',(138.647016,-79.825,0.));
#1297 = VECTOR('',#1298,1.);
#1298 = DIRECTION('',(0.,0.,-1.));
#1299 = ORIENTED_EDGE('',*,*,#1300,.F.);
#1300 = EDGE_CURVE('',#1261,#1293,#1301,.T.);
#1301 = CIRCLE('',#1302,9.961801965866E-02);
#1302 = AXIS2_PLACEMENT_3D('',#1303,#1304,#1305);
#1303 = CARTESIAN_POINT('',(138.7128432659,-79.75023021395,0.));
#1304 = DIRECTION('',(-0.,0.,-1.));
#1305 = DIRECTION('',(0.981094930758,-0.193527095881,-0.));
#1306 = CYLINDRICAL_SURFACE('',#1307,9.961801965866E-02);
#1307 = AXIS2_PLACEMENT_3D('',#1308,#1309,#1310);
#1308 = CARTESIAN_POINT('',(138.7128432659,-79.75023021395,0.));
#1309 = DIRECTION('',(0.,-0.,1.));
#1310 = DIRECTION('',(0.981094930758,-0.193527095881,-0.));
#1311 = ADVANCED_FACE('',(#1312),#1337,.F.);
#1312 = FACE_BOUND('',#1313,.F.);
#1313 = EDGE_LOOP('',(#1314,#1315,#1323,#1331));
#1314 = ORIENTED_EDGE('',*,*,#1292,.T.);
#1315 = ORIENTED_EDGE('',*,*,#1316,.T.);
#1316 = EDGE_CURVE('',#1284,#1317,#1319,.T.);
#1317 = VERTEX_POINT('',#1318);
#1318 = CARTESIAN_POINT('',(134.142421,-79.825,-3.5E-02));
#1319 = LINE('',#1320,#1321);
#1320 = CARTESIAN_POINT('',(138.647016,-79.825,-3.5E-02));
#1321 = VECTOR('',#1322,1.);
#1322 = DIRECTION('',(-1.,0.,0.));
#1323 = ORIENTED_EDGE('',*,*,#1324,.F.);
#1324 = EDGE_CURVE('',#1325,#1317,#1327,.T.);
#1325 = VERTEX_POINT('',#1326);
#1326 = CARTESIAN_POINT('',(134.142421,-79.825,0.));
#1327 = LINE('',#1328,#1329);
#1328 = CARTESIAN_POINT('',(134.142421,-79.825,0.));
#1329 = VECTOR('',#1330,1.);
#1330 = DIRECTION('',(0.,0.,-1.));
#1331 = ORIENTED_EDGE('',*,*,#1332,.F.);
#1332 = EDGE_CURVE('',#1293,#1325,#1333,.T.);
#1333 = LINE('',#1334,#1335);
#1334 = CARTESIAN_POINT('',(138.647016,-79.825,0.));
#1335 = VECTOR('',#1336,1.);
#1336 = DIRECTION('',(-1.,0.,0.));
#1337 = PLANE('',#1338);
#1338 = AXIS2_PLACEMENT_3D('',#1339,#1340,#1341);
#1339 = CARTESIAN_POINT('',(138.647016,-79.825,0.));
#1340 = DIRECTION('',(0.,1.,0.));
#1341 = DIRECTION('',(-1.,0.,0.));
#1342 = ADVANCED_FACE('',(#1343),#1368,.F.);
#1343 = FACE_BOUND('',#1344,.F.);
#1344 = EDGE_LOOP('',(#1345,#1346,#1354,#1362));
#1345 = ORIENTED_EDGE('',*,*,#1324,.T.);
#1346 = ORIENTED_EDGE('',*,*,#1347,.T.);
#1347 = EDGE_CURVE('',#1317,#1348,#1350,.T.);
#1348 = VERTEX_POINT('',#1349);
#1349 = CARTESIAN_POINT('',(133.201,-80.766421,-3.5E-02));
#1350 = LINE('',#1351,#1352);
#1351 = CARTESIAN_POINT('',(134.142421,-79.825,-3.5E-02));
#1352 = VECTOR('',#1353,1.);
#1353 = DIRECTION('',(-0.707106781187,-0.707106781187,0.));
#1354 = ORIENTED_EDGE('',*,*,#1355,.F.);
#1355 = EDGE_CURVE('',#1356,#1348,#1358,.T.);
#1356 = VERTEX_POINT('',#1357);
#1357 = CARTESIAN_POINT('',(133.201,-80.766421,0.));
#1358 = LINE('',#1359,#1360);
#1359 = CARTESIAN_POINT('',(133.201,-80.766421,0.));
#1360 = VECTOR('',#1361,1.);
#1361 = DIRECTION('',(0.,0.,-1.));
#1362 = ORIENTED_EDGE('',*,*,#1363,.F.);
#1363 = EDGE_CURVE('',#1325,#1356,#1364,.T.);
#1364 = LINE('',#1365,#1366);
#1365 = CARTESIAN_POINT('',(134.142421,-79.825,0.));
#1366 = VECTOR('',#1367,1.);
#1367 = DIRECTION('',(-0.707106781187,-0.707106781187,0.));
#1368 = PLANE('',#1369);
#1369 = AXIS2_PLACEMENT_3D('',#1370,#1371,#1372);
#1370 = CARTESIAN_POINT('',(134.142421,-79.825,0.));
#1371 = DIRECTION('',(-0.707106781187,0.707106781187,0.));
#1372 = DIRECTION('',(-0.707106781187,-0.707106781187,0.));
#1373 = ADVANCED_FACE('',(#1374),#1399,.F.);
#1374 = FACE_BOUND('',#1375,.F.);
#1375 = EDGE_LOOP('',(#1376,#1377,#1385,#1393));
#1376 = ORIENTED_EDGE('',*,*,#1355,.T.);
#1377 = ORIENTED_EDGE('',*,*,#1378,.T.);
#1378 = EDGE_CURVE('',#1348,#1379,#1381,.T.);
#1379 = VERTEX_POINT('',#1380);
#1380 = CARTESIAN_POINT('',(133.201,-106.583578,-3.5E-02));
#1381 = LINE('',#1382,#1383);
#1382 = CARTESIAN_POINT('',(133.201,-80.766421,-3.5E-02));
#1383 = VECTOR('',#1384,1.);
#1384 = DIRECTION('',(0.,-1.,0.));
#1385 = ORIENTED_EDGE('',*,*,#1386,.F.);
#1386 = EDGE_CURVE('',#1387,#1379,#1389,.T.);
#1387 = VERTEX_POINT('',#1388);
#1388 = CARTESIAN_POINT('',(133.201,-106.583578,0.));
#1389 = LINE('',#1390,#1391);
#1390 = CARTESIAN_POINT('',(133.201,-106.583578,0.));
#1391 = VECTOR('',#1392,1.);
#1392 = DIRECTION('',(0.,0.,-1.));
#1393 = ORIENTED_EDGE('',*,*,#1394,.F.);
#1394 = EDGE_CURVE('',#1356,#1387,#1395,.T.);
#1395 = LINE('',#1396,#1397);
#1396 = CARTESIAN_POINT('',(133.201,-80.766421,0.));
#1397 = VECTOR('',#1398,1.);
#1398 = DIRECTION('',(0.,-1.,0.));
#1399 = PLANE('',#1400);
#1400 = AXIS2_PLACEMENT_3D('',#1401,#1402,#1403);
#1401 = CARTESIAN_POINT('',(133.201,-80.766421,0.));
#1402 = DIRECTION('',(-1.,-0.,-0.));
#1403 = DIRECTION('',(0.,-1.,0.));
#1404 = ADVANCED_FACE('',(#1405),#1430,.F.);
#1405 = FACE_BOUND('',#1406,.F.);
#1406 = EDGE_LOOP('',(#1407,#1408,#1416,#1424));
#1407 = ORIENTED_EDGE('',*,*,#1386,.T.);
#1408 = ORIENTED_EDGE('',*,*,#1409,.T.);
#1409 = EDGE_CURVE('',#1379,#1410,#1412,.T.);
#1410 = VERTEX_POINT('',#1411);
#1411 = CARTESIAN_POINT('',(134.442421,-107.825,-3.5E-02));
#1412 = LINE('',#1413,#1414);
#1413 = CARTESIAN_POINT('',(133.201,-106.583578,-3.5E-02));
#1414 = VECTOR('',#1415,1.);
#1415 = DIRECTION('',(0.707106496389,-0.707107065984,0.));
#1416 = ORIENTED_EDGE('',*,*,#1417,.F.);
#1417 = EDGE_CURVE('',#1418,#1410,#1420,.T.);
#1418 = VERTEX_POINT('',#1419);
#1419 = CARTESIAN_POINT('',(134.442421,-107.825,0.));
#1420 = LINE('',#1421,#1422);
#1421 = CARTESIAN_POINT('',(134.442421,-107.825,0.));
#1422 = VECTOR('',#1423,1.);
#1423 = DIRECTION('',(0.,0.,-1.));
#1424 = ORIENTED_EDGE('',*,*,#1425,.F.);
#1425 = EDGE_CURVE('',#1387,#1418,#1426,.T.);
#1426 = LINE('',#1427,#1428);
#1427 = CARTESIAN_POINT('',(133.201,-106.583578,0.));
#1428 = VECTOR('',#1429,1.);
#1429 = DIRECTION('',(0.707106496389,-0.707107065984,0.));
#1430 = PLANE('',#1431);
#1431 = AXIS2_PLACEMENT_3D('',#1432,#1433,#1434);
#1432 = CARTESIAN_POINT('',(133.201,-106.583578,0.));
#1433 = DIRECTION('',(-0.707107065984,-0.707106496389,-0.));
#1434 = DIRECTION('',(0.707106496389,-0.707107065984,0.));
#1435 = ADVANCED_FACE('',(#1436),#1461,.F.);
#1436 = FACE_BOUND('',#1437,.F.);
#1437 = EDGE_LOOP('',(#1438,#1439,#1447,#1455));
#1438 = ORIENTED_EDGE('',*,*,#1417,.T.);
#1439 = ORIENTED_EDGE('',*,*,#1440,.T.);
#1440 = EDGE_CURVE('',#1410,#1441,#1443,.T.);
#1441 = VERTEX_POINT('',#1442);
#1442 = CARTESIAN_POINT('',(146.194509,-107.826921,-3.5E-02));
#1443 = LINE('',#1444,#1445);
#1444 = CARTESIAN_POINT('',(134.442421,-107.825,-3.5E-02));
#1445 = VECTOR('',#1446,1.);
#1446 = DIRECTION('',(0.99999998664,-1.634603122723E-04,0.));
#1447 = ORIENTED_EDGE('',*,*,#1448,.F.);
#1448 = EDGE_CURVE('',#1449,#1441,#1451,.T.);
#1449 = VERTEX_POINT('',#1450);
#1450 = CARTESIAN_POINT('',(146.194509,-107.826921,0.));
#1451 = LINE('',#1452,#1453);
#1452 = CARTESIAN_POINT('',(146.194509,-107.826921,0.));
#1453 = VECTOR('',#1454,1.);
#1454 = DIRECTION('',(0.,0.,-1.));
#1455 = ORIENTED_EDGE('',*,*,#1456,.F.);
#1456 = EDGE_CURVE('',#1418,#1449,#1457,.T.);
#1457 = LINE('',#1458,#1459);
#1458 = CARTESIAN_POINT('',(134.442421,-107.825,0.));
#1459 = VECTOR('',#1460,1.);
#1460 = DIRECTION('',(0.99999998664,-1.634603122723E-04,0.));
#1461 = PLANE('',#1462);
#1462 = AXIS2_PLACEMENT_3D('',#1463,#1464,#1465);
#1463 = CARTESIAN_POINT('',(134.442421,-107.825,0.));
#1464 = DIRECTION('',(-1.634603122723E-04,-0.99999998664,-0.));
#1465 = DIRECTION('',(0.99999998664,-1.634603122723E-04,0.));
#1466 = ADVANCED_FACE('',(#1467),#1492,.F.);
#1467 = FACE_BOUND('',#1468,.F.);
#1468 = EDGE_LOOP('',(#1469,#1470,#1478,#1486));
#1469 = ORIENTED_EDGE('',*,*,#1448,.T.);
#1470 = ORIENTED_EDGE('',*,*,#1471,.T.);
#1471 = EDGE_CURVE('',#1441,#1472,#1474,.T.);
#1472 = VERTEX_POINT('',#1473);
#1473 = CARTESIAN_POINT('',(146.240485,-107.85,-3.5E-02));
#1474 = LINE('',#1475,#1476);
#1475 = CARTESIAN_POINT('',(146.194509,-107.826921,-3.5E-02));
#1476 = VECTOR('',#1477,1.);
#1477 = DIRECTION('',(0.89371849899,-0.44862818075,0.));
#1478 = ORIENTED_EDGE('',*,*,#1479,.F.);
#1479 = EDGE_CURVE('',#1480,#1472,#1482,.T.);
#1480 = VERTEX_POINT('',#1481);
#1481 = CARTESIAN_POINT('',(146.240485,-107.85,0.));
#1482 = LINE('',#1483,#1484);
#1483 = CARTESIAN_POINT('',(146.240485,-107.85,0.));
#1484 = VECTOR('',#1485,1.);
#1485 = DIRECTION('',(0.,0.,-1.));
#1486 = ORIENTED_EDGE('',*,*,#1487,.F.);
#1487 = EDGE_CURVE('',#1449,#1480,#1488,.T.);
#1488 = LINE('',#1489,#1490);
#1489 = CARTESIAN_POINT('',(146.194509,-107.826921,0.));
#1490 = VECTOR('',#1491,1.);
#1491 = DIRECTION('',(0.89371849899,-0.44862818075,0.));
#1492 = PLANE('',#1493);
#1493 = AXIS2_PLACEMENT_3D('',#1494,#1495,#1496);
#1494 = CARTESIAN_POINT('',(146.194509,-107.826921,0.));
#1495 = DIRECTION('',(-0.44862818075,-0.89371849899,-0.));
#1496 = DIRECTION('',(0.89371849899,-0.44862818075,0.));
#1497 = ADVANCED_FACE('',(#1498),#1523,.F.);
#1498 = FACE_BOUND('',#1499,.F.);
#1499 = EDGE_LOOP('',(#1500,#1501,#1509,#1517));
#1500 = ORIENTED_EDGE('',*,*,#1479,.T.);
#1501 = ORIENTED_EDGE('',*,*,#1502,.T.);
#1502 = EDGE_CURVE('',#1472,#1503,#1505,.T.);
#1503 = VERTEX_POINT('',#1504);
#1504 = CARTESIAN_POINT('',(152.719509,-107.851921,-3.5E-02));
#1505 = LINE('',#1506,#1507);
#1506 = CARTESIAN_POINT('',(146.240485,-107.85,-3.5E-02));
#1507 = VECTOR('',#1508,1.);
#1508 = DIRECTION('',(0.999999956045,-2.964952615661E-04,0.));
#1509 = ORIENTED_EDGE('',*,*,#1510,.F.);
#1510 = EDGE_CURVE('',#1511,#1503,#1513,.T.);
#1511 = VERTEX_POINT('',#1512);
#1512 = CARTESIAN_POINT('',(152.719509,-107.851921,0.));
#1513 = LINE('',#1514,#1515);
#1514 = CARTESIAN_POINT('',(152.719509,-107.851921,0.));
#1515 = VECTOR('',#1516,1.);
#1516 = DIRECTION('',(0.,0.,-1.));
#1517 = ORIENTED_EDGE('',*,*,#1518,.F.);
#1518 = EDGE_CURVE('',#1480,#1511,#1519,.T.);
#1519 = LINE('',#1520,#1521);
#1520 = CARTESIAN_POINT('',(146.240485,-107.85,0.));
#1521 = VECTOR('',#1522,1.);
#1522 = DIRECTION('',(0.999999956045,-2.964952615661E-04,0.));
#1523 = PLANE('',#1524);
#1524 = AXIS2_PLACEMENT_3D('',#1525,#1526,#1527);
#1525 = CARTESIAN_POINT('',(146.240485,-107.85,0.));
#1526 = DIRECTION('',(-2.964952615661E-04,-0.999999956045,-0.));
#1527 = DIRECTION('',(0.999999956045,-2.964952615661E-04,0.));
#1528 = ADVANCED_FACE('',(#1529),#1556,.T.);
#1529 = FACE_BOUND('',#1530,.F.);
#1530 = EDGE_LOOP('',(#1531,#1532,#1541,#1549));
#1531 = ORIENTED_EDGE('',*,*,#1510,.T.);
#1532 = ORIENTED_EDGE('',*,*,#1533,.T.);
#1533 = EDGE_CURVE('',#1503,#1534,#1536,.T.);
#1534 = VERTEX_POINT('',#1535);
#1535 = CARTESIAN_POINT('',(152.719509,-108.048079,-3.5E-02));
#1536 = CIRCLE('',#1537,0.100000456609);
#1537 = AXIS2_PLACEMENT_3D('',#1538,#1539,#1540);
#1538 = CARTESIAN_POINT('',(152.7,-107.95,-3.5E-02));
#1539 = DIRECTION('',(0.,0.,-1.));
#1540 = DIRECTION('',(0.195089109205,0.980785521646,0.));
#1541 = ORIENTED_EDGE('',*,*,#1542,.F.);
#1542 = EDGE_CURVE('',#1543,#1534,#1545,.T.);
#1543 = VERTEX_POINT('',#1544);
#1544 = CARTESIAN_POINT('',(152.719509,-108.048079,0.));
#1545 = LINE('',#1546,#1547);
#1546 = CARTESIAN_POINT('',(152.719509,-108.048079,0.));
#1547 = VECTOR('',#1548,1.);
#1548 = DIRECTION('',(0.,0.,-1.));
#1549 = ORIENTED_EDGE('',*,*,#1550,.F.);
#1550 = EDGE_CURVE('',#1511,#1543,#1551,.T.);
#1551 = CIRCLE('',#1552,0.100000456609);
#1552 = AXIS2_PLACEMENT_3D('',#1553,#1554,#1555);
#1553 = CARTESIAN_POINT('',(152.7,-107.95,0.));
#1554 = DIRECTION('',(0.,0.,-1.));
#1555 = DIRECTION('',(0.195089109205,0.980785521646,0.));
#1556 = CYLINDRICAL_SURFACE('',#1557,0.100000456609);
#1557 = AXIS2_PLACEMENT_3D('',#1558,#1559,#1560);
#1558 = CARTESIAN_POINT('',(152.7,-107.95,0.));
#1559 = DIRECTION('',(-0.,-0.,1.));
#1560 = DIRECTION('',(0.195089109205,0.980785521646,0.));
#1561 = ADVANCED_FACE('',(#1562),#1587,.F.);
#1562 = FACE_BOUND('',#1563,.F.);
#1563 = EDGE_LOOP('',(#1564,#1565,#1573,#1581));
#1564 = ORIENTED_EDGE('',*,*,#1542,.T.);
#1565 = ORIENTED_EDGE('',*,*,#1566,.T.);
#1566 = EDGE_CURVE('',#1534,#1567,#1569,.T.);
#1567 = VERTEX_POINT('',#1568);
#1568 = CARTESIAN_POINT('',(146.180491,-108.048079,-3.5E-02));
#1569 = LINE('',#1570,#1571);
#1570 = CARTESIAN_POINT('',(152.719509,-108.048079,-3.5E-02));
#1571 = VECTOR('',#1572,1.);
#1572 = DIRECTION('',(-1.,0.,0.));
#1573 = ORIENTED_EDGE('',*,*,#1574,.F.);
#1574 = EDGE_CURVE('',#1575,#1567,#1577,.T.);
#1575 = VERTEX_POINT('',#1576);
#1576 = CARTESIAN_POINT('',(146.180491,-108.048079,0.));
#1577 = LINE('',#1578,#1579);
#1578 = CARTESIAN_POINT('',(146.180491,-108.048079,0.));
#1579 = VECTOR('',#1580,1.);
#1580 = DIRECTION('',(0.,0.,-1.));
#1581 = ORIENTED_EDGE('',*,*,#1582,.F.);
#1582 = EDGE_CURVE('',#1543,#1575,#1583,.T.);
#1583 = LINE('',#1584,#1585);
#1584 = CARTESIAN_POINT('',(152.719509,-108.048079,0.));
#1585 = VECTOR('',#1586,1.);
#1586 = DIRECTION('',(-1.,0.,0.));
#1587 = PLANE('',#1588);
#1588 = AXIS2_PLACEMENT_3D('',#1589,#1590,#1591);
#1589 = CARTESIAN_POINT('',(152.719509,-108.048079,0.));
#1590 = DIRECTION('',(0.,1.,0.));
#1591 = DIRECTION('',(-1.,0.,0.));
#1592 = ADVANCED_FACE('',(#1593),#1618,.F.);
#1593 = FACE_BOUND('',#1594,.F.);
#1594 = EDGE_LOOP('',(#1595,#1596,#1604,#1612));
#1595 = ORIENTED_EDGE('',*,*,#1574,.T.);
#1596 = ORIENTED_EDGE('',*,*,#1597,.T.);
#1597 = EDGE_CURVE('',#1567,#1598,#1600,.T.);
#1598 = VERTEX_POINT('',#1599);
#1599 = CARTESIAN_POINT('',(146.134516,-108.025,-3.5E-02));
#1600 = LINE('',#1601,#1602);
#1601 = CARTESIAN_POINT('',(146.180491,-108.048079,-3.5E-02));
#1602 = VECTOR('',#1603,1.);
#1603 = DIRECTION('',(-0.893714586493,0.448635974805,0.));
#1604 = ORIENTED_EDGE('',*,*,#1605,.F.);
#1605 = EDGE_CURVE('',#1606,#1598,#1608,.T.);
#1606 = VERTEX_POINT('',#1607);
#1607 = CARTESIAN_POINT('',(146.134516,-108.025,0.));
#1608 = LINE('',#1609,#1610);
#1609 = CARTESIAN_POINT('',(146.134516,-108.025,0.));
#1610 = VECTOR('',#1611,1.);
#1611 = DIRECTION('',(0.,0.,-1.));
#1612 = ORIENTED_EDGE('',*,*,#1613,.F.);
#1613 = EDGE_CURVE('',#1575,#1606,#1614,.T.);
#1614 = LINE('',#1615,#1616);
#1615 = CARTESIAN_POINT('',(146.180491,-108.048079,0.));
#1616 = VECTOR('',#1617,1.);
#1617 = DIRECTION('',(-0.893714586493,0.448635974805,0.));
#1618 = PLANE('',#1619);
#1619 = AXIS2_PLACEMENT_3D('',#1620,#1621,#1622);
#1620 = CARTESIAN_POINT('',(146.180491,-108.048079,0.));
#1621 = DIRECTION('',(0.448635974805,0.893714586493,0.));
#1622 = DIRECTION('',(-0.893714586493,0.448635974805,0.));
#1623 = ADVANCED_FACE('',(#1624),#1649,.F.);
#1624 = FACE_BOUND('',#1625,.F.);
#1625 = EDGE_LOOP('',(#1626,#1627,#1635,#1643));
#1626 = ORIENTED_EDGE('',*,*,#1605,.T.);
#1627 = ORIENTED_EDGE('',*,*,#1628,.T.);
#1628 = EDGE_CURVE('',#1598,#1629,#1631,.T.);
#1629 = VERTEX_POINT('',#1630);
#1630 = CARTESIAN_POINT('',(134.381491,-108.023079,-3.5E-02));
#1631 = LINE('',#1632,#1633);
#1632 = CARTESIAN_POINT('',(146.134516,-108.025,-3.5E-02));
#1633 = VECTOR('',#1634,1.);
#1634 = DIRECTION('',(-0.999999986642,1.634472805384E-04,0.));
#1635 = ORIENTED_EDGE('',*,*,#1636,.F.);
#1636 = EDGE_CURVE('',#1637,#1629,#1639,.T.);
#1637 = VERTEX_POINT('',#1638);
#1638 = CARTESIAN_POINT('',(134.381491,-108.023079,0.));
#1639 = LINE('',#1640,#1641);
#1640 = CARTESIAN_POINT('',(134.381491,-108.023079,0.));
#1641 = VECTOR('',#1642,1.);
#1642 = DIRECTION('',(0.,0.,-1.));
#1643 = ORIENTED_EDGE('',*,*,#1644,.F.);
#1644 = EDGE_CURVE('',#1606,#1637,#1645,.T.);
#1645 = LINE('',#1646,#1647);
#1646 = CARTESIAN_POINT('',(146.134516,-108.025,0.));
#1647 = VECTOR('',#1648,1.);
#1648 = DIRECTION('',(-0.999999986642,1.634472805384E-04,0.));
#1649 = PLANE('',#1650);
#1650 = AXIS2_PLACEMENT_3D('',#1651,#1652,#1653);
#1651 = CARTESIAN_POINT('',(146.134516,-108.025,0.));
#1652 = DIRECTION('',(1.634472805384E-04,0.999999986642,0.));
#1653 = DIRECTION('',(-0.999999986642,1.634472805384E-04,0.));
#1654 = ADVANCED_FACE('',(#1655),#1680,.F.);
#1655 = FACE_BOUND('',#1656,.F.);
#1656 = EDGE_LOOP('',(#1657,#1658,#1666,#1674));
#1657 = ORIENTED_EDGE('',*,*,#1636,.T.);
#1658 = ORIENTED_EDGE('',*,*,#1659,.T.);
#1659 = EDGE_CURVE('',#1629,#1660,#1662,.T.);
#1660 = VERTEX_POINT('',#1661);
#1661 = CARTESIAN_POINT('',(134.345443,-108.008148,-3.5E-02));
#1662 = LINE('',#1663,#1664);
#1663 = CARTESIAN_POINT('',(134.381491,-108.023079,-3.5E-02));
#1664 = VECTOR('',#1665,1.);
#1665 = DIRECTION('',(-0.92388470188,0.382670952168,0.));
#1666 = ORIENTED_EDGE('',*,*,#1667,.F.);
#1667 = EDGE_CURVE('',#1668,#1660,#1670,.T.);
#1668 = VERTEX_POINT('',#1669);
#1669 = CARTESIAN_POINT('',(134.345443,-108.008148,0.));
#1670 = LINE('',#1671,#1672);
#1671 = CARTESIAN_POINT('',(134.345443,-108.008148,0.));
#1672 = VECTOR('',#1673,1.);
#1673 = DIRECTION('',(0.,0.,-1.));
#1674 = ORIENTED_EDGE('',*,*,#1675,.F.);
#1675 = EDGE_CURVE('',#1637,#1668,#1676,.T.);
#1676 = LINE('',#1677,#1678);
#1677 = CARTESIAN_POINT('',(134.381491,-108.023079,0.));
#1678 = VECTOR('',#1679,1.);
#1679 = DIRECTION('',(-0.92388470188,0.382670952168,0.));
#1680 = PLANE('',#1681);
#1681 = AXIS2_PLACEMENT_3D('',#1682,#1683,#1684);
#1682 = CARTESIAN_POINT('',(134.381491,-108.023079,0.));
#1683 = DIRECTION('',(0.382670952168,0.92388470188,0.));
#1684 = DIRECTION('',(-0.92388470188,0.382670952168,0.));
#1685 = ADVANCED_FACE('',(#1686),#1711,.F.);
#1686 = FACE_BOUND('',#1687,.F.);
#1687 = EDGE_LOOP('',(#1688,#1689,#1697,#1705));
#1688 = ORIENTED_EDGE('',*,*,#1667,.T.);
#1689 = ORIENTED_EDGE('',*,*,#1690,.T.);
#1690 = EDGE_CURVE('',#1660,#1691,#1693,.T.);
#1691 = VERTEX_POINT('',#1692);
#1692 = CARTESIAN_POINT('',(133.017853,-106.680557,-3.5E-02));
#1693 = LINE('',#1694,#1695);
#1694 = CARTESIAN_POINT('',(134.345443,-108.008148,-3.5E-02));
#1695 = VECTOR('',#1696,1.);
#1696 = DIRECTION('',(-0.707106514874,0.707107047499,0.));
#1697 = ORIENTED_EDGE('',*,*,#1698,.F.);
#1698 = EDGE_CURVE('',#1699,#1691,#1701,.T.);
#1699 = VERTEX_POINT('',#1700);
#1700 = CARTESIAN_POINT('',(133.017853,-106.680557,0.));
#1701 = LINE('',#1702,#1703);
#1702 = CARTESIAN_POINT('',(133.017853,-106.680557,0.));
#1703 = VECTOR('',#1704,1.);
#1704 = DIRECTION('',(0.,0.,-1.));
#1705 = ORIENTED_EDGE('',*,*,#1706,.F.);
#1706 = EDGE_CURVE('',#1668,#1699,#1707,.T.);
#1707 = LINE('',#1708,#1709);
#1708 = CARTESIAN_POINT('',(134.345443,-108.008148,0.));
#1709 = VECTOR('',#1710,1.);
#1710 = DIRECTION('',(-0.707106514874,0.707107047499,0.));
#1711 = PLANE('',#1712);
#1712 = AXIS2_PLACEMENT_3D('',#1713,#1714,#1715);
#1713 = CARTESIAN_POINT('',(134.345443,-108.008148,0.));
#1714 = DIRECTION('',(0.707107047499,0.707106514874,0.));
#1715 = DIRECTION('',(-0.707106514874,0.707107047499,0.));
#1716 = ADVANCED_FACE('',(#1717),#1742,.F.);
#1717 = FACE_BOUND('',#1718,.F.);
#1718 = EDGE_LOOP('',(#1719,#1720,#1728,#1736));
#1719 = ORIENTED_EDGE('',*,*,#1698,.T.);
#1720 = ORIENTED_EDGE('',*,*,#1721,.T.);
#1721 = EDGE_CURVE('',#1691,#1722,#1724,.T.);
#1722 = VERTEX_POINT('',#1723);
#1723 = CARTESIAN_POINT('',(133.002921,-106.644509,-3.5E-02));
#1724 = LINE('',#1725,#1726);
#1725 = CARTESIAN_POINT('',(133.017853,-106.680557,-3.5E-02));
#1726 = VECTOR('',#1727,1.);
#1727 = DIRECTION('',(-0.38269282806,0.923875640631,0.));
#1728 = ORIENTED_EDGE('',*,*,#1729,.F.);
#1729 = EDGE_CURVE('',#1730,#1722,#1732,.T.);
#1730 = VERTEX_POINT('',#1731);
#1731 = CARTESIAN_POINT('',(133.002921,-106.644509,0.));
#1732 = LINE('',#1733,#1734);
#1733 = CARTESIAN_POINT('',(133.002921,-106.644509,0.));
#1734 = VECTOR('',#1735,1.);
#1735 = DIRECTION('',(0.,0.,-1.));
#1736 = ORIENTED_EDGE('',*,*,#1737,.F.);
#1737 = EDGE_CURVE('',#1699,#1730,#1738,.T.);
#1738 = LINE('',#1739,#1740);
#1739 = CARTESIAN_POINT('',(133.017853,-106.680557,0.));
#1740 = VECTOR('',#1741,1.);
#1741 = DIRECTION('',(-0.38269282806,0.923875640631,0.));
#1742 = PLANE('',#1743);
#1743 = AXIS2_PLACEMENT_3D('',#1744,#1745,#1746);
#1744 = CARTESIAN_POINT('',(133.017853,-106.680557,0.));
#1745 = DIRECTION('',(0.923875640631,0.38269282806,0.));
#1746 = DIRECTION('',(-0.38269282806,0.923875640631,0.));
#1747 = ADVANCED_FACE('',(#1748),#1773,.F.);
#1748 = FACE_BOUND('',#1749,.F.);
#1749 = EDGE_LOOP('',(#1750,#1751,#1759,#1767));
#1750 = ORIENTED_EDGE('',*,*,#1729,.T.);
#1751 = ORIENTED_EDGE('',*,*,#1752,.T.);
#1752 = EDGE_CURVE('',#1722,#1753,#1755,.T.);
#1753 = VERTEX_POINT('',#1754);
#1754 = CARTESIAN_POINT('',(133.002921,-80.705491,-3.5E-02));
#1755 = LINE('',#1756,#1757);
#1756 = CARTESIAN_POINT('',(133.002921,-106.644509,-3.5E-02));
#1757 = VECTOR('',#1758,1.);
#1758 = DIRECTION('',(0.,1.,0.));
#1759 = ORIENTED_EDGE('',*,*,#1760,.F.);
#1760 = EDGE_CURVE('',#1761,#1753,#1763,.T.);
#1761 = VERTEX_POINT('',#1762);
#1762 = CARTESIAN_POINT('',(133.002921,-80.705491,0.));
#1763 = LINE('',#1764,#1765);
#1764 = CARTESIAN_POINT('',(133.002921,-80.705491,0.));
#1765 = VECTOR('',#1766,1.);
#1766 = DIRECTION('',(0.,0.,-1.));
#1767 = ORIENTED_EDGE('',*,*,#1768,.F.);
#1768 = EDGE_CURVE('',#1730,#1761,#1769,.T.);
#1769 = LINE('',#1770,#1771);
#1770 = CARTESIAN_POINT('',(133.002921,-106.644509,0.));
#1771 = VECTOR('',#1772,1.);
#1772 = DIRECTION('',(0.,1.,0.));
#1773 = PLANE('',#1774);
#1774 = AXIS2_PLACEMENT_3D('',#1775,#1776,#1777);
#1775 = CARTESIAN_POINT('',(133.002921,-106.644509,0.));
#1776 = DIRECTION('',(1.,-0.,0.));
#1777 = DIRECTION('',(0.,1.,0.));
#1778 = ADVANCED_FACE('',(#1779),#1804,.F.);
#1779 = FACE_BOUND('',#1780,.F.);
#1780 = EDGE_LOOP('',(#1781,#1782,#1790,#1798));
#1781 = ORIENTED_EDGE('',*,*,#1760,.T.);
#1782 = ORIENTED_EDGE('',*,*,#1783,.T.);
#1783 = EDGE_CURVE('',#1753,#1784,#1786,.T.);
#1784 = VERTEX_POINT('',#1785);
#1785 = CARTESIAN_POINT('',(133.017853,-80.669443,-3.5E-02));
#1786 = LINE('',#1787,#1788);
#1787 = CARTESIAN_POINT('',(133.002921,-80.705491,-3.5E-02));
#1788 = VECTOR('',#1789,1.);
#1789 = DIRECTION('',(0.38269282806,0.923875640631,0.));
#1790 = ORIENTED_EDGE('',*,*,#1791,.F.);
#1791 = EDGE_CURVE('',#1792,#1784,#1794,.T.);
#1792 = VERTEX_POINT('',#1793);
#1793 = CARTESIAN_POINT('',(133.017853,-80.669443,0.));
#1794 = LINE('',#1795,#1796);
#1795 = CARTESIAN_POINT('',(133.017853,-80.669443,0.));
#1796 = VECTOR('',#1797,1.);
#1797 = DIRECTION('',(0.,0.,-1.));
#1798 = ORIENTED_EDGE('',*,*,#1799,.F.);
#1799 = EDGE_CURVE('',#1761,#1792,#1800,.T.);
#1800 = LINE('',#1801,#1802);
#1801 = CARTESIAN_POINT('',(133.002921,-80.705491,0.));
#1802 = VECTOR('',#1803,1.);
#1803 = DIRECTION('',(0.38269282806,0.923875640631,0.));
#1804 = PLANE('',#1805);
#1805 = AXIS2_PLACEMENT_3D('',#1806,#1807,#1808);
#1806 = CARTESIAN_POINT('',(133.002921,-80.705491,0.));
#1807 = DIRECTION('',(0.923875640631,-0.38269282806,0.));
#1808 = DIRECTION('',(0.38269282806,0.923875640631,0.));
#1809 = ADVANCED_FACE('',(#1810),#1826,.F.);
#1810 = FACE_BOUND('',#1811,.F.);
#1811 = EDGE_LOOP('',(#1812,#1813,#1819,#1820));
#1812 = ORIENTED_EDGE('',*,*,#1791,.T.);
#1813 = ORIENTED_EDGE('',*,*,#1814,.T.);
#1814 = EDGE_CURVE('',#1784,#1150,#1815,.T.);
#1815 = LINE('',#1816,#1817);
#1816 = CARTESIAN_POINT('',(133.017853,-80.669443,-3.5E-02));
#1817 = VECTOR('',#1818,1.);
#1818 = DIRECTION('',(0.707106437126,0.707107125247,0.));
#1819 = ORIENTED_EDGE('',*,*,#1147,.F.);
#1820 = ORIENTED_EDGE('',*,*,#1821,.F.);
#1821 = EDGE_CURVE('',#1792,#1148,#1822,.T.);
#1822 = LINE('',#1823,#1824);
#1823 = CARTESIAN_POINT('',(133.017853,-80.669443,0.));
#1824 = VECTOR('',#1825,1.);
#1825 = DIRECTION('',(0.707106437126,0.707107125247,0.));
#1826 = PLANE('',#1827);
#1827 = AXIS2_PLACEMENT_3D('',#1828,#1829,#1830);
#1828 = CARTESIAN_POINT('',(133.017853,-80.669443,0.));
#1829 = DIRECTION('',(0.707107125247,-0.707106437126,0.));
#1830 = DIRECTION('',(0.707106437126,0.707107125247,0.));
#1831 = ADVANCED_FACE('',(#1832),#1856,.F.);
#1832 = FACE_BOUND('',#1833,.F.);
#1833 = EDGE_LOOP('',(#1834,#1835,#1836,#1837,#1838,#1839,#1840,#1841,
    #1842,#1843,#1844,#1845,#1846,#1847,#1848,#1849,#1850,#1851,#1852,
    #1853,#1854,#1855));
#1834 = ORIENTED_EDGE('',*,*,#1173,.T.);
#1835 = ORIENTED_EDGE('',*,*,#1204,.T.);
#1836 = ORIENTED_EDGE('',*,*,#1236,.T.);
#1837 = ORIENTED_EDGE('',*,*,#1268,.T.);
#1838 = ORIENTED_EDGE('',*,*,#1300,.T.);
#1839 = ORIENTED_EDGE('',*,*,#1332,.T.);
#1840 = ORIENTED_EDGE('',*,*,#1363,.T.);
#1841 = ORIENTED_EDGE('',*,*,#1394,.T.);
#1842 = ORIENTED_EDGE('',*,*,#1425,.T.);
#1843 = ORIENTED_EDGE('',*,*,#1456,.T.);
#1844 = ORIENTED_EDGE('',*,*,#1487,.T.);
#1845 = ORIENTED_EDGE('',*,*,#1518,.T.);
#1846 = ORIENTED_EDGE('',*,*,#1550,.T.);
#1847 = ORIENTED_EDGE('',*,*,#1582,.T.);
#1848 = ORIENTED_EDGE('',*,*,#1613,.T.);
#1849 = ORIENTED_EDGE('',*,*,#1644,.T.);
#1850 = ORIENTED_EDGE('',*,*,#1675,.T.);
#1851 = ORIENTED_EDGE('',*,*,#1706,.T.);
#1852 = ORIENTED_EDGE('',*,*,#1737,.T.);
#1853 = ORIENTED_EDGE('',*,*,#1768,.T.);
#1854 = ORIENTED_EDGE('',*,*,#1799,.T.);
#1855 = ORIENTED_EDGE('',*,*,#1821,.T.);
#1856 = PLANE('',#1857);
#1857 = AXIS2_PLACEMENT_3D('',#1858,#1859,#1860);
#1858 = CARTESIAN_POINT('',(0.,0.,0.));
#1859 = DIRECTION('',(-0.,-0.,-1.));
#1860 = DIRECTION('',(-1.,0.,0.));
#1861 = ADVANCED_FACE('',(#1862),#1886,.T.);
#1862 = FACE_BOUND('',#1863,.T.);
#1863 = EDGE_LOOP('',(#1864,#1865,#1866,#1867,#1868,#1869,#1870,#1871,
    #1872,#1873,#1874,#1875,#1876,#1877,#1878,#1879,#1880,#1881,#1882,
    #1883,#1884,#1885));
#1864 = ORIENTED_EDGE('',*,*,#1157,.T.);
#1865 = ORIENTED_EDGE('',*,*,#1188,.T.);
#1866 = ORIENTED_EDGE('',*,*,#1219,.T.);
#1867 = ORIENTED_EDGE('',*,*,#1252,.T.);
#1868 = ORIENTED_EDGE('',*,*,#1283,.T.);
#1869 = ORIENTED_EDGE('',*,*,#1316,.T.);
#1870 = ORIENTED_EDGE('',*,*,#1347,.T.);
#1871 = ORIENTED_EDGE('',*,*,#1378,.T.);
#1872 = ORIENTED_EDGE('',*,*,#1409,.T.);
#1873 = ORIENTED_EDGE('',*,*,#1440,.T.);
#1874 = ORIENTED_EDGE('',*,*,#1471,.T.);
#1875 = ORIENTED_EDGE('',*,*,#1502,.T.);
#1876 = ORIENTED_EDGE('',*,*,#1533,.T.);
#1877 = ORIENTED_EDGE('',*,*,#1566,.T.);
#1878 = ORIENTED_EDGE('',*,*,#1597,.T.);
#1879 = ORIENTED_EDGE('',*,*,#1628,.T.);
#1880 = ORIENTED_EDGE('',*,*,#1659,.T.);
#1881 = ORIENTED_EDGE('',*,*,#1690,.T.);
#1882 = ORIENTED_EDGE('',*,*,#1721,.T.);
#1883 = ORIENTED_EDGE('',*,*,#1752,.T.);
#1884 = ORIENTED_EDGE('',*,*,#1783,.T.);
#1885 = ORIENTED_EDGE('',*,*,#1814,.T.);
#1886 = PLANE('',#1887);
#1887 = AXIS2_PLACEMENT_3D('',#1888,#1889,#1890);
#1888 = CARTESIAN_POINT('',(0.,0.,-3.5E-02));
#1889 = DIRECTION('',(-0.,-0.,-1.));
#1890 = DIRECTION('',(-1.,0.,0.));
#1891 = MANIFOLD_SOLID_BREP('',#1892);
#1892 = CLOSED_SHELL('',(#1893,#1935,#1966,#1999,#2030,#2063,#2094,#2127
    ,#2158,#2191,#2222,#2255,#2286,#2319,#2350,#2383,#2414,#2447,#2478,
    #2511,#2542,#2575,#2606,#2639,#2670,#2703,#2734,#2767,#2798,#2831,
    #2862,#2895,#2926,#2959,#2990,#3023,#3054,#3087,#3118,#3151,#3182,
    #3215,#3246,#3279,#3310,#3343,#3374,#3407,#3438,#3471,#3502,#3535,
    #3566,#3599,#3630,#3663,#3694,#3727,#3758,#3791,#3822,#3855,#3886,
    #3919,#3950,#3983,#4014,#4047,#4078,#4111,#4142,#4175,#4206,#4239,
    #4270,#4303,#4334,#4367,#4398,#4431,#4462,#4495,#4526,#4559,#4590,
    #4623,#4654,#4687,#4718,#4751,#4782,#4815,#4846,#4879,#4910,#4943,
    #4974,#5007,#5038,#5071,#5102,#5135,#5166,#5199,#5230,#5263,#5294,
    #5327,#5358,#5391,#5422,#5455,#5486,#5519,#5550,#5583,#5614,#5647,
    #5678,#5711,#5742,#5775,#5806,#5839,#5870,#5903,#5934,#5965,#5998,
    #6029,#6060,#6091,#6122,#6155,#6186,#6219,#6250,#6283,#6314,#6347,
    #6378,#6411,#6442,#6475,#6506,#6539,#6570,#6603,#6634,#6667,#6698,
    #6731,#6762,#6795,#6826,#6859,#6890,#6923,#6954,#6987,#7018,#7051,
    #7082,#7115,#7146,#7179,#7210,#7243,#7274,#7307,#7338,#7371,#7402,
    #7435,#7466,#7499,#7530,#7563,#7594,#7627,#7658,#7691,#7722,#7755,
    #7786,#7819,#7850,#7883,#7914,#7947,#7978,#8011,#8042,#8075,#8106,
    #8139,#8170,#8203,#8234,#8267,#8298,#8331,#8362,#8395,#8426,#8459,
    #8490,#8523,#8554,#8587,#8618,#8651,#8682,#8715,#8746,#8779,#8810,
    #8843,#8874,#8907,#8938,#8971,#9002,#9035,#9066,#9099,#9130,#9163,
    #9194,#9227,#9258,#9291,#9322,#9355,#9386,#9419,#9450,#9483,#9514,
    #9547,#9578,#9611,#9642,#9675,#9706,#9739,#9770,#9803,#9834,#9865,
    #9896,#9927,#9958,#9989,#10020,#10051,#10084,#10115,#10146,#10179,
    #10210,#10243,#10274,#10307,#10329,#10601));
#1893 = ADVANCED_FACE('',(#1894),#1930,.T.);
#1894 = FACE_BOUND('',#1895,.T.);
#1895 = EDGE_LOOP('',(#1896,#1906,#1915,#1923));
#1896 = ORIENTED_EDGE('',*,*,#1897,.T.);
#1897 = EDGE_CURVE('',#1898,#1900,#1902,.T.);
#1898 = VERTEX_POINT('',#1899);
#1899 = CARTESIAN_POINT('',(138.973223,-51.798224,1.51));
#1900 = VERTEX_POINT('',#1901);
#1901 = CARTESIAN_POINT('',(138.973223,-51.798224,1.545));
#1902 = LINE('',#1903,#1904);
#1903 = CARTESIAN_POINT('',(138.973223,-51.798224,1.51));
#1904 = VECTOR('',#1905,1.);
#1905 = DIRECTION('',(0.,0.,1.));
#1906 = ORIENTED_EDGE('',*,*,#1907,.T.);
#1907 = EDGE_CURVE('',#1900,#1908,#1910,.T.);
#1908 = VERTEX_POINT('',#1909);
#1909 = CARTESIAN_POINT('',(139.15,-51.725,1.545));
#1910 = CIRCLE('',#1911,0.24999793365);
#1911 = AXIS2_PLACEMENT_3D('',#1912,#1913,#1914);
#1912 = CARTESIAN_POINT('',(139.14999953467,-51.97499793364,1.545));
#1913 = DIRECTION('',(0.,0.,-1.));
#1914 = DIRECTION('',(-0.70711198326,0.707101579075,0.));
#1915 = ORIENTED_EDGE('',*,*,#1916,.F.);
#1916 = EDGE_CURVE('',#1917,#1908,#1919,.T.);
#1917 = VERTEX_POINT('',#1918);
#1918 = CARTESIAN_POINT('',(139.15,-51.725,1.51));
#1919 = LINE('',#1920,#1921);
#1920 = CARTESIAN_POINT('',(139.15,-51.725,1.51));
#1921 = VECTOR('',#1922,1.);
#1922 = DIRECTION('',(0.,0.,1.));
#1923 = ORIENTED_EDGE('',*,*,#1924,.F.);
#1924 = EDGE_CURVE('',#1898,#1917,#1925,.T.);
#1925 = CIRCLE('',#1926,0.24999793365);
#1926 = AXIS2_PLACEMENT_3D('',#1927,#1928,#1929);
#1927 = CARTESIAN_POINT('',(139.14999953467,-51.97499793364,1.51));
#1928 = DIRECTION('',(0.,0.,-1.));
#1929 = DIRECTION('',(-0.70711198326,0.707101579075,0.));
#1930 = CYLINDRICAL_SURFACE('',#1931,0.24999793365);
#1931 = AXIS2_PLACEMENT_3D('',#1932,#1933,#1934);
#1932 = CARTESIAN_POINT('',(139.14999953467,-51.97499793364,1.51));
#1933 = DIRECTION('',(0.,0.,-1.));
#1934 = DIRECTION('',(-0.70711198326,0.707101579075,0.));
#1935 = ADVANCED_FACE('',(#1936),#1961,.T.);
#1936 = FACE_BOUND('',#1937,.T.);
#1937 = EDGE_LOOP('',(#1938,#1939,#1947,#1955));
#1938 = ORIENTED_EDGE('',*,*,#1916,.T.);
#1939 = ORIENTED_EDGE('',*,*,#1940,.T.);
#1940 = EDGE_CURVE('',#1908,#1941,#1943,.T.);
#1941 = VERTEX_POINT('',#1942);
#1942 = CARTESIAN_POINT('',(155.475,-51.725,1.545));
#1943 = LINE('',#1944,#1945);
#1944 = CARTESIAN_POINT('',(139.15,-51.725,1.545));
#1945 = VECTOR('',#1946,1.);
#1946 = DIRECTION('',(1.,0.,0.));
#1947 = ORIENTED_EDGE('',*,*,#1948,.F.);
#1948 = EDGE_CURVE('',#1949,#1941,#1951,.T.);
#1949 = VERTEX_POINT('',#1950);
#1950 = CARTESIAN_POINT('',(155.475,-51.725,1.51));
#1951 = LINE('',#1952,#1953);
#1952 = CARTESIAN_POINT('',(155.475,-51.725,1.51));
#1953 = VECTOR('',#1954,1.);
#1954 = DIRECTION('',(0.,0.,1.));
#1955 = ORIENTED_EDGE('',*,*,#1956,.F.);
#1956 = EDGE_CURVE('',#1917,#1949,#1957,.T.);
#1957 = LINE('',#1958,#1959);
#1958 = CARTESIAN_POINT('',(139.15,-51.725,1.51));
#1959 = VECTOR('',#1960,1.);
#1960 = DIRECTION('',(1.,0.,0.));
#1961 = PLANE('',#1962);
#1962 = AXIS2_PLACEMENT_3D('',#1963,#1964,#1965);
#1963 = CARTESIAN_POINT('',(139.15,-51.725,1.51));
#1964 = DIRECTION('',(0.,1.,0.));
#1965 = DIRECTION('',(1.,0.,0.));
#1966 = ADVANCED_FACE('',(#1967),#1994,.T.);
#1967 = FACE_BOUND('',#1968,.T.);
#1968 = EDGE_LOOP('',(#1969,#1970,#1979,#1987));
#1969 = ORIENTED_EDGE('',*,*,#1948,.T.);
#1970 = ORIENTED_EDGE('',*,*,#1971,.T.);
#1971 = EDGE_CURVE('',#1941,#1972,#1974,.T.);
#1972 = VERTEX_POINT('',#1973);
#1973 = CARTESIAN_POINT('',(155.651777,-51.798223,1.545));
#1974 = CIRCLE('',#1975,0.250005698685);
#1975 = AXIS2_PLACEMENT_3D('',#1976,#1977,#1978);
#1976 = CARTESIAN_POINT('',(155.47499824895,-51.97500569867,1.545));
#1977 = DIRECTION('',(0.,0.,-1.));
#1978 = DIRECTION('',(7.004039350435E-06,0.999999999975,0.));
#1979 = ORIENTED_EDGE('',*,*,#1980,.F.);
#1980 = EDGE_CURVE('',#1981,#1972,#1983,.T.);
#1981 = VERTEX_POINT('',#1982);
#1982 = CARTESIAN_POINT('',(155.651777,-51.798223,1.51));
#1983 = LINE('',#1984,#1985);
#1984 = CARTESIAN_POINT('',(155.651777,-51.798223,1.51));
#1985 = VECTOR('',#1986,1.);
#1986 = DIRECTION('',(0.,0.,1.));
#1987 = ORIENTED_EDGE('',*,*,#1988,.F.);
#1988 = EDGE_CURVE('',#1949,#1981,#1989,.T.);
#1989 = CIRCLE('',#1990,0.250005698685);
#1990 = AXIS2_PLACEMENT_3D('',#1991,#1992,#1993);
#1991 = CARTESIAN_POINT('',(155.47499824895,-51.97500569867,1.51));
#1992 = DIRECTION('',(0.,0.,-1.));
#1993 = DIRECTION('',(7.004039350435E-06,0.999999999975,0.));
#1994 = CYLINDRICAL_SURFACE('',#1995,0.250005698685);
#1995 = AXIS2_PLACEMENT_3D('',#1996,#1997,#1998);
#1996 = CARTESIAN_POINT('',(155.47499824895,-51.97500569867,1.51));
#1997 = DIRECTION('',(0.,0.,-1.));
#1998 = DIRECTION('',(7.004039350435E-06,0.999999999975,0.));
#1999 = ADVANCED_FACE('',(#2000),#2025,.T.);
#2000 = FACE_BOUND('',#2001,.T.);
#2001 = EDGE_LOOP('',(#2002,#2003,#2011,#2019));
#2002 = ORIENTED_EDGE('',*,*,#1980,.T.);
#2003 = ORIENTED_EDGE('',*,*,#2004,.T.);
#2004 = EDGE_CURVE('',#1972,#2005,#2007,.T.);
#2005 = VERTEX_POINT('',#2006);
#2006 = CARTESIAN_POINT('',(155.951777,-52.098223,1.545));
#2007 = LINE('',#2008,#2009);
#2008 = CARTESIAN_POINT('',(155.651777,-51.798223,1.545));
#2009 = VECTOR('',#2010,1.);
#2010 = DIRECTION('',(0.707106781187,-0.707106781187,0.));
#2011 = ORIENTED_EDGE('',*,*,#2012,.F.);
#2012 = EDGE_CURVE('',#2013,#2005,#2015,.T.);
#2013 = VERTEX_POINT('',#2014);
#2014 = CARTESIAN_POINT('',(155.951777,-52.098223,1.51));
#2015 = LINE('',#2016,#2017);
#2016 = CARTESIAN_POINT('',(155.951777,-52.098223,1.51));
#2017 = VECTOR('',#2018,1.);
#2018 = DIRECTION('',(0.,0.,1.));
#2019 = ORIENTED_EDGE('',*,*,#2020,.F.);
#2020 = EDGE_CURVE('',#1981,#2013,#2021,.T.);
#2021 = LINE('',#2022,#2023);
#2022 = CARTESIAN_POINT('',(155.651777,-51.798223,1.51));
#2023 = VECTOR('',#2024,1.);
#2024 = DIRECTION('',(0.707106781187,-0.707106781187,0.));
#2025 = PLANE('',#2026);
#2026 = AXIS2_PLACEMENT_3D('',#2027,#2028,#2029);
#2027 = CARTESIAN_POINT('',(155.651777,-51.798223,1.51));
#2028 = DIRECTION('',(0.707106781187,0.707106781187,-0.));
#2029 = DIRECTION('',(0.707106781187,-0.707106781187,0.));
#2030 = ADVANCED_FACE('',(#2031),#2058,.T.);
#2031 = FACE_BOUND('',#2032,.T.);
#2032 = EDGE_LOOP('',(#2033,#2034,#2043,#2051));
#2033 = ORIENTED_EDGE('',*,*,#2012,.T.);
#2034 = ORIENTED_EDGE('',*,*,#2035,.T.);
#2035 = EDGE_CURVE('',#2005,#2036,#2038,.T.);
#2036 = VERTEX_POINT('',#2037);
#2037 = CARTESIAN_POINT('',(156.025,-52.275,1.545));
#2038 = CIRCLE('',#2039,0.250006953711);
#2039 = AXIS2_PLACEMENT_3D('',#2040,#2041,#2042);
#2040 = CARTESIAN_POINT('',(155.7749930463,-52.27500227089,1.545));
#2041 = DIRECTION('',(0.,0.,-1.));
#2042 = DIRECTION('',(0.707116146477,0.707097415772,0.));
#2043 = ORIENTED_EDGE('',*,*,#2044,.F.);
#2044 = EDGE_CURVE('',#2045,#2036,#2047,.T.);
#2045 = VERTEX_POINT('',#2046);
#2046 = CARTESIAN_POINT('',(156.025,-52.275,1.51));
#2047 = LINE('',#2048,#2049);
#2048 = CARTESIAN_POINT('',(156.025,-52.275,1.51));
#2049 = VECTOR('',#2050,1.);
#2050 = DIRECTION('',(0.,0.,1.));
#2051 = ORIENTED_EDGE('',*,*,#2052,.F.);
#2052 = EDGE_CURVE('',#2013,#2045,#2053,.T.);
#2053 = CIRCLE('',#2054,0.250006953711);
#2054 = AXIS2_PLACEMENT_3D('',#2055,#2056,#2057);
#2055 = CARTESIAN_POINT('',(155.7749930463,-52.27500227089,1.51));
#2056 = DIRECTION('',(0.,0.,-1.));
#2057 = DIRECTION('',(0.707116146477,0.707097415772,0.));
#2058 = CYLINDRICAL_SURFACE('',#2059,0.250006953711);
#2059 = AXIS2_PLACEMENT_3D('',#2060,#2061,#2062);
#2060 = CARTESIAN_POINT('',(155.7749930463,-52.27500227089,1.51));
#2061 = DIRECTION('',(0.,0.,-1.));
#2062 = DIRECTION('',(0.707116146477,0.707097415772,0.));
#2063 = ADVANCED_FACE('',(#2064),#2089,.T.);
#2064 = FACE_BOUND('',#2065,.T.);
#2065 = EDGE_LOOP('',(#2066,#2067,#2075,#2083));
#2066 = ORIENTED_EDGE('',*,*,#2044,.T.);
#2067 = ORIENTED_EDGE('',*,*,#2068,.T.);
#2068 = EDGE_CURVE('',#2036,#2069,#2071,.T.);
#2069 = VERTEX_POINT('',#2070);
#2070 = CARTESIAN_POINT('',(156.025,-54.216402,1.545));
#2071 = LINE('',#2072,#2073);
#2072 = CARTESIAN_POINT('',(156.025,-52.275,1.545));
#2073 = VECTOR('',#2074,1.);
#2074 = DIRECTION('',(0.,-1.,0.));
#2075 = ORIENTED_EDGE('',*,*,#2076,.F.);
#2076 = EDGE_CURVE('',#2077,#2069,#2079,.T.);
#2077 = VERTEX_POINT('',#2078);
#2078 = CARTESIAN_POINT('',(156.025,-54.216402,1.51));
#2079 = LINE('',#2080,#2081);
#2080 = CARTESIAN_POINT('',(156.025,-54.216402,1.51));
#2081 = VECTOR('',#2082,1.);
#2082 = DIRECTION('',(0.,0.,1.));
#2083 = ORIENTED_EDGE('',*,*,#2084,.F.);
#2084 = EDGE_CURVE('',#2045,#2077,#2085,.T.);
#2085 = LINE('',#2086,#2087);
#2086 = CARTESIAN_POINT('',(156.025,-52.275,1.51));
#2087 = VECTOR('',#2088,1.);
#2088 = DIRECTION('',(0.,-1.,0.));
#2089 = PLANE('',#2090);
#2090 = AXIS2_PLACEMENT_3D('',#2091,#2092,#2093);
#2091 = CARTESIAN_POINT('',(156.025,-52.275,1.51));
#2092 = DIRECTION('',(1.,0.,-0.));
#2093 = DIRECTION('',(0.,-1.,0.));
#2094 = ADVANCED_FACE('',(#2095),#2122,.T.);
#2095 = FACE_BOUND('',#2096,.T.);
#2096 = EDGE_LOOP('',(#2097,#2098,#2107,#2115));
#2097 = ORIENTED_EDGE('',*,*,#2076,.T.);
#2098 = ORIENTED_EDGE('',*,*,#2099,.T.);
#2099 = EDGE_CURVE('',#2069,#2100,#2102,.T.);
#2100 = VERTEX_POINT('',#2101);
#2101 = CARTESIAN_POINT('',(154.667,-55.574402,1.545));
#2102 = CIRCLE('',#2103,1.35800003022);
#2103 = AXIS2_PLACEMENT_3D('',#2104,#2105,#2106);
#2104 = CARTESIAN_POINT('',(154.66699996978,-54.21640196978,1.545));
#2105 = DIRECTION('',(0.,0.,-1.));
#2106 = DIRECTION('',(1.,-2.225355441915E-08,0.));
#2107 = ORIENTED_EDGE('',*,*,#2108,.F.);
#2108 = EDGE_CURVE('',#2109,#2100,#2111,.T.);
#2109 = VERTEX_POINT('',#2110);
#2110 = CARTESIAN_POINT('',(154.667,-55.574402,1.51));
#2111 = LINE('',#2112,#2113);
#2112 = CARTESIAN_POINT('',(154.667,-55.574402,1.51));
#2113 = VECTOR('',#2114,1.);
#2114 = DIRECTION('',(0.,0.,1.));
#2115 = ORIENTED_EDGE('',*,*,#2116,.F.);
#2116 = EDGE_CURVE('',#2077,#2109,#2117,.T.);
#2117 = CIRCLE('',#2118,1.35800003022);
#2118 = AXIS2_PLACEMENT_3D('',#2119,#2120,#2121);
#2119 = CARTESIAN_POINT('',(154.66699996978,-54.21640196978,1.51));
#2120 = DIRECTION('',(0.,0.,-1.));
#2121 = DIRECTION('',(1.,-2.225355441915E-08,0.));
#2122 = CYLINDRICAL_SURFACE('',#2123,1.35800003022);
#2123 = AXIS2_PLACEMENT_3D('',#2124,#2125,#2126);
#2124 = CARTESIAN_POINT('',(154.66699996978,-54.21640196978,1.51));
#2125 = DIRECTION('',(0.,0.,-1.));
#2126 = DIRECTION('',(1.,-2.225355441915E-08,0.));
#2127 = ADVANCED_FACE('',(#2128),#2153,.T.);
#2128 = FACE_BOUND('',#2129,.T.);
#2129 = EDGE_LOOP('',(#2130,#2131,#2139,#2147));
#2130 = ORIENTED_EDGE('',*,*,#2108,.T.);
#2131 = ORIENTED_EDGE('',*,*,#2132,.T.);
#2132 = EDGE_CURVE('',#2100,#2133,#2135,.T.);
#2133 = VERTEX_POINT('',#2134);
#2134 = CARTESIAN_POINT('',(137.878495,-55.574403,1.545));
#2135 = LINE('',#2136,#2137);
#2136 = CARTESIAN_POINT('',(154.667,-55.574402,1.545));
#2137 = VECTOR('',#2138,1.);
#2138 = DIRECTION('',(-1.,-5.956456500893E-08,0.));
#2139 = ORIENTED_EDGE('',*,*,#2140,.F.);
#2140 = EDGE_CURVE('',#2141,#2133,#2143,.T.);
#2141 = VERTEX_POINT('',#2142);
#2142 = CARTESIAN_POINT('',(137.878495,-55.574403,1.51));
#2143 = LINE('',#2144,#2145);
#2144 = CARTESIAN_POINT('',(137.878495,-55.574403,1.51));
#2145 = VECTOR('',#2146,1.);
#2146 = DIRECTION('',(0.,0.,1.));
#2147 = ORIENTED_EDGE('',*,*,#2148,.F.);
#2148 = EDGE_CURVE('',#2109,#2141,#2149,.T.);
#2149 = LINE('',#2150,#2151);
#2150 = CARTESIAN_POINT('',(154.667,-55.574402,1.51));
#2151 = VECTOR('',#2152,1.);
#2152 = DIRECTION('',(-1.,-5.956456500893E-08,0.));
#2153 = PLANE('',#2154);
#2154 = AXIS2_PLACEMENT_3D('',#2155,#2156,#2157);
#2155 = CARTESIAN_POINT('',(154.667,-55.574402,1.51));
#2156 = DIRECTION('',(5.956456500893E-08,-1.,0.));
#2157 = DIRECTION('',(-1.,-5.956456500893E-08,0.));
#2158 = ADVANCED_FACE('',(#2159),#2186,.F.);
#2159 = FACE_BOUND('',#2160,.T.);
#2160 = EDGE_LOOP('',(#2161,#2162,#2171,#2179));
#2161 = ORIENTED_EDGE('',*,*,#2140,.T.);
#2162 = ORIENTED_EDGE('',*,*,#2163,.T.);
#2163 = EDGE_CURVE('',#2133,#2164,#2166,.T.);
#2164 = VERTEX_POINT('',#2165);
#2165 = CARTESIAN_POINT('',(137.105001,-56.347897,1.545));
#2166 = CIRCLE('',#2167,0.862152239152);
#2167 = AXIS2_PLACEMENT_3D('',#2168,#2169,#2170);
#2168 = CARTESIAN_POINT('',(137.96300164691,-56.43240364691,1.545));
#2169 = DIRECTION('',(0.,0.,1.));
#2170 = DIRECTION('',(-9.801824210966E-02,0.995184618156,0.));
#2171 = ORIENTED_EDGE('',*,*,#2172,.F.);
#2172 = EDGE_CURVE('',#2173,#2164,#2175,.T.);
#2173 = VERTEX_POINT('',#2174);
#2174 = CARTESIAN_POINT('',(137.105001,-56.347897,1.51));
#2175 = LINE('',#2176,#2177);
#2176 = CARTESIAN_POINT('',(137.105001,-56.347897,1.51));
#2177 = VECTOR('',#2178,1.);
#2178 = DIRECTION('',(0.,0.,1.));
#2179 = ORIENTED_EDGE('',*,*,#2180,.F.);
#2180 = EDGE_CURVE('',#2141,#2173,#2181,.T.);
#2181 = CIRCLE('',#2182,0.862152239152);
#2182 = AXIS2_PLACEMENT_3D('',#2183,#2184,#2185);
#2183 = CARTESIAN_POINT('',(137.96300164691,-56.43240364691,1.51));
#2184 = DIRECTION('',(0.,0.,1.));
#2185 = DIRECTION('',(-9.801824210966E-02,0.995184618156,0.));
#2186 = CYLINDRICAL_SURFACE('',#2187,0.862152239152);
#2187 = AXIS2_PLACEMENT_3D('',#2188,#2189,#2190);
#2188 = CARTESIAN_POINT('',(137.96300164691,-56.43240364691,1.51));
#2189 = DIRECTION('',(-0.,-0.,-1.));
#2190 = DIRECTION('',(-9.801824210966E-02,0.995184618156,0.));
#2191 = ADVANCED_FACE('',(#2192),#2217,.T.);
#2192 = FACE_BOUND('',#2193,.T.);
#2193 = EDGE_LOOP('',(#2194,#2195,#2203,#2211));
#2194 = ORIENTED_EDGE('',*,*,#2172,.T.);
#2195 = ORIENTED_EDGE('',*,*,#2196,.T.);
#2196 = EDGE_CURVE('',#2164,#2197,#2199,.T.);
#2197 = VERTEX_POINT('',#2198);
#2198 = CARTESIAN_POINT('',(137.105001,-57.070907,1.545));
#2199 = LINE('',#2200,#2201);
#2200 = CARTESIAN_POINT('',(137.105001,-56.347897,1.545));
#2201 = VECTOR('',#2202,1.);
#2202 = DIRECTION('',(0.,-1.,0.));
#2203 = ORIENTED_EDGE('',*,*,#2204,.F.);
#2204 = EDGE_CURVE('',#2205,#2197,#2207,.T.);
#2205 = VERTEX_POINT('',#2206);
#2206 = CARTESIAN_POINT('',(137.105001,-57.070907,1.51));
#2207 = LINE('',#2208,#2209);
#2208 = CARTESIAN_POINT('',(137.105001,-57.070907,1.51));
#2209 = VECTOR('',#2210,1.);
#2210 = DIRECTION('',(0.,0.,1.));
#2211 = ORIENTED_EDGE('',*,*,#2212,.F.);
#2212 = EDGE_CURVE('',#2173,#2205,#2213,.T.);
#2213 = LINE('',#2214,#2215);
#2214 = CARTESIAN_POINT('',(137.105001,-56.347897,1.51));
#2215 = VECTOR('',#2216,1.);
#2216 = DIRECTION('',(0.,-1.,0.));
#2217 = PLANE('',#2218);
#2218 = AXIS2_PLACEMENT_3D('',#2219,#2220,#2221);
#2219 = CARTESIAN_POINT('',(137.105001,-56.347897,1.51));
#2220 = DIRECTION('',(1.,0.,-0.));
#2221 = DIRECTION('',(0.,-1.,0.));
#2222 = ADVANCED_FACE('',(#2223),#2250,.F.);
#2223 = FACE_BOUND('',#2224,.T.);
#2224 = EDGE_LOOP('',(#2225,#2226,#2235,#2243));
#2225 = ORIENTED_EDGE('',*,*,#2204,.T.);
#2226 = ORIENTED_EDGE('',*,*,#2227,.T.);
#2227 = EDGE_CURVE('',#2197,#2228,#2230,.T.);
#2228 = VERTEX_POINT('',#2229);
#2229 = CARTESIAN_POINT('',(137.878495,-57.844401,1.545));
#2230 = CIRCLE('',#2231,0.862152239152);
#2231 = AXIS2_PLACEMENT_3D('',#2232,#2233,#2234);
#2232 = CARTESIAN_POINT('',(137.96300164691,-56.98640035308,1.545));
#2233 = DIRECTION('',(0.,0.,1.));
#2234 = DIRECTION('',(-0.995184618156,-9.801824210966E-02,0.));
#2235 = ORIENTED_EDGE('',*,*,#2236,.F.);
#2236 = EDGE_CURVE('',#2237,#2228,#2239,.T.);
#2237 = VERTEX_POINT('',#2238);
#2238 = CARTESIAN_POINT('',(137.878495,-57.844401,1.51));
#2239 = LINE('',#2240,#2241);
#2240 = CARTESIAN_POINT('',(137.878495,-57.844401,1.51));
#2241 = VECTOR('',#2242,1.);
#2242 = DIRECTION('',(0.,0.,1.));
#2243 = ORIENTED_EDGE('',*,*,#2244,.F.);
#2244 = EDGE_CURVE('',#2205,#2237,#2245,.T.);
#2245 = CIRCLE('',#2246,0.862152239152);
#2246 = AXIS2_PLACEMENT_3D('',#2247,#2248,#2249);
#2247 = CARTESIAN_POINT('',(137.96300164691,-56.98640035308,1.51));
#2248 = DIRECTION('',(0.,0.,1.));
#2249 = DIRECTION('',(-0.995184618156,-9.801824210966E-02,0.));
#2250 = CYLINDRICAL_SURFACE('',#2251,0.862152239152);
#2251 = AXIS2_PLACEMENT_3D('',#2252,#2253,#2254);
#2252 = CARTESIAN_POINT('',(137.96300164691,-56.98640035308,1.51));
#2253 = DIRECTION('',(-0.,-0.,-1.));
#2254 = DIRECTION('',(-0.995184618156,-9.801824210966E-02,0.));
#2255 = ADVANCED_FACE('',(#2256),#2281,.T.);
#2256 = FACE_BOUND('',#2257,.T.);
#2257 = EDGE_LOOP('',(#2258,#2259,#2267,#2275));
#2258 = ORIENTED_EDGE('',*,*,#2236,.T.);
#2259 = ORIENTED_EDGE('',*,*,#2260,.T.);
#2260 = EDGE_CURVE('',#2228,#2261,#2263,.T.);
#2261 = VERTEX_POINT('',#2262);
#2262 = CARTESIAN_POINT('',(159.737,-57.844402,1.545));
#2263 = LINE('',#2264,#2265);
#2264 = CARTESIAN_POINT('',(137.878495,-57.844401,1.545));
#2265 = VECTOR('',#2266,1.);
#2266 = DIRECTION('',(1.,-4.574878312038E-08,0.));
#2267 = ORIENTED_EDGE('',*,*,#2268,.F.);
#2268 = EDGE_CURVE('',#2269,#2261,#2271,.T.);
#2269 = VERTEX_POINT('',#2270);
#2270 = CARTESIAN_POINT('',(159.737,-57.844402,1.51));
#2271 = LINE('',#2272,#2273);
#2272 = CARTESIAN_POINT('',(159.737,-57.844402,1.51));
#2273 = VECTOR('',#2274,1.);
#2274 = DIRECTION('',(0.,0.,1.));
#2275 = ORIENTED_EDGE('',*,*,#2276,.F.);
#2276 = EDGE_CURVE('',#2237,#2269,#2277,.T.);
#2277 = LINE('',#2278,#2279);
#2278 = CARTESIAN_POINT('',(137.878495,-57.844401,1.51));
#2279 = VECTOR('',#2280,1.);
#2280 = DIRECTION('',(1.,-4.574878312038E-08,0.));
#2281 = PLANE('',#2282);
#2282 = AXIS2_PLACEMENT_3D('',#2283,#2284,#2285);
#2283 = CARTESIAN_POINT('',(137.878495,-57.844401,1.51));
#2284 = DIRECTION('',(4.574878312038E-08,1.,-0.));
#2285 = DIRECTION('',(1.,-4.574878312038E-08,0.));
#2286 = ADVANCED_FACE('',(#2287),#2314,.T.);
#2287 = FACE_BOUND('',#2288,.T.);
#2288 = EDGE_LOOP('',(#2289,#2290,#2299,#2307));
#2289 = ORIENTED_EDGE('',*,*,#2268,.T.);
#2290 = ORIENTED_EDGE('',*,*,#2291,.T.);
#2291 = EDGE_CURVE('',#2261,#2292,#2294,.T.);
#2292 = VERTEX_POINT('',#2293);
#2293 = CARTESIAN_POINT('',(161.095,-59.202402,1.545));
#2294 = CIRCLE('',#2295,1.35800003022);
#2295 = AXIS2_PLACEMENT_3D('',#2296,#2297,#2298);
#2296 = CARTESIAN_POINT('',(159.73699996978,-59.20240203022,1.545));
#2297 = DIRECTION('',(0.,0.,-1.));
#2298 = DIRECTION('',(2.225354918688E-08,1.,0.));
#2299 = ORIENTED_EDGE('',*,*,#2300,.F.);
#2300 = EDGE_CURVE('',#2301,#2292,#2303,.T.);
#2301 = VERTEX_POINT('',#2302);
#2302 = CARTESIAN_POINT('',(161.095,-59.202402,1.51));
#2303 = LINE('',#2304,#2305);
#2304 = CARTESIAN_POINT('',(161.095,-59.202402,1.51));
#2305 = VECTOR('',#2306,1.);
#2306 = DIRECTION('',(0.,0.,1.));
#2307 = ORIENTED_EDGE('',*,*,#2308,.F.);
#2308 = EDGE_CURVE('',#2269,#2301,#2309,.T.);
#2309 = CIRCLE('',#2310,1.35800003022);
#2310 = AXIS2_PLACEMENT_3D('',#2311,#2312,#2313);
#2311 = CARTESIAN_POINT('',(159.73699996978,-59.20240203022,1.51));
#2312 = DIRECTION('',(0.,0.,-1.));
#2313 = DIRECTION('',(2.225354918688E-08,1.,0.));
#2314 = CYLINDRICAL_SURFACE('',#2315,1.35800003022);
#2315 = AXIS2_PLACEMENT_3D('',#2316,#2317,#2318);
#2316 = CARTESIAN_POINT('',(159.73699996978,-59.20240203022,1.51));
#2317 = DIRECTION('',(0.,0.,-1.));
#2318 = DIRECTION('',(2.225354918688E-08,1.,0.));
#2319 = ADVANCED_FACE('',(#2320),#2345,.T.);
#2320 = FACE_BOUND('',#2321,.T.);
#2321 = EDGE_LOOP('',(#2322,#2323,#2331,#2339));
#2322 = ORIENTED_EDGE('',*,*,#2300,.T.);
#2323 = ORIENTED_EDGE('',*,*,#2324,.T.);
#2324 = EDGE_CURVE('',#2292,#2325,#2327,.T.);
#2325 = VERTEX_POINT('',#2326);
#2326 = CARTESIAN_POINT('',(161.095,-59.756402,1.545));
#2327 = LINE('',#2328,#2329);
#2328 = CARTESIAN_POINT('',(161.095,-59.202402,1.545));
#2329 = VECTOR('',#2330,1.);
#2330 = DIRECTION('',(0.,-1.,0.));
#2331 = ORIENTED_EDGE('',*,*,#2332,.F.);
#2332 = EDGE_CURVE('',#2333,#2325,#2335,.T.);
#2333 = VERTEX_POINT('',#2334);
#2334 = CARTESIAN_POINT('',(161.095,-59.756402,1.51));
#2335 = LINE('',#2336,#2337);
#2336 = CARTESIAN_POINT('',(161.095,-59.756402,1.51));
#2337 = VECTOR('',#2338,1.);
#2338 = DIRECTION('',(0.,0.,1.));
#2339 = ORIENTED_EDGE('',*,*,#2340,.F.);
#2340 = EDGE_CURVE('',#2301,#2333,#2341,.T.);
#2341 = LINE('',#2342,#2343);
#2342 = CARTESIAN_POINT('',(161.095,-59.202402,1.51));
#2343 = VECTOR('',#2344,1.);
#2344 = DIRECTION('',(0.,-1.,0.));
#2345 = PLANE('',#2346);
#2346 = AXIS2_PLACEMENT_3D('',#2347,#2348,#2349);
#2347 = CARTESIAN_POINT('',(161.095,-59.202402,1.51));
#2348 = DIRECTION('',(1.,0.,-0.));
#2349 = DIRECTION('',(0.,-1.,0.));
#2350 = ADVANCED_FACE('',(#2351),#2378,.T.);
#2351 = FACE_BOUND('',#2352,.T.);
#2352 = EDGE_LOOP('',(#2353,#2354,#2363,#2371));
#2353 = ORIENTED_EDGE('',*,*,#2332,.T.);
#2354 = ORIENTED_EDGE('',*,*,#2355,.T.);
#2355 = EDGE_CURVE('',#2325,#2356,#2358,.T.);
#2356 = VERTEX_POINT('',#2357);
#2357 = CARTESIAN_POINT('',(159.737,-61.114402,1.545));
#2358 = CIRCLE('',#2359,1.35800003022);
#2359 = AXIS2_PLACEMENT_3D('',#2360,#2361,#2362);
#2360 = CARTESIAN_POINT('',(159.73699996978,-59.75640196978,1.545));
#2361 = DIRECTION('',(0.,0.,-1.));
#2362 = DIRECTION('',(1.,-2.225355441915E-08,0.));
#2363 = ORIENTED_EDGE('',*,*,#2364,.F.);
#2364 = EDGE_CURVE('',#2365,#2356,#2367,.T.);
#2365 = VERTEX_POINT('',#2366);
#2366 = CARTESIAN_POINT('',(159.737,-61.114402,1.51));
#2367 = LINE('',#2368,#2369);
#2368 = CARTESIAN_POINT('',(159.737,-61.114402,1.51));
#2369 = VECTOR('',#2370,1.);
#2370 = DIRECTION('',(0.,0.,1.));
#2371 = ORIENTED_EDGE('',*,*,#2372,.F.);
#2372 = EDGE_CURVE('',#2333,#2365,#2373,.T.);
#2373 = CIRCLE('',#2374,1.35800003022);
#2374 = AXIS2_PLACEMENT_3D('',#2375,#2376,#2377);
#2375 = CARTESIAN_POINT('',(159.73699996978,-59.75640196978,1.51));
#2376 = DIRECTION('',(0.,0.,-1.));
#2377 = DIRECTION('',(1.,-2.225355441915E-08,0.));
#2378 = CYLINDRICAL_SURFACE('',#2379,1.35800003022);
#2379 = AXIS2_PLACEMENT_3D('',#2380,#2381,#2382);
#2380 = CARTESIAN_POINT('',(159.73699996978,-59.75640196978,1.51));
#2381 = DIRECTION('',(0.,0.,-1.));
#2382 = DIRECTION('',(1.,-2.225355441915E-08,0.));
#2383 = ADVANCED_FACE('',(#2384),#2409,.T.);
#2384 = FACE_BOUND('',#2385,.T.);
#2385 = EDGE_LOOP('',(#2386,#2387,#2395,#2403));
#2386 = ORIENTED_EDGE('',*,*,#2364,.T.);
#2387 = ORIENTED_EDGE('',*,*,#2388,.T.);
#2388 = EDGE_CURVE('',#2356,#2389,#2391,.T.);
#2389 = VERTEX_POINT('',#2390);
#2390 = CARTESIAN_POINT('',(135.128495,-61.114403,1.545));
#2391 = LINE('',#2392,#2393);
#2392 = CARTESIAN_POINT('',(159.737,-61.114402,1.545));
#2393 = VECTOR('',#2394,1.);
#2394 = DIRECTION('',(-1.,-4.063635741304E-08,0.));
#2395 = ORIENTED_EDGE('',*,*,#2396,.F.);
#2396 = EDGE_CURVE('',#2397,#2389,#2399,.T.);
#2397 = VERTEX_POINT('',#2398);
#2398 = CARTESIAN_POINT('',(135.128495,-61.114403,1.51));
#2399 = LINE('',#2400,#2401);
#2400 = CARTESIAN_POINT('',(135.128495,-61.114403,1.51));
#2401 = VECTOR('',#2402,1.);
#2402 = DIRECTION('',(0.,0.,1.));
#2403 = ORIENTED_EDGE('',*,*,#2404,.F.);
#2404 = EDGE_CURVE('',#2365,#2397,#2405,.T.);
#2405 = LINE('',#2406,#2407);
#2406 = CARTESIAN_POINT('',(159.737,-61.114402,1.51));
#2407 = VECTOR('',#2408,1.);
#2408 = DIRECTION('',(-1.,-4.063635741304E-08,0.));
#2409 = PLANE('',#2410);
#2410 = AXIS2_PLACEMENT_3D('',#2411,#2412,#2413);
#2411 = CARTESIAN_POINT('',(159.737,-61.114402,1.51));
#2412 = DIRECTION('',(4.063635741304E-08,-1.,0.));
#2413 = DIRECTION('',(-1.,-4.063635741304E-08,0.));
#2414 = ADVANCED_FACE('',(#2415),#2442,.F.);
#2415 = FACE_BOUND('',#2416,.T.);
#2416 = EDGE_LOOP('',(#2417,#2418,#2427,#2435));
#2417 = ORIENTED_EDGE('',*,*,#2396,.T.);
#2418 = ORIENTED_EDGE('',*,*,#2419,.T.);
#2419 = EDGE_CURVE('',#2389,#2420,#2422,.T.);
#2420 = VERTEX_POINT('',#2421);
#2421 = CARTESIAN_POINT('',(134.355001,-61.887897,1.545));
#2422 = CIRCLE('',#2423,0.862152239152);
#2423 = AXIS2_PLACEMENT_3D('',#2424,#2425,#2426);
#2424 = CARTESIAN_POINT('',(135.21300164691,-61.97240364691,1.545));
#2425 = DIRECTION('',(0.,0.,1.));
#2426 = DIRECTION('',(-9.801824210963E-02,0.995184618156,0.));
#2427 = ORIENTED_EDGE('',*,*,#2428,.F.);
#2428 = EDGE_CURVE('',#2429,#2420,#2431,.T.);
#2429 = VERTEX_POINT('',#2430);
#2430 = CARTESIAN_POINT('',(134.355001,-61.887897,1.51));
#2431 = LINE('',#2432,#2433);
#2432 = CARTESIAN_POINT('',(134.355001,-61.887897,1.51));
#2433 = VECTOR('',#2434,1.);
#2434 = DIRECTION('',(0.,0.,1.));
#2435 = ORIENTED_EDGE('',*,*,#2436,.F.);
#2436 = EDGE_CURVE('',#2397,#2429,#2437,.T.);
#2437 = CIRCLE('',#2438,0.862152239152);
#2438 = AXIS2_PLACEMENT_3D('',#2439,#2440,#2441);
#2439 = CARTESIAN_POINT('',(135.21300164691,-61.97240364691,1.51));
#2440 = DIRECTION('',(0.,0.,1.));
#2441 = DIRECTION('',(-9.801824210963E-02,0.995184618156,0.));
#2442 = CYLINDRICAL_SURFACE('',#2443,0.862152239152);
#2443 = AXIS2_PLACEMENT_3D('',#2444,#2445,#2446);
#2444 = CARTESIAN_POINT('',(135.21300164691,-61.97240364691,1.51));
#2445 = DIRECTION('',(-0.,-0.,-1.));
#2446 = DIRECTION('',(-9.801824210963E-02,0.995184618156,0.));
#2447 = ADVANCED_FACE('',(#2448),#2473,.T.);
#2448 = FACE_BOUND('',#2449,.T.);
#2449 = EDGE_LOOP('',(#2450,#2451,#2459,#2467));
#2450 = ORIENTED_EDGE('',*,*,#2428,.T.);
#2451 = ORIENTED_EDGE('',*,*,#2452,.T.);
#2452 = EDGE_CURVE('',#2420,#2453,#2455,.T.);
#2453 = VERTEX_POINT('',#2454);
#2454 = CARTESIAN_POINT('',(134.355001,-62.610907,1.545));
#2455 = LINE('',#2456,#2457);
#2456 = CARTESIAN_POINT('',(134.355001,-61.887897,1.545));
#2457 = VECTOR('',#2458,1.);
#2458 = DIRECTION('',(0.,-1.,0.));
#2459 = ORIENTED_EDGE('',*,*,#2460,.F.);
#2460 = EDGE_CURVE('',#2461,#2453,#2463,.T.);
#2461 = VERTEX_POINT('',#2462);
#2462 = CARTESIAN_POINT('',(134.355001,-62.610907,1.51));
#2463 = LINE('',#2464,#2465);
#2464 = CARTESIAN_POINT('',(134.355001,-62.610907,1.51));
#2465 = VECTOR('',#2466,1.);
#2466 = DIRECTION('',(0.,0.,1.));
#2467 = ORIENTED_EDGE('',*,*,#2468,.F.);
#2468 = EDGE_CURVE('',#2429,#2461,#2469,.T.);
#2469 = LINE('',#2470,#2471);
#2470 = CARTESIAN_POINT('',(134.355001,-61.887897,1.51));
#2471 = VECTOR('',#2472,1.);
#2472 = DIRECTION('',(0.,-1.,0.));
#2473 = PLANE('',#2474);
#2474 = AXIS2_PLACEMENT_3D('',#2475,#2476,#2477);
#2475 = CARTESIAN_POINT('',(134.355001,-61.887897,1.51));
#2476 = DIRECTION('',(1.,0.,-0.));
#2477 = DIRECTION('',(0.,-1.,0.));
#2478 = ADVANCED_FACE('',(#2479),#2506,.F.);
#2479 = FACE_BOUND('',#2480,.T.);
#2480 = EDGE_LOOP('',(#2481,#2482,#2491,#2499));
#2481 = ORIENTED_EDGE('',*,*,#2460,.T.);
#2482 = ORIENTED_EDGE('',*,*,#2483,.T.);
#2483 = EDGE_CURVE('',#2453,#2484,#2486,.T.);
#2484 = VERTEX_POINT('',#2485);
#2485 = CARTESIAN_POINT('',(135.128495,-63.384401,1.545));
#2486 = CIRCLE('',#2487,0.862152239152);
#2487 = AXIS2_PLACEMENT_3D('',#2488,#2489,#2490);
#2488 = CARTESIAN_POINT('',(135.21300164691,-62.52640035308,1.545));
#2489 = DIRECTION('',(0.,0.,1.));
#2490 = DIRECTION('',(-0.995184618156,-9.801824210967E-02,0.));
#2491 = ORIENTED_EDGE('',*,*,#2492,.F.);
#2492 = EDGE_CURVE('',#2493,#2484,#2495,.T.);
#2493 = VERTEX_POINT('',#2494);
#2494 = CARTESIAN_POINT('',(135.128495,-63.384401,1.51));
#2495 = LINE('',#2496,#2497);
#2496 = CARTESIAN_POINT('',(135.128495,-63.384401,1.51));
#2497 = VECTOR('',#2498,1.);
#2498 = DIRECTION('',(0.,0.,1.));
#2499 = ORIENTED_EDGE('',*,*,#2500,.F.);
#2500 = EDGE_CURVE('',#2461,#2493,#2501,.T.);
#2501 = CIRCLE('',#2502,0.862152239152);
#2502 = AXIS2_PLACEMENT_3D('',#2503,#2504,#2505);
#2503 = CARTESIAN_POINT('',(135.21300164691,-62.52640035308,1.51));
#2504 = DIRECTION('',(0.,0.,1.));
#2505 = DIRECTION('',(-0.995184618156,-9.801824210967E-02,0.));
#2506 = CYLINDRICAL_SURFACE('',#2507,0.862152239152);
#2507 = AXIS2_PLACEMENT_3D('',#2508,#2509,#2510);
#2508 = CARTESIAN_POINT('',(135.21300164691,-62.52640035308,1.51));
#2509 = DIRECTION('',(-0.,-0.,-1.));
#2510 = DIRECTION('',(-0.995184618156,-9.801824210967E-02,0.));
#2511 = ADVANCED_FACE('',(#2512),#2537,.T.);
#2512 = FACE_BOUND('',#2513,.T.);
#2513 = EDGE_LOOP('',(#2514,#2515,#2523,#2531));
#2514 = ORIENTED_EDGE('',*,*,#2492,.T.);
#2515 = ORIENTED_EDGE('',*,*,#2516,.T.);
#2516 = EDGE_CURVE('',#2484,#2517,#2519,.T.);
#2517 = VERTEX_POINT('',#2518);
#2518 = CARTESIAN_POINT('',(159.737,-63.384402,1.545));
#2519 = LINE('',#2520,#2521);
#2520 = CARTESIAN_POINT('',(135.128495,-63.384401,1.545));
#2521 = VECTOR('',#2522,1.);
#2522 = DIRECTION('',(1.,-4.063635741304E-08,0.));
#2523 = ORIENTED_EDGE('',*,*,#2524,.F.);
#2524 = EDGE_CURVE('',#2525,#2517,#2527,.T.);
#2525 = VERTEX_POINT('',#2526);
#2526 = CARTESIAN_POINT('',(159.737,-63.384402,1.51));
#2527 = LINE('',#2528,#2529);
#2528 = CARTESIAN_POINT('',(159.737,-63.384402,1.51));
#2529 = VECTOR('',#2530,1.);
#2530 = DIRECTION('',(0.,0.,1.));
#2531 = ORIENTED_EDGE('',*,*,#2532,.F.);
#2532 = EDGE_CURVE('',#2493,#2525,#2533,.T.);
#2533 = LINE('',#2534,#2535);
#2534 = CARTESIAN_POINT('',(135.128495,-63.384401,1.51));
#2535 = VECTOR('',#2536,1.);
#2536 = DIRECTION('',(1.,-4.063635741304E-08,0.));
#2537 = PLANE('',#2538);
#2538 = AXIS2_PLACEMENT_3D('',#2539,#2540,#2541);
#2539 = CARTESIAN_POINT('',(135.128495,-63.384401,1.51));
#2540 = DIRECTION('',(4.063635741304E-08,1.,-0.));
#2541 = DIRECTION('',(1.,-4.063635741304E-08,0.));
#2542 = ADVANCED_FACE('',(#2543),#2570,.T.);
#2543 = FACE_BOUND('',#2544,.T.);
#2544 = EDGE_LOOP('',(#2545,#2546,#2555,#2563));
#2545 = ORIENTED_EDGE('',*,*,#2524,.T.);
#2546 = ORIENTED_EDGE('',*,*,#2547,.T.);
#2547 = EDGE_CURVE('',#2517,#2548,#2550,.T.);
#2548 = VERTEX_POINT('',#2549);
#2549 = CARTESIAN_POINT('',(161.095,-64.742402,1.545));
#2550 = CIRCLE('',#2551,1.35800003022);
#2551 = AXIS2_PLACEMENT_3D('',#2552,#2553,#2554);
#2552 = CARTESIAN_POINT('',(159.73699996978,-64.74240203022,1.545));
#2553 = DIRECTION('',(0.,0.,-1.));
#2554 = DIRECTION('',(2.225354918688E-08,1.,0.));
#2555 = ORIENTED_EDGE('',*,*,#2556,.F.);
#2556 = EDGE_CURVE('',#2557,#2548,#2559,.T.);
#2557 = VERTEX_POINT('',#2558);
#2558 = CARTESIAN_POINT('',(161.095,-64.742402,1.51));
#2559 = LINE('',#2560,#2561);
#2560 = CARTESIAN_POINT('',(161.095,-64.742402,1.51));
#2561 = VECTOR('',#2562,1.);
#2562 = DIRECTION('',(0.,0.,1.));
#2563 = ORIENTED_EDGE('',*,*,#2564,.F.);
#2564 = EDGE_CURVE('',#2525,#2557,#2565,.T.);
#2565 = CIRCLE('',#2566,1.35800003022);
#2566 = AXIS2_PLACEMENT_3D('',#2567,#2568,#2569);
#2567 = CARTESIAN_POINT('',(159.73699996978,-64.74240203022,1.51));
#2568 = DIRECTION('',(0.,0.,-1.));
#2569 = DIRECTION('',(2.225354918688E-08,1.,0.));
#2570 = CYLINDRICAL_SURFACE('',#2571,1.35800003022);
#2571 = AXIS2_PLACEMENT_3D('',#2572,#2573,#2574);
#2572 = CARTESIAN_POINT('',(159.73699996978,-64.74240203022,1.51));
#2573 = DIRECTION('',(0.,0.,-1.));
#2574 = DIRECTION('',(2.225354918688E-08,1.,0.));
#2575 = ADVANCED_FACE('',(#2576),#2601,.T.);
#2576 = FACE_BOUND('',#2577,.T.);
#2577 = EDGE_LOOP('',(#2578,#2579,#2587,#2595));
#2578 = ORIENTED_EDGE('',*,*,#2556,.T.);
#2579 = ORIENTED_EDGE('',*,*,#2580,.T.);
#2580 = EDGE_CURVE('',#2548,#2581,#2583,.T.);
#2581 = VERTEX_POINT('',#2582);
#2582 = CARTESIAN_POINT('',(161.095,-65.296402,1.545));
#2583 = LINE('',#2584,#2585);
#2584 = CARTESIAN_POINT('',(161.095,-64.742402,1.545));
#2585 = VECTOR('',#2586,1.);
#2586 = DIRECTION('',(0.,-1.,0.));
#2587 = ORIENTED_EDGE('',*,*,#2588,.F.);
#2588 = EDGE_CURVE('',#2589,#2581,#2591,.T.);
#2589 = VERTEX_POINT('',#2590);
#2590 = CARTESIAN_POINT('',(161.095,-65.296402,1.51));
#2591 = LINE('',#2592,#2593);
#2592 = CARTESIAN_POINT('',(161.095,-65.296402,1.51));
#2593 = VECTOR('',#2594,1.);
#2594 = DIRECTION('',(0.,0.,1.));
#2595 = ORIENTED_EDGE('',*,*,#2596,.F.);
#2596 = EDGE_CURVE('',#2557,#2589,#2597,.T.);
#2597 = LINE('',#2598,#2599);
#2598 = CARTESIAN_POINT('',(161.095,-64.742402,1.51));
#2599 = VECTOR('',#2600,1.);
#2600 = DIRECTION('',(0.,-1.,0.));
#2601 = PLANE('',#2602);
#2602 = AXIS2_PLACEMENT_3D('',#2603,#2604,#2605);
#2603 = CARTESIAN_POINT('',(161.095,-64.742402,1.51));
#2604 = DIRECTION('',(1.,0.,-0.));
#2605 = DIRECTION('',(0.,-1.,0.));
#2606 = ADVANCED_FACE('',(#2607),#2634,.T.);
#2607 = FACE_BOUND('',#2608,.T.);
#2608 = EDGE_LOOP('',(#2609,#2610,#2619,#2627));
#2609 = ORIENTED_EDGE('',*,*,#2588,.T.);
#2610 = ORIENTED_EDGE('',*,*,#2611,.T.);
#2611 = EDGE_CURVE('',#2581,#2612,#2614,.T.);
#2612 = VERTEX_POINT('',#2613);
#2613 = CARTESIAN_POINT('',(159.737,-66.654402,1.545));
#2614 = CIRCLE('',#2615,1.35800003022);
#2615 = AXIS2_PLACEMENT_3D('',#2616,#2617,#2618);
#2616 = CARTESIAN_POINT('',(159.73699996978,-65.29640196978,1.545));
#2617 = DIRECTION('',(0.,0.,-1.));
#2618 = DIRECTION('',(1.,-2.225355965142E-08,0.));
#2619 = ORIENTED_EDGE('',*,*,#2620,.F.);
#2620 = EDGE_CURVE('',#2621,#2612,#2623,.T.);
#2621 = VERTEX_POINT('',#2622);
#2622 = CARTESIAN_POINT('',(159.737,-66.654402,1.51));
#2623 = LINE('',#2624,#2625);
#2624 = CARTESIAN_POINT('',(159.737,-66.654402,1.51));
#2625 = VECTOR('',#2626,1.);
#2626 = DIRECTION('',(0.,0.,1.));
#2627 = ORIENTED_EDGE('',*,*,#2628,.F.);
#2628 = EDGE_CURVE('',#2589,#2621,#2629,.T.);
#2629 = CIRCLE('',#2630,1.35800003022);
#2630 = AXIS2_PLACEMENT_3D('',#2631,#2632,#2633);
#2631 = CARTESIAN_POINT('',(159.73699996978,-65.29640196978,1.51));
#2632 = DIRECTION('',(0.,0.,-1.));
#2633 = DIRECTION('',(1.,-2.225355965142E-08,0.));
#2634 = CYLINDRICAL_SURFACE('',#2635,1.35800003022);
#2635 = AXIS2_PLACEMENT_3D('',#2636,#2637,#2638);
#2636 = CARTESIAN_POINT('',(159.73699996978,-65.29640196978,1.51));
#2637 = DIRECTION('',(0.,0.,-1.));
#2638 = DIRECTION('',(1.,-2.225355965142E-08,0.));
#2639 = ADVANCED_FACE('',(#2640),#2665,.T.);
#2640 = FACE_BOUND('',#2641,.T.);
#2641 = EDGE_LOOP('',(#2642,#2643,#2651,#2659));
#2642 = ORIENTED_EDGE('',*,*,#2620,.T.);
#2643 = ORIENTED_EDGE('',*,*,#2644,.T.);
#2644 = EDGE_CURVE('',#2612,#2645,#2647,.T.);
#2645 = VERTEX_POINT('',#2646);
#2646 = CARTESIAN_POINT('',(135.128495,-66.654403,1.545));
#2647 = LINE('',#2648,#2649);
#2648 = CARTESIAN_POINT('',(159.737,-66.654402,1.545));
#2649 = VECTOR('',#2650,1.);
#2650 = DIRECTION('',(-1.,-4.06363571243E-08,0.));
#2651 = ORIENTED_EDGE('',*,*,#2652,.F.);
#2652 = EDGE_CURVE('',#2653,#2645,#2655,.T.);
#2653 = VERTEX_POINT('',#2654);
#2654 = CARTESIAN_POINT('',(135.128495,-66.654403,1.51));
#2655 = LINE('',#2656,#2657);
#2656 = CARTESIAN_POINT('',(135.128495,-66.654403,1.51));
#2657 = VECTOR('',#2658,1.);
#2658 = DIRECTION('',(0.,0.,1.));
#2659 = ORIENTED_EDGE('',*,*,#2660,.F.);
#2660 = EDGE_CURVE('',#2621,#2653,#2661,.T.);
#2661 = LINE('',#2662,#2663);
#2662 = CARTESIAN_POINT('',(159.737,-66.654402,1.51));
#2663 = VECTOR('',#2664,1.);
#2664 = DIRECTION('',(-1.,-4.06363571243E-08,0.));
#2665 = PLANE('',#2666);
#2666 = AXIS2_PLACEMENT_3D('',#2667,#2668,#2669);
#2667 = CARTESIAN_POINT('',(159.737,-66.654402,1.51));
#2668 = DIRECTION('',(4.06363571243E-08,-1.,0.));
#2669 = DIRECTION('',(-1.,-4.06363571243E-08,0.));
#2670 = ADVANCED_FACE('',(#2671),#2698,.F.);
#2671 = FACE_BOUND('',#2672,.T.);
#2672 = EDGE_LOOP('',(#2673,#2674,#2683,#2691));
#2673 = ORIENTED_EDGE('',*,*,#2652,.T.);
#2674 = ORIENTED_EDGE('',*,*,#2675,.T.);
#2675 = EDGE_CURVE('',#2645,#2676,#2678,.T.);
#2676 = VERTEX_POINT('',#2677);
#2677 = CARTESIAN_POINT('',(134.355001,-67.427897,1.545));
#2678 = CIRCLE('',#2679,0.862152239152);
#2679 = AXIS2_PLACEMENT_3D('',#2680,#2681,#2682);
#2680 = CARTESIAN_POINT('',(135.21300164691,-67.51240364691,1.545));
#2681 = DIRECTION('',(0.,0.,1.));
#2682 = DIRECTION('',(-9.801824210963E-02,0.995184618156,0.));
#2683 = ORIENTED_EDGE('',*,*,#2684,.F.);
#2684 = EDGE_CURVE('',#2685,#2676,#2687,.T.);
#2685 = VERTEX_POINT('',#2686);
#2686 = CARTESIAN_POINT('',(134.355001,-67.427897,1.51));
#2687 = LINE('',#2688,#2689);
#2688 = CARTESIAN_POINT('',(134.355001,-67.427897,1.51));
#2689 = VECTOR('',#2690,1.);
#2690 = DIRECTION('',(0.,0.,1.));
#2691 = ORIENTED_EDGE('',*,*,#2692,.F.);
#2692 = EDGE_CURVE('',#2653,#2685,#2693,.T.);
#2693 = CIRCLE('',#2694,0.862152239152);
#2694 = AXIS2_PLACEMENT_3D('',#2695,#2696,#2697);
#2695 = CARTESIAN_POINT('',(135.21300164691,-67.51240364691,1.51));
#2696 = DIRECTION('',(0.,0.,1.));
#2697 = DIRECTION('',(-9.801824210963E-02,0.995184618156,0.));
#2698 = CYLINDRICAL_SURFACE('',#2699,0.862152239152);
#2699 = AXIS2_PLACEMENT_3D('',#2700,#2701,#2702);
#2700 = CARTESIAN_POINT('',(135.21300164691,-67.51240364691,1.51));
#2701 = DIRECTION('',(-0.,-0.,-1.));
#2702 = DIRECTION('',(-9.801824210963E-02,0.995184618156,0.));
#2703 = ADVANCED_FACE('',(#2704),#2729,.T.);
#2704 = FACE_BOUND('',#2705,.T.);
#2705 = EDGE_LOOP('',(#2706,#2707,#2715,#2723));
#2706 = ORIENTED_EDGE('',*,*,#2684,.T.);
#2707 = ORIENTED_EDGE('',*,*,#2708,.T.);
#2708 = EDGE_CURVE('',#2676,#2709,#2711,.T.);
#2709 = VERTEX_POINT('',#2710);
#2710 = CARTESIAN_POINT('',(134.355001,-68.150907,1.545));
#2711 = LINE('',#2712,#2713);
#2712 = CARTESIAN_POINT('',(134.355001,-67.427897,1.545));
#2713 = VECTOR('',#2714,1.);
#2714 = DIRECTION('',(0.,-1.,0.));
#2715 = ORIENTED_EDGE('',*,*,#2716,.F.);
#2716 = EDGE_CURVE('',#2717,#2709,#2719,.T.);
#2717 = VERTEX_POINT('',#2718);
#2718 = CARTESIAN_POINT('',(134.355001,-68.150907,1.51));
#2719 = LINE('',#2720,#2721);
#2720 = CARTESIAN_POINT('',(134.355001,-68.150907,1.51));
#2721 = VECTOR('',#2722,1.);
#2722 = DIRECTION('',(0.,0.,1.));
#2723 = ORIENTED_EDGE('',*,*,#2724,.F.);
#2724 = EDGE_CURVE('',#2685,#2717,#2725,.T.);
#2725 = LINE('',#2726,#2727);
#2726 = CARTESIAN_POINT('',(134.355001,-67.427897,1.51));
#2727 = VECTOR('',#2728,1.);
#2728 = DIRECTION('',(0.,-1.,0.));
#2729 = PLANE('',#2730);
#2730 = AXIS2_PLACEMENT_3D('',#2731,#2732,#2733);
#2731 = CARTESIAN_POINT('',(134.355001,-67.427897,1.51));
#2732 = DIRECTION('',(1.,0.,-0.));
#2733 = DIRECTION('',(0.,-1.,0.));
#2734 = ADVANCED_FACE('',(#2735),#2762,.F.);
#2735 = FACE_BOUND('',#2736,.T.);
#2736 = EDGE_LOOP('',(#2737,#2738,#2747,#2755));
#2737 = ORIENTED_EDGE('',*,*,#2716,.T.);
#2738 = ORIENTED_EDGE('',*,*,#2739,.T.);
#2739 = EDGE_CURVE('',#2709,#2740,#2742,.T.);
#2740 = VERTEX_POINT('',#2741);
#2741 = CARTESIAN_POINT('',(135.128495,-68.924401,1.545));
#2742 = CIRCLE('',#2743,0.862152239152);
#2743 = AXIS2_PLACEMENT_3D('',#2744,#2745,#2746);
#2744 = CARTESIAN_POINT('',(135.21300164691,-68.06640035308,1.545));
#2745 = DIRECTION('',(0.,0.,1.));
#2746 = DIRECTION('',(-0.995184618156,-9.801824210968E-02,0.));
#2747 = ORIENTED_EDGE('',*,*,#2748,.F.);
#2748 = EDGE_CURVE('',#2749,#2740,#2751,.T.);
#2749 = VERTEX_POINT('',#2750);
#2750 = CARTESIAN_POINT('',(135.128495,-68.924401,1.51));
#2751 = LINE('',#2752,#2753);
#2752 = CARTESIAN_POINT('',(135.128495,-68.924401,1.51));
#2753 = VECTOR('',#2754,1.);
#2754 = DIRECTION('',(0.,0.,1.));
#2755 = ORIENTED_EDGE('',*,*,#2756,.F.);
#2756 = EDGE_CURVE('',#2717,#2749,#2757,.T.);
#2757 = CIRCLE('',#2758,0.862152239152);
#2758 = AXIS2_PLACEMENT_3D('',#2759,#2760,#2761);
#2759 = CARTESIAN_POINT('',(135.21300164691,-68.06640035308,1.51));
#2760 = DIRECTION('',(0.,0.,1.));
#2761 = DIRECTION('',(-0.995184618156,-9.801824210968E-02,0.));
#2762 = CYLINDRICAL_SURFACE('',#2763,0.862152239152);
#2763 = AXIS2_PLACEMENT_3D('',#2764,#2765,#2766);
#2764 = CARTESIAN_POINT('',(135.21300164691,-68.06640035308,1.51));
#2765 = DIRECTION('',(-0.,-0.,-1.));
#2766 = DIRECTION('',(-0.995184618156,-9.801824210968E-02,0.));
#2767 = ADVANCED_FACE('',(#2768),#2793,.T.);
#2768 = FACE_BOUND('',#2769,.T.);
#2769 = EDGE_LOOP('',(#2770,#2771,#2779,#2787));
#2770 = ORIENTED_EDGE('',*,*,#2748,.T.);
#2771 = ORIENTED_EDGE('',*,*,#2772,.T.);
#2772 = EDGE_CURVE('',#2740,#2773,#2775,.T.);
#2773 = VERTEX_POINT('',#2774);
#2774 = CARTESIAN_POINT('',(159.737,-68.924402,1.545));
#2775 = LINE('',#2776,#2777);
#2776 = CARTESIAN_POINT('',(135.128495,-68.924401,1.545));
#2777 = VECTOR('',#2778,1.);
#2778 = DIRECTION('',(1.,-4.06363571243E-08,0.));
#2779 = ORIENTED_EDGE('',*,*,#2780,.F.);
#2780 = EDGE_CURVE('',#2781,#2773,#2783,.T.);
#2781 = VERTEX_POINT('',#2782);
#2782 = CARTESIAN_POINT('',(159.737,-68.924402,1.51));
#2783 = LINE('',#2784,#2785);
#2784 = CARTESIAN_POINT('',(159.737,-68.924402,1.51));
#2785 = VECTOR('',#2786,1.);
#2786 = DIRECTION('',(0.,0.,1.));
#2787 = ORIENTED_EDGE('',*,*,#2788,.F.);
#2788 = EDGE_CURVE('',#2749,#2781,#2789,.T.);
#2789 = LINE('',#2790,#2791);
#2790 = CARTESIAN_POINT('',(135.128495,-68.924401,1.51));
#2791 = VECTOR('',#2792,1.);
#2792 = DIRECTION('',(1.,-4.06363571243E-08,0.));
#2793 = PLANE('',#2794);
#2794 = AXIS2_PLACEMENT_3D('',#2795,#2796,#2797);
#2795 = CARTESIAN_POINT('',(135.128495,-68.924401,1.51));
#2796 = DIRECTION('',(4.06363571243E-08,1.,-0.));
#2797 = DIRECTION('',(1.,-4.06363571243E-08,0.));
#2798 = ADVANCED_FACE('',(#2799),#2826,.T.);
#2799 = FACE_BOUND('',#2800,.T.);
#2800 = EDGE_LOOP('',(#2801,#2802,#2811,#2819));
#2801 = ORIENTED_EDGE('',*,*,#2780,.T.);
#2802 = ORIENTED_EDGE('',*,*,#2803,.T.);
#2803 = EDGE_CURVE('',#2773,#2804,#2806,.T.);
#2804 = VERTEX_POINT('',#2805);
#2805 = CARTESIAN_POINT('',(161.095,-70.282402,1.545));
#2806 = CIRCLE('',#2807,1.35800003022);
#2807 = AXIS2_PLACEMENT_3D('',#2808,#2809,#2810);
#2808 = CARTESIAN_POINT('',(159.73699996978,-70.28240203022,1.545));
#2809 = DIRECTION('',(0.,0.,-1.));
#2810 = DIRECTION('',(2.225354918688E-08,1.,0.));
#2811 = ORIENTED_EDGE('',*,*,#2812,.F.);
#2812 = EDGE_CURVE('',#2813,#2804,#2815,.T.);
#2813 = VERTEX_POINT('',#2814);
#2814 = CARTESIAN_POINT('',(161.095,-70.282402,1.51));
#2815 = LINE('',#2816,#2817);
#2816 = CARTESIAN_POINT('',(161.095,-70.282402,1.51));
#2817 = VECTOR('',#2818,1.);
#2818 = DIRECTION('',(0.,0.,1.));
#2819 = ORIENTED_EDGE('',*,*,#2820,.F.);
#2820 = EDGE_CURVE('',#2781,#2813,#2821,.T.);
#2821 = CIRCLE('',#2822,1.35800003022);
#2822 = AXIS2_PLACEMENT_3D('',#2823,#2824,#2825);
#2823 = CARTESIAN_POINT('',(159.73699996978,-70.28240203022,1.51));
#2824 = DIRECTION('',(0.,0.,-1.));
#2825 = DIRECTION('',(2.225354918688E-08,1.,0.));
#2826 = CYLINDRICAL_SURFACE('',#2827,1.35800003022);
#2827 = AXIS2_PLACEMENT_3D('',#2828,#2829,#2830);
#2828 = CARTESIAN_POINT('',(159.73699996978,-70.28240203022,1.51));
#2829 = DIRECTION('',(0.,0.,-1.));
#2830 = DIRECTION('',(2.225354918688E-08,1.,0.));
#2831 = ADVANCED_FACE('',(#2832),#2857,.T.);
#2832 = FACE_BOUND('',#2833,.T.);
#2833 = EDGE_LOOP('',(#2834,#2835,#2843,#2851));
#2834 = ORIENTED_EDGE('',*,*,#2812,.T.);
#2835 = ORIENTED_EDGE('',*,*,#2836,.T.);
#2836 = EDGE_CURVE('',#2804,#2837,#2839,.T.);
#2837 = VERTEX_POINT('',#2838);
#2838 = CARTESIAN_POINT('',(161.095,-70.836402,1.545));
#2839 = LINE('',#2840,#2841);
#2840 = CARTESIAN_POINT('',(161.095,-70.282402,1.545));
#2841 = VECTOR('',#2842,1.);
#2842 = DIRECTION('',(0.,-1.,0.));
#2843 = ORIENTED_EDGE('',*,*,#2844,.F.);
#2844 = EDGE_CURVE('',#2845,#2837,#2847,.T.);
#2845 = VERTEX_POINT('',#2846);
#2846 = CARTESIAN_POINT('',(161.095,-70.836402,1.51));
#2847 = LINE('',#2848,#2849);
#2848 = CARTESIAN_POINT('',(161.095,-70.836402,1.51));
#2849 = VECTOR('',#2850,1.);
#2850 = DIRECTION('',(0.,0.,1.));
#2851 = ORIENTED_EDGE('',*,*,#2852,.F.);
#2852 = EDGE_CURVE('',#2813,#2845,#2853,.T.);
#2853 = LINE('',#2854,#2855);
#2854 = CARTESIAN_POINT('',(161.095,-70.282402,1.51));
#2855 = VECTOR('',#2856,1.);
#2856 = DIRECTION('',(0.,-1.,0.));
#2857 = PLANE('',#2858);
#2858 = AXIS2_PLACEMENT_3D('',#2859,#2860,#2861);
#2859 = CARTESIAN_POINT('',(161.095,-70.282402,1.51));
#2860 = DIRECTION('',(1.,0.,-0.));
#2861 = DIRECTION('',(0.,-1.,0.));
#2862 = ADVANCED_FACE('',(#2863),#2890,.T.);
#2863 = FACE_BOUND('',#2864,.T.);
#2864 = EDGE_LOOP('',(#2865,#2866,#2875,#2883));
#2865 = ORIENTED_EDGE('',*,*,#2844,.T.);
#2866 = ORIENTED_EDGE('',*,*,#2867,.T.);
#2867 = EDGE_CURVE('',#2837,#2868,#2870,.T.);
#2868 = VERTEX_POINT('',#2869);
#2869 = CARTESIAN_POINT('',(159.737,-72.194402,1.545));
#2870 = CIRCLE('',#2871,1.35800003022);
#2871 = AXIS2_PLACEMENT_3D('',#2872,#2873,#2874);
#2872 = CARTESIAN_POINT('',(159.73699996978,-70.83640196978,1.545));
#2873 = DIRECTION('',(0.,0.,-1.));
#2874 = DIRECTION('',(1.,-2.225354918688E-08,0.));
#2875 = ORIENTED_EDGE('',*,*,#2876,.F.);
#2876 = EDGE_CURVE('',#2877,#2868,#2879,.T.);
#2877 = VERTEX_POINT('',#2878);
#2878 = CARTESIAN_POINT('',(159.737,-72.194402,1.51));
#2879 = LINE('',#2880,#2881);
#2880 = CARTESIAN_POINT('',(159.737,-72.194402,1.51));
#2881 = VECTOR('',#2882,1.);
#2882 = DIRECTION('',(0.,0.,1.));
#2883 = ORIENTED_EDGE('',*,*,#2884,.F.);
#2884 = EDGE_CURVE('',#2845,#2877,#2885,.T.);
#2885 = CIRCLE('',#2886,1.35800003022);
#2886 = AXIS2_PLACEMENT_3D('',#2887,#2888,#2889);
#2887 = CARTESIAN_POINT('',(159.73699996978,-70.83640196978,1.51));
#2888 = DIRECTION('',(0.,0.,-1.));
#2889 = DIRECTION('',(1.,-2.225354918688E-08,0.));
#2890 = CYLINDRICAL_SURFACE('',#2891,1.35800003022);
#2891 = AXIS2_PLACEMENT_3D('',#2892,#2893,#2894);
#2892 = CARTESIAN_POINT('',(159.73699996978,-70.83640196978,1.51));
#2893 = DIRECTION('',(0.,0.,-1.));
#2894 = DIRECTION('',(1.,-2.225354918688E-08,0.));
#2895 = ADVANCED_FACE('',(#2896),#2921,.T.);
#2896 = FACE_BOUND('',#2897,.T.);
#2897 = EDGE_LOOP('',(#2898,#2899,#2907,#2915));
#2898 = ORIENTED_EDGE('',*,*,#2876,.T.);
#2899 = ORIENTED_EDGE('',*,*,#2900,.T.);
#2900 = EDGE_CURVE('',#2868,#2901,#2903,.T.);
#2901 = VERTEX_POINT('',#2902);
#2902 = CARTESIAN_POINT('',(135.178495,-72.194403,1.545));
#2903 = LINE('',#2904,#2905);
#2904 = CARTESIAN_POINT('',(159.737,-72.194402,1.545));
#2905 = VECTOR('',#2906,1.);
#2906 = DIRECTION('',(-1.,-4.071909090049E-08,0.));
#2907 = ORIENTED_EDGE('',*,*,#2908,.F.);
#2908 = EDGE_CURVE('',#2909,#2901,#2911,.T.);
#2909 = VERTEX_POINT('',#2910);
#2910 = CARTESIAN_POINT('',(135.178495,-72.194403,1.51));
#2911 = LINE('',#2912,#2913);
#2912 = CARTESIAN_POINT('',(135.178495,-72.194403,1.51));
#2913 = VECTOR('',#2914,1.);
#2914 = DIRECTION('',(0.,0.,1.));
#2915 = ORIENTED_EDGE('',*,*,#2916,.F.);
#2916 = EDGE_CURVE('',#2877,#2909,#2917,.T.);
#2917 = LINE('',#2918,#2919);
#2918 = CARTESIAN_POINT('',(159.737,-72.194402,1.51));
#2919 = VECTOR('',#2920,1.);
#2920 = DIRECTION('',(-1.,-4.071909090049E-08,0.));
#2921 = PLANE('',#2922);
#2922 = AXIS2_PLACEMENT_3D('',#2923,#2924,#2925);
#2923 = CARTESIAN_POINT('',(159.737,-72.194402,1.51));
#2924 = DIRECTION('',(4.071909090049E-08,-1.,0.));
#2925 = DIRECTION('',(-1.,-4.071909090049E-08,0.));
#2926 = ADVANCED_FACE('',(#2927),#2954,.F.);
#2927 = FACE_BOUND('',#2928,.T.);
#2928 = EDGE_LOOP('',(#2929,#2930,#2939,#2947));
#2929 = ORIENTED_EDGE('',*,*,#2908,.T.);
#2930 = ORIENTED_EDGE('',*,*,#2931,.T.);
#2931 = EDGE_CURVE('',#2901,#2932,#2934,.T.);
#2932 = VERTEX_POINT('',#2933);
#2933 = CARTESIAN_POINT('',(134.405001,-72.967897,1.545));
#2934 = CIRCLE('',#2935,0.862152239152);
#2935 = AXIS2_PLACEMENT_3D('',#2936,#2937,#2938);
#2936 = CARTESIAN_POINT('',(135.26300164691,-73.05240364691,1.545));
#2937 = DIRECTION('',(0.,0.,1.));
#2938 = DIRECTION('',(-9.801824210966E-02,0.995184618156,0.));
#2939 = ORIENTED_EDGE('',*,*,#2940,.F.);
#2940 = EDGE_CURVE('',#2941,#2932,#2943,.T.);
#2941 = VERTEX_POINT('',#2942);
#2942 = CARTESIAN_POINT('',(134.405001,-72.967897,1.51));
#2943 = LINE('',#2944,#2945);
#2944 = CARTESIAN_POINT('',(134.405001,-72.967897,1.51));
#2945 = VECTOR('',#2946,1.);
#2946 = DIRECTION('',(0.,0.,1.));
#2947 = ORIENTED_EDGE('',*,*,#2948,.F.);
#2948 = EDGE_CURVE('',#2909,#2941,#2949,.T.);
#2949 = CIRCLE('',#2950,0.862152239152);
#2950 = AXIS2_PLACEMENT_3D('',#2951,#2952,#2953);
#2951 = CARTESIAN_POINT('',(135.26300164691,-73.05240364691,1.51));
#2952 = DIRECTION('',(0.,0.,1.));
#2953 = DIRECTION('',(-9.801824210966E-02,0.995184618156,0.));
#2954 = CYLINDRICAL_SURFACE('',#2955,0.862152239152);
#2955 = AXIS2_PLACEMENT_3D('',#2956,#2957,#2958);
#2956 = CARTESIAN_POINT('',(135.26300164691,-73.05240364691,1.51));
#2957 = DIRECTION('',(-0.,-0.,-1.));
#2958 = DIRECTION('',(-9.801824210966E-02,0.995184618156,0.));
#2959 = ADVANCED_FACE('',(#2960),#2985,.T.);
#2960 = FACE_BOUND('',#2961,.T.);
#2961 = EDGE_LOOP('',(#2962,#2963,#2971,#2979));
#2962 = ORIENTED_EDGE('',*,*,#2940,.T.);
#2963 = ORIENTED_EDGE('',*,*,#2964,.T.);
#2964 = EDGE_CURVE('',#2932,#2965,#2967,.T.);
#2965 = VERTEX_POINT('',#2966);
#2966 = CARTESIAN_POINT('',(134.405001,-73.690907,1.545));
#2967 = LINE('',#2968,#2969);
#2968 = CARTESIAN_POINT('',(134.405001,-72.967897,1.545));
#2969 = VECTOR('',#2970,1.);
#2970 = DIRECTION('',(0.,-1.,0.));
#2971 = ORIENTED_EDGE('',*,*,#2972,.F.);
#2972 = EDGE_CURVE('',#2973,#2965,#2975,.T.);
#2973 = VERTEX_POINT('',#2974);
#2974 = CARTESIAN_POINT('',(134.405001,-73.690907,1.51));
#2975 = LINE('',#2976,#2977);
#2976 = CARTESIAN_POINT('',(134.405001,-73.690907,1.51));
#2977 = VECTOR('',#2978,1.);
#2978 = DIRECTION('',(0.,0.,1.));
#2979 = ORIENTED_EDGE('',*,*,#2980,.F.);
#2980 = EDGE_CURVE('',#2941,#2973,#2981,.T.);
#2981 = LINE('',#2982,#2983);
#2982 = CARTESIAN_POINT('',(134.405001,-72.967897,1.51));
#2983 = VECTOR('',#2984,1.);
#2984 = DIRECTION('',(0.,-1.,0.));
#2985 = PLANE('',#2986);
#2986 = AXIS2_PLACEMENT_3D('',#2987,#2988,#2989);
#2987 = CARTESIAN_POINT('',(134.405001,-72.967897,1.51));
#2988 = DIRECTION('',(1.,0.,-0.));
#2989 = DIRECTION('',(0.,-1.,0.));
#2990 = ADVANCED_FACE('',(#2991),#3018,.F.);
#2991 = FACE_BOUND('',#2992,.T.);
#2992 = EDGE_LOOP('',(#2993,#2994,#3003,#3011));
#2993 = ORIENTED_EDGE('',*,*,#2972,.T.);
#2994 = ORIENTED_EDGE('',*,*,#2995,.T.);
#2995 = EDGE_CURVE('',#2965,#2996,#2998,.T.);
#2996 = VERTEX_POINT('',#2997);
#2997 = CARTESIAN_POINT('',(135.178495,-74.464401,1.545));
#2998 = CIRCLE('',#2999,0.862152239152);
#2999 = AXIS2_PLACEMENT_3D('',#3000,#3001,#3002);
#3000 = CARTESIAN_POINT('',(135.26300164691,-73.60640035308,1.545));
#3001 = DIRECTION('',(0.,0.,1.));
#3002 = DIRECTION('',(-0.995184618156,-9.801824210966E-02,0.));
#3003 = ORIENTED_EDGE('',*,*,#3004,.F.);
#3004 = EDGE_CURVE('',#3005,#2996,#3007,.T.);
#3005 = VERTEX_POINT('',#3006);
#3006 = CARTESIAN_POINT('',(135.178495,-74.464401,1.51));
#3007 = LINE('',#3008,#3009);
#3008 = CARTESIAN_POINT('',(135.178495,-74.464401,1.51));
#3009 = VECTOR('',#3010,1.);
#3010 = DIRECTION('',(0.,0.,1.));
#3011 = ORIENTED_EDGE('',*,*,#3012,.F.);
#3012 = EDGE_CURVE('',#2973,#3005,#3013,.T.);
#3013 = CIRCLE('',#3014,0.862152239152);
#3014 = AXIS2_PLACEMENT_3D('',#3015,#3016,#3017);
#3015 = CARTESIAN_POINT('',(135.26300164691,-73.60640035308,1.51));
#3016 = DIRECTION('',(0.,0.,1.));
#3017 = DIRECTION('',(-0.995184618156,-9.801824210966E-02,0.));
#3018 = CYLINDRICAL_SURFACE('',#3019,0.862152239152);
#3019 = AXIS2_PLACEMENT_3D('',#3020,#3021,#3022);
#3020 = CARTESIAN_POINT('',(135.26300164691,-73.60640035308,1.51));
#3021 = DIRECTION('',(-0.,-0.,-1.));
#3022 = DIRECTION('',(-0.995184618156,-9.801824210966E-02,0.));
#3023 = ADVANCED_FACE('',(#3024),#3049,.T.);
#3024 = FACE_BOUND('',#3025,.T.);
#3025 = EDGE_LOOP('',(#3026,#3027,#3035,#3043));
#3026 = ORIENTED_EDGE('',*,*,#3004,.T.);
#3027 = ORIENTED_EDGE('',*,*,#3028,.T.);
#3028 = EDGE_CURVE('',#2996,#3029,#3031,.T.);
#3029 = VERTEX_POINT('',#3030);
#3030 = CARTESIAN_POINT('',(159.737,-74.464402,1.545));
#3031 = LINE('',#3032,#3033);
#3032 = CARTESIAN_POINT('',(135.178495,-74.464401,1.545));
#3033 = VECTOR('',#3034,1.);
#3034 = DIRECTION('',(1.,-4.071909147915E-08,0.));
#3035 = ORIENTED_EDGE('',*,*,#3036,.F.);
#3036 = EDGE_CURVE('',#3037,#3029,#3039,.T.);
#3037 = VERTEX_POINT('',#3038);
#3038 = CARTESIAN_POINT('',(159.737,-74.464402,1.51));
#3039 = LINE('',#3040,#3041);
#3040 = CARTESIAN_POINT('',(159.737,-74.464402,1.51));
#3041 = VECTOR('',#3042,1.);
#3042 = DIRECTION('',(0.,0.,1.));
#3043 = ORIENTED_EDGE('',*,*,#3044,.F.);
#3044 = EDGE_CURVE('',#3005,#3037,#3045,.T.);
#3045 = LINE('',#3046,#3047);
#3046 = CARTESIAN_POINT('',(135.178495,-74.464401,1.51));
#3047 = VECTOR('',#3048,1.);
#3048 = DIRECTION('',(1.,-4.071909147915E-08,0.));
#3049 = PLANE('',#3050);
#3050 = AXIS2_PLACEMENT_3D('',#3051,#3052,#3053);
#3051 = CARTESIAN_POINT('',(135.178495,-74.464401,1.51));
#3052 = DIRECTION('',(4.071909147915E-08,1.,-0.));
#3053 = DIRECTION('',(1.,-4.071909147915E-08,0.));
#3054 = ADVANCED_FACE('',(#3055),#3082,.T.);
#3055 = FACE_BOUND('',#3056,.T.);
#3056 = EDGE_LOOP('',(#3057,#3058,#3067,#3075));
#3057 = ORIENTED_EDGE('',*,*,#3036,.T.);
#3058 = ORIENTED_EDGE('',*,*,#3059,.T.);
#3059 = EDGE_CURVE('',#3029,#3060,#3062,.T.);
#3060 = VERTEX_POINT('',#3061);
#3061 = CARTESIAN_POINT('',(161.095,-75.822402,1.545));
#3062 = CIRCLE('',#3063,1.35800003022);
#3063 = AXIS2_PLACEMENT_3D('',#3064,#3065,#3066);
#3064 = CARTESIAN_POINT('',(159.73699996978,-75.82240203022,1.545));
#3065 = DIRECTION('',(0.,0.,-1.));
#3066 = DIRECTION('',(2.225354918688E-08,1.,0.));
#3067 = ORIENTED_EDGE('',*,*,#3068,.F.);
#3068 = EDGE_CURVE('',#3069,#3060,#3071,.T.);
#3069 = VERTEX_POINT('',#3070);
#3070 = CARTESIAN_POINT('',(161.095,-75.822402,1.51));
#3071 = LINE('',#3072,#3073);
#3072 = CARTESIAN_POINT('',(161.095,-75.822402,1.51));
#3073 = VECTOR('',#3074,1.);
#3074 = DIRECTION('',(0.,0.,1.));
#3075 = ORIENTED_EDGE('',*,*,#3076,.F.);
#3076 = EDGE_CURVE('',#3037,#3069,#3077,.T.);
#3077 = CIRCLE('',#3078,1.35800003022);
#3078 = AXIS2_PLACEMENT_3D('',#3079,#3080,#3081);
#3079 = CARTESIAN_POINT('',(159.73699996978,-75.82240203022,1.51));
#3080 = DIRECTION('',(0.,0.,-1.));
#3081 = DIRECTION('',(2.225354918688E-08,1.,0.));
#3082 = CYLINDRICAL_SURFACE('',#3083,1.35800003022);
#3083 = AXIS2_PLACEMENT_3D('',#3084,#3085,#3086);
#3084 = CARTESIAN_POINT('',(159.73699996978,-75.82240203022,1.51));
#3085 = DIRECTION('',(0.,0.,-1.));
#3086 = DIRECTION('',(2.225354918688E-08,1.,0.));
#3087 = ADVANCED_FACE('',(#3088),#3113,.T.);
#3088 = FACE_BOUND('',#3089,.T.);
#3089 = EDGE_LOOP('',(#3090,#3091,#3099,#3107));
#3090 = ORIENTED_EDGE('',*,*,#3068,.T.);
#3091 = ORIENTED_EDGE('',*,*,#3092,.T.);
#3092 = EDGE_CURVE('',#3060,#3093,#3095,.T.);
#3093 = VERTEX_POINT('',#3094);
#3094 = CARTESIAN_POINT('',(161.095,-76.376402,1.545));
#3095 = LINE('',#3096,#3097);
#3096 = CARTESIAN_POINT('',(161.095,-75.822402,1.545));
#3097 = VECTOR('',#3098,1.);
#3098 = DIRECTION('',(0.,-1.,0.));
#3099 = ORIENTED_EDGE('',*,*,#3100,.F.);
#3100 = EDGE_CURVE('',#3101,#3093,#3103,.T.);
#3101 = VERTEX_POINT('',#3102);
#3102 = CARTESIAN_POINT('',(161.095,-76.376402,1.51));
#3103 = LINE('',#3104,#3105);
#3104 = CARTESIAN_POINT('',(161.095,-76.376402,1.51));
#3105 = VECTOR('',#3106,1.);
#3106 = DIRECTION('',(0.,0.,1.));
#3107 = ORIENTED_EDGE('',*,*,#3108,.F.);
#3108 = EDGE_CURVE('',#3069,#3101,#3109,.T.);
#3109 = LINE('',#3110,#3111);
#3110 = CARTESIAN_POINT('',(161.095,-75.822402,1.51));
#3111 = VECTOR('',#3112,1.);
#3112 = DIRECTION('',(0.,-1.,0.));
#3113 = PLANE('',#3114);
#3114 = AXIS2_PLACEMENT_3D('',#3115,#3116,#3117);
#3115 = CARTESIAN_POINT('',(161.095,-75.822402,1.51));
#3116 = DIRECTION('',(1.,0.,-0.));
#3117 = DIRECTION('',(0.,-1.,0.));
#3118 = ADVANCED_FACE('',(#3119),#3146,.T.);
#3119 = FACE_BOUND('',#3120,.T.);
#3120 = EDGE_LOOP('',(#3121,#3122,#3131,#3139));
#3121 = ORIENTED_EDGE('',*,*,#3100,.T.);
#3122 = ORIENTED_EDGE('',*,*,#3123,.T.);
#3123 = EDGE_CURVE('',#3093,#3124,#3126,.T.);
#3124 = VERTEX_POINT('',#3125);
#3125 = CARTESIAN_POINT('',(159.737,-77.734402,1.545));
#3126 = CIRCLE('',#3127,1.35800003022);
#3127 = AXIS2_PLACEMENT_3D('',#3128,#3129,#3130);
#3128 = CARTESIAN_POINT('',(159.73699996978,-76.37640196978,1.545));
#3129 = DIRECTION('',(0.,0.,-1.));
#3130 = DIRECTION('',(1.,-2.225355965142E-08,0.));
#3131 = ORIENTED_EDGE('',*,*,#3132,.F.);
#3132 = EDGE_CURVE('',#3133,#3124,#3135,.T.);
#3133 = VERTEX_POINT('',#3134);
#3134 = CARTESIAN_POINT('',(159.737,-77.734402,1.51));
#3135 = LINE('',#3136,#3137);
#3136 = CARTESIAN_POINT('',(159.737,-77.734402,1.51));
#3137 = VECTOR('',#3138,1.);
#3138 = DIRECTION('',(0.,0.,1.));
#3139 = ORIENTED_EDGE('',*,*,#3140,.F.);
#3140 = EDGE_CURVE('',#3101,#3133,#3141,.T.);
#3141 = CIRCLE('',#3142,1.35800003022);
#3142 = AXIS2_PLACEMENT_3D('',#3143,#3144,#3145);
#3143 = CARTESIAN_POINT('',(159.73699996978,-76.37640196978,1.51));
#3144 = DIRECTION('',(0.,0.,-1.));
#3145 = DIRECTION('',(1.,-2.225355965142E-08,0.));
#3146 = CYLINDRICAL_SURFACE('',#3147,1.35800003022);
#3147 = AXIS2_PLACEMENT_3D('',#3148,#3149,#3150);
#3148 = CARTESIAN_POINT('',(159.73699996978,-76.37640196978,1.51));
#3149 = DIRECTION('',(0.,0.,-1.));
#3150 = DIRECTION('',(1.,-2.225355965142E-08,0.));
#3151 = ADVANCED_FACE('',(#3152),#3177,.T.);
#3152 = FACE_BOUND('',#3153,.T.);
#3153 = EDGE_LOOP('',(#3154,#3155,#3163,#3171));
#3154 = ORIENTED_EDGE('',*,*,#3132,.T.);
#3155 = ORIENTED_EDGE('',*,*,#3156,.T.);
#3156 = EDGE_CURVE('',#3124,#3157,#3159,.T.);
#3157 = VERTEX_POINT('',#3158);
#3158 = CARTESIAN_POINT('',(135.228495,-77.734403,1.545));
#3159 = LINE('',#3160,#3161);
#3160 = CARTESIAN_POINT('',(159.737,-77.734402,1.545));
#3161 = VECTOR('',#3162,1.);
#3162 = DIRECTION('',(-1.,-4.080216224838E-08,0.));
#3163 = ORIENTED_EDGE('',*,*,#3164,.F.);
#3164 = EDGE_CURVE('',#3165,#3157,#3167,.T.);
#3165 = VERTEX_POINT('',#3166);
#3166 = CARTESIAN_POINT('',(135.228495,-77.734403,1.51));
#3167 = LINE('',#3168,#3169);
#3168 = CARTESIAN_POINT('',(135.228495,-77.734403,1.51));
#3169 = VECTOR('',#3170,1.);
#3170 = DIRECTION('',(0.,0.,1.));
#3171 = ORIENTED_EDGE('',*,*,#3172,.F.);
#3172 = EDGE_CURVE('',#3133,#3165,#3173,.T.);
#3173 = LINE('',#3174,#3175);
#3174 = CARTESIAN_POINT('',(159.737,-77.734402,1.51));
#3175 = VECTOR('',#3176,1.);
#3176 = DIRECTION('',(-1.,-4.080216224838E-08,0.));
#3177 = PLANE('',#3178);
#3178 = AXIS2_PLACEMENT_3D('',#3179,#3180,#3181);
#3179 = CARTESIAN_POINT('',(159.737,-77.734402,1.51));
#3180 = DIRECTION('',(4.080216224838E-08,-1.,0.));
#3181 = DIRECTION('',(-1.,-4.080216224838E-08,0.));
#3182 = ADVANCED_FACE('',(#3183),#3210,.F.);
#3183 = FACE_BOUND('',#3184,.T.);
#3184 = EDGE_LOOP('',(#3185,#3186,#3195,#3203));
#3185 = ORIENTED_EDGE('',*,*,#3164,.T.);
#3186 = ORIENTED_EDGE('',*,*,#3187,.T.);
#3187 = EDGE_CURVE('',#3157,#3188,#3190,.T.);
#3188 = VERTEX_POINT('',#3189);
#3189 = CARTESIAN_POINT('',(134.455001,-78.507897,1.545));
#3190 = CIRCLE('',#3191,0.862152239152);
#3191 = AXIS2_PLACEMENT_3D('',#3192,#3193,#3194);
#3192 = CARTESIAN_POINT('',(135.31300164691,-78.59240364691,1.545));
#3193 = DIRECTION('',(0.,0.,1.));
#3194 = DIRECTION('',(-9.80182421096E-02,0.995184618156,0.));
#3195 = ORIENTED_EDGE('',*,*,#3196,.F.);
#3196 = EDGE_CURVE('',#3197,#3188,#3199,.T.);
#3197 = VERTEX_POINT('',#3198);
#3198 = CARTESIAN_POINT('',(134.455001,-78.507897,1.51));
#3199 = LINE('',#3200,#3201);
#3200 = CARTESIAN_POINT('',(134.455001,-78.507897,1.51));
#3201 = VECTOR('',#3202,1.);
#3202 = DIRECTION('',(0.,0.,1.));
#3203 = ORIENTED_EDGE('',*,*,#3204,.F.);
#3204 = EDGE_CURVE('',#3165,#3197,#3205,.T.);
#3205 = CIRCLE('',#3206,0.862152239152);
#3206 = AXIS2_PLACEMENT_3D('',#3207,#3208,#3209);
#3207 = CARTESIAN_POINT('',(135.31300164691,-78.59240364691,1.51));
#3208 = DIRECTION('',(0.,0.,1.));
#3209 = DIRECTION('',(-9.80182421096E-02,0.995184618156,0.));
#3210 = CYLINDRICAL_SURFACE('',#3211,0.862152239152);
#3211 = AXIS2_PLACEMENT_3D('',#3212,#3213,#3214);
#3212 = CARTESIAN_POINT('',(135.31300164691,-78.59240364691,1.51));
#3213 = DIRECTION('',(-0.,-0.,-1.));
#3214 = DIRECTION('',(-9.80182421096E-02,0.995184618156,0.));
#3215 = ADVANCED_FACE('',(#3216),#3241,.T.);
#3216 = FACE_BOUND('',#3217,.T.);
#3217 = EDGE_LOOP('',(#3218,#3219,#3227,#3235));
#3218 = ORIENTED_EDGE('',*,*,#3196,.T.);
#3219 = ORIENTED_EDGE('',*,*,#3220,.T.);
#3220 = EDGE_CURVE('',#3188,#3221,#3223,.T.);
#3221 = VERTEX_POINT('',#3222);
#3222 = CARTESIAN_POINT('',(134.455001,-79.230907,1.545));
#3223 = LINE('',#3224,#3225);
#3224 = CARTESIAN_POINT('',(134.455001,-78.507897,1.545));
#3225 = VECTOR('',#3226,1.);
#3226 = DIRECTION('',(0.,-1.,0.));
#3227 = ORIENTED_EDGE('',*,*,#3228,.F.);
#3228 = EDGE_CURVE('',#3229,#3221,#3231,.T.);
#3229 = VERTEX_POINT('',#3230);
#3230 = CARTESIAN_POINT('',(134.455001,-79.230907,1.51));
#3231 = LINE('',#3232,#3233);
#3232 = CARTESIAN_POINT('',(134.455001,-79.230907,1.51));
#3233 = VECTOR('',#3234,1.);
#3234 = DIRECTION('',(0.,0.,1.));
#3235 = ORIENTED_EDGE('',*,*,#3236,.F.);
#3236 = EDGE_CURVE('',#3197,#3229,#3237,.T.);
#3237 = LINE('',#3238,#3239);
#3238 = CARTESIAN_POINT('',(134.455001,-78.507897,1.51));
#3239 = VECTOR('',#3240,1.);
#3240 = DIRECTION('',(0.,-1.,0.));
#3241 = PLANE('',#3242);
#3242 = AXIS2_PLACEMENT_3D('',#3243,#3244,#3245);
#3243 = CARTESIAN_POINT('',(134.455001,-78.507897,1.51));
#3244 = DIRECTION('',(1.,0.,-0.));
#3245 = DIRECTION('',(0.,-1.,0.));
#3246 = ADVANCED_FACE('',(#3247),#3274,.F.);
#3247 = FACE_BOUND('',#3248,.T.);
#3248 = EDGE_LOOP('',(#3249,#3250,#3259,#3267));
#3249 = ORIENTED_EDGE('',*,*,#3228,.T.);
#3250 = ORIENTED_EDGE('',*,*,#3251,.T.);
#3251 = EDGE_CURVE('',#3221,#3252,#3254,.T.);
#3252 = VERTEX_POINT('',#3253);
#3253 = CARTESIAN_POINT('',(135.228495,-80.004401,1.545));
#3254 = CIRCLE('',#3255,0.862152239152);
#3255 = AXIS2_PLACEMENT_3D('',#3256,#3257,#3258);
#3256 = CARTESIAN_POINT('',(135.31300164691,-79.14640035308,1.545));
#3257 = DIRECTION('',(0.,0.,1.));
#3258 = DIRECTION('',(-0.995184618156,-9.801824210961E-02,0.));
#3259 = ORIENTED_EDGE('',*,*,#3260,.F.);
#3260 = EDGE_CURVE('',#3261,#3252,#3263,.T.);
#3261 = VERTEX_POINT('',#3262);
#3262 = CARTESIAN_POINT('',(135.228495,-80.004401,1.51));
#3263 = LINE('',#3264,#3265);
#3264 = CARTESIAN_POINT('',(135.228495,-80.004401,1.51));
#3265 = VECTOR('',#3266,1.);
#3266 = DIRECTION('',(0.,0.,1.));
#3267 = ORIENTED_EDGE('',*,*,#3268,.F.);
#3268 = EDGE_CURVE('',#3229,#3261,#3269,.T.);
#3269 = CIRCLE('',#3270,0.862152239152);
#3270 = AXIS2_PLACEMENT_3D('',#3271,#3272,#3273);
#3271 = CARTESIAN_POINT('',(135.31300164691,-79.14640035308,1.51));
#3272 = DIRECTION('',(0.,0.,1.));
#3273 = DIRECTION('',(-0.995184618156,-9.801824210961E-02,0.));
#3274 = CYLINDRICAL_SURFACE('',#3275,0.862152239152);
#3275 = AXIS2_PLACEMENT_3D('',#3276,#3277,#3278);
#3276 = CARTESIAN_POINT('',(135.31300164691,-79.14640035308,1.51));
#3277 = DIRECTION('',(-0.,-0.,-1.));
#3278 = DIRECTION('',(-0.995184618156,-9.801824210961E-02,0.));
#3279 = ADVANCED_FACE('',(#3280),#3305,.T.);
#3280 = FACE_BOUND('',#3281,.T.);
#3281 = EDGE_LOOP('',(#3282,#3283,#3291,#3299));
#3282 = ORIENTED_EDGE('',*,*,#3260,.T.);
#3283 = ORIENTED_EDGE('',*,*,#3284,.T.);
#3284 = EDGE_CURVE('',#3252,#3285,#3287,.T.);
#3285 = VERTEX_POINT('',#3286);
#3286 = CARTESIAN_POINT('',(159.737,-80.004402,1.545));
#3287 = LINE('',#3288,#3289);
#3288 = CARTESIAN_POINT('',(135.228495,-80.004401,1.545));
#3289 = VECTOR('',#3290,1.);
#3290 = DIRECTION('',(1.,-4.080216224838E-08,0.));
#3291 = ORIENTED_EDGE('',*,*,#3292,.F.);
#3292 = EDGE_CURVE('',#3293,#3285,#3295,.T.);
#3293 = VERTEX_POINT('',#3294);
#3294 = CARTESIAN_POINT('',(159.737,-80.004402,1.51));
#3295 = LINE('',#3296,#3297);
#3296 = CARTESIAN_POINT('',(159.737,-80.004402,1.51));
#3297 = VECTOR('',#3298,1.);
#3298 = DIRECTION('',(0.,0.,1.));
#3299 = ORIENTED_EDGE('',*,*,#3300,.F.);
#3300 = EDGE_CURVE('',#3261,#3293,#3301,.T.);
#3301 = LINE('',#3302,#3303);
#3302 = CARTESIAN_POINT('',(135.228495,-80.004401,1.51));
#3303 = VECTOR('',#3304,1.);
#3304 = DIRECTION('',(1.,-4.080216224838E-08,0.));
#3305 = PLANE('',#3306);
#3306 = AXIS2_PLACEMENT_3D('',#3307,#3308,#3309);
#3307 = CARTESIAN_POINT('',(135.228495,-80.004401,1.51));
#3308 = DIRECTION('',(4.080216224838E-08,1.,-0.));
#3309 = DIRECTION('',(1.,-4.080216224838E-08,0.));
#3310 = ADVANCED_FACE('',(#3311),#3338,.T.);
#3311 = FACE_BOUND('',#3312,.T.);
#3312 = EDGE_LOOP('',(#3313,#3314,#3323,#3331));
#3313 = ORIENTED_EDGE('',*,*,#3292,.T.);
#3314 = ORIENTED_EDGE('',*,*,#3315,.T.);
#3315 = EDGE_CURVE('',#3285,#3316,#3318,.T.);
#3316 = VERTEX_POINT('',#3317);
#3317 = CARTESIAN_POINT('',(161.095,-81.362402,1.545));
#3318 = CIRCLE('',#3319,1.35800003022);
#3319 = AXIS2_PLACEMENT_3D('',#3320,#3321,#3322);
#3320 = CARTESIAN_POINT('',(159.73699996978,-81.36240203022,1.545));
#3321 = DIRECTION('',(0.,0.,-1.));
#3322 = DIRECTION('',(2.225354918688E-08,1.,0.));
#3323 = ORIENTED_EDGE('',*,*,#3324,.F.);
#3324 = EDGE_CURVE('',#3325,#3316,#3327,.T.);
#3325 = VERTEX_POINT('',#3326);
#3326 = CARTESIAN_POINT('',(161.095,-81.362402,1.51));
#3327 = LINE('',#3328,#3329);
#3328 = CARTESIAN_POINT('',(161.095,-81.362402,1.51));
#3329 = VECTOR('',#3330,1.);
#3330 = DIRECTION('',(0.,0.,1.));
#3331 = ORIENTED_EDGE('',*,*,#3332,.F.);
#3332 = EDGE_CURVE('',#3293,#3325,#3333,.T.);
#3333 = CIRCLE('',#3334,1.35800003022);
#3334 = AXIS2_PLACEMENT_3D('',#3335,#3336,#3337);
#3335 = CARTESIAN_POINT('',(159.73699996978,-81.36240203022,1.51));
#3336 = DIRECTION('',(0.,0.,-1.));
#3337 = DIRECTION('',(2.225354918688E-08,1.,0.));
#3338 = CYLINDRICAL_SURFACE('',#3339,1.35800003022);
#3339 = AXIS2_PLACEMENT_3D('',#3340,#3341,#3342);
#3340 = CARTESIAN_POINT('',(159.73699996978,-81.36240203022,1.51));
#3341 = DIRECTION('',(0.,0.,-1.));
#3342 = DIRECTION('',(2.225354918688E-08,1.,0.));
#3343 = ADVANCED_FACE('',(#3344),#3369,.T.);
#3344 = FACE_BOUND('',#3345,.T.);
#3345 = EDGE_LOOP('',(#3346,#3347,#3355,#3363));
#3346 = ORIENTED_EDGE('',*,*,#3324,.T.);
#3347 = ORIENTED_EDGE('',*,*,#3348,.T.);
#3348 = EDGE_CURVE('',#3316,#3349,#3351,.T.);
#3349 = VERTEX_POINT('',#3350);
#3350 = CARTESIAN_POINT('',(161.095,-81.916402,1.545));
#3351 = LINE('',#3352,#3353);
#3352 = CARTESIAN_POINT('',(161.095,-81.362402,1.545));
#3353 = VECTOR('',#3354,1.);
#3354 = DIRECTION('',(0.,-1.,0.));
#3355 = ORIENTED_EDGE('',*,*,#3356,.F.);
#3356 = EDGE_CURVE('',#3357,#3349,#3359,.T.);
#3357 = VERTEX_POINT('',#3358);
#3358 = CARTESIAN_POINT('',(161.095,-81.916402,1.51));
#3359 = LINE('',#3360,#3361);
#3360 = CARTESIAN_POINT('',(161.095,-81.916402,1.51));
#3361 = VECTOR('',#3362,1.);
#3362 = DIRECTION('',(0.,0.,1.));
#3363 = ORIENTED_EDGE('',*,*,#3364,.F.);
#3364 = EDGE_CURVE('',#3325,#3357,#3365,.T.);
#3365 = LINE('',#3366,#3367);
#3366 = CARTESIAN_POINT('',(161.095,-81.362402,1.51));
#3367 = VECTOR('',#3368,1.);
#3368 = DIRECTION('',(0.,-1.,0.));
#3369 = PLANE('',#3370);
#3370 = AXIS2_PLACEMENT_3D('',#3371,#3372,#3373);
#3371 = CARTESIAN_POINT('',(161.095,-81.362402,1.51));
#3372 = DIRECTION('',(1.,0.,-0.));
#3373 = DIRECTION('',(0.,-1.,0.));
#3374 = ADVANCED_FACE('',(#3375),#3402,.T.);
#3375 = FACE_BOUND('',#3376,.T.);
#3376 = EDGE_LOOP('',(#3377,#3378,#3387,#3395));
#3377 = ORIENTED_EDGE('',*,*,#3356,.T.);
#3378 = ORIENTED_EDGE('',*,*,#3379,.T.);
#3379 = EDGE_CURVE('',#3349,#3380,#3382,.T.);
#3380 = VERTEX_POINT('',#3381);
#3381 = CARTESIAN_POINT('',(159.737,-83.274402,1.545));
#3382 = CIRCLE('',#3383,1.35800003022);
#3383 = AXIS2_PLACEMENT_3D('',#3384,#3385,#3386);
#3384 = CARTESIAN_POINT('',(159.73699996978,-81.91640196978,1.545));
#3385 = DIRECTION('',(0.,0.,-1.));
#3386 = DIRECTION('',(1.,-2.225354918688E-08,0.));
#3387 = ORIENTED_EDGE('',*,*,#3388,.F.);
#3388 = EDGE_CURVE('',#3389,#3380,#3391,.T.);
#3389 = VERTEX_POINT('',#3390);
#3390 = CARTESIAN_POINT('',(159.737,-83.274402,1.51));
#3391 = LINE('',#3392,#3393);
#3392 = CARTESIAN_POINT('',(159.737,-83.274402,1.51));
#3393 = VECTOR('',#3394,1.);
#3394 = DIRECTION('',(0.,0.,1.));
#3395 = ORIENTED_EDGE('',*,*,#3396,.F.);
#3396 = EDGE_CURVE('',#3357,#3389,#3397,.T.);
#3397 = CIRCLE('',#3398,1.35800003022);
#3398 = AXIS2_PLACEMENT_3D('',#3399,#3400,#3401);
#3399 = CARTESIAN_POINT('',(159.73699996978,-81.91640196978,1.51));
#3400 = DIRECTION('',(0.,0.,-1.));
#3401 = DIRECTION('',(1.,-2.225354918688E-08,0.));
#3402 = CYLINDRICAL_SURFACE('',#3403,1.35800003022);
#3403 = AXIS2_PLACEMENT_3D('',#3404,#3405,#3406);
#3404 = CARTESIAN_POINT('',(159.73699996978,-81.91640196978,1.51));
#3405 = DIRECTION('',(0.,0.,-1.));
#3406 = DIRECTION('',(1.,-2.225354918688E-08,0.));
#3407 = ADVANCED_FACE('',(#3408),#3433,.T.);
#3408 = FACE_BOUND('',#3409,.T.);
#3409 = EDGE_LOOP('',(#3410,#3411,#3419,#3427));
#3410 = ORIENTED_EDGE('',*,*,#3388,.T.);
#3411 = ORIENTED_EDGE('',*,*,#3412,.T.);
#3412 = EDGE_CURVE('',#3380,#3413,#3415,.T.);
#3413 = VERTEX_POINT('',#3414);
#3414 = CARTESIAN_POINT('',(135.278495,-83.274403,1.545));
#3415 = LINE('',#3416,#3417);
#3416 = CARTESIAN_POINT('',(159.737,-83.274402,1.545));
#3417 = VECTOR('',#3418,1.);
#3418 = DIRECTION('',(-1.,-4.088557381925E-08,0.));
#3419 = ORIENTED_EDGE('',*,*,#3420,.F.);
#3420 = EDGE_CURVE('',#3421,#3413,#3423,.T.);
#3421 = VERTEX_POINT('',#3422);
#3422 = CARTESIAN_POINT('',(135.278495,-83.274403,1.51));
#3423 = LINE('',#3424,#3425);
#3424 = CARTESIAN_POINT('',(135.278495,-83.274403,1.51));
#3425 = VECTOR('',#3426,1.);
#3426 = DIRECTION('',(0.,0.,1.));
#3427 = ORIENTED_EDGE('',*,*,#3428,.F.);
#3428 = EDGE_CURVE('',#3389,#3421,#3429,.T.);
#3429 = LINE('',#3430,#3431);
#3430 = CARTESIAN_POINT('',(159.737,-83.274402,1.51));
#3431 = VECTOR('',#3432,1.);
#3432 = DIRECTION('',(-1.,-4.088557381925E-08,0.));
#3433 = PLANE('',#3434);
#3434 = AXIS2_PLACEMENT_3D('',#3435,#3436,#3437);
#3435 = CARTESIAN_POINT('',(159.737,-83.274402,1.51));
#3436 = DIRECTION('',(4.088557381925E-08,-1.,0.));
#3437 = DIRECTION('',(-1.,-4.088557381925E-08,0.));
#3438 = ADVANCED_FACE('',(#3439),#3466,.F.);
#3439 = FACE_BOUND('',#3440,.T.);
#3440 = EDGE_LOOP('',(#3441,#3442,#3451,#3459));
#3441 = ORIENTED_EDGE('',*,*,#3420,.T.);
#3442 = ORIENTED_EDGE('',*,*,#3443,.T.);
#3443 = EDGE_CURVE('',#3413,#3444,#3446,.T.);
#3444 = VERTEX_POINT('',#3445);
#3445 = CARTESIAN_POINT('',(134.505001,-84.047897,1.545));
#3446 = CIRCLE('',#3447,0.862152239152);
#3447 = AXIS2_PLACEMENT_3D('',#3448,#3449,#3450);
#3448 = CARTESIAN_POINT('',(135.36300164691,-84.13240364691,1.545));
#3449 = DIRECTION('',(0.,0.,1.));
#3450 = DIRECTION('',(-9.801824210966E-02,0.995184618156,0.));
#3451 = ORIENTED_EDGE('',*,*,#3452,.F.);
#3452 = EDGE_CURVE('',#3453,#3444,#3455,.T.);
#3453 = VERTEX_POINT('',#3454);
#3454 = CARTESIAN_POINT('',(134.505001,-84.047897,1.51));
#3455 = LINE('',#3456,#3457);
#3456 = CARTESIAN_POINT('',(134.505001,-84.047897,1.51));
#3457 = VECTOR('',#3458,1.);
#3458 = DIRECTION('',(0.,0.,1.));
#3459 = ORIENTED_EDGE('',*,*,#3460,.F.);
#3460 = EDGE_CURVE('',#3421,#3453,#3461,.T.);
#3461 = CIRCLE('',#3462,0.862152239152);
#3462 = AXIS2_PLACEMENT_3D('',#3463,#3464,#3465);
#3463 = CARTESIAN_POINT('',(135.36300164691,-84.13240364691,1.51));
#3464 = DIRECTION('',(0.,0.,1.));
#3465 = DIRECTION('',(-9.801824210966E-02,0.995184618156,0.));
#3466 = CYLINDRICAL_SURFACE('',#3467,0.862152239152);
#3467 = AXIS2_PLACEMENT_3D('',#3468,#3469,#3470);
#3468 = CARTESIAN_POINT('',(135.36300164691,-84.13240364691,1.51));
#3469 = DIRECTION('',(-0.,-0.,-1.));
#3470 = DIRECTION('',(-9.801824210966E-02,0.995184618156,0.));
#3471 = ADVANCED_FACE('',(#3472),#3497,.T.);
#3472 = FACE_BOUND('',#3473,.T.);
#3473 = EDGE_LOOP('',(#3474,#3475,#3483,#3491));
#3474 = ORIENTED_EDGE('',*,*,#3452,.T.);
#3475 = ORIENTED_EDGE('',*,*,#3476,.T.);
#3476 = EDGE_CURVE('',#3444,#3477,#3479,.T.);
#3477 = VERTEX_POINT('',#3478);
#3478 = CARTESIAN_POINT('',(134.505001,-84.770907,1.545));
#3479 = LINE('',#3480,#3481);
#3480 = CARTESIAN_POINT('',(134.505001,-84.047897,1.545));
#3481 = VECTOR('',#3482,1.);
#3482 = DIRECTION('',(0.,-1.,0.));
#3483 = ORIENTED_EDGE('',*,*,#3484,.F.);
#3484 = EDGE_CURVE('',#3485,#3477,#3487,.T.);
#3485 = VERTEX_POINT('',#3486);
#3486 = CARTESIAN_POINT('',(134.505001,-84.770907,1.51));
#3487 = LINE('',#3488,#3489);
#3488 = CARTESIAN_POINT('',(134.505001,-84.770907,1.51));
#3489 = VECTOR('',#3490,1.);
#3490 = DIRECTION('',(0.,0.,1.));
#3491 = ORIENTED_EDGE('',*,*,#3492,.F.);
#3492 = EDGE_CURVE('',#3453,#3485,#3493,.T.);
#3493 = LINE('',#3494,#3495);
#3494 = CARTESIAN_POINT('',(134.505001,-84.047897,1.51));
#3495 = VECTOR('',#3496,1.);
#3496 = DIRECTION('',(0.,-1.,0.));
#3497 = PLANE('',#3498);
#3498 = AXIS2_PLACEMENT_3D('',#3499,#3500,#3501);
#3499 = CARTESIAN_POINT('',(134.505001,-84.047897,1.51));
#3500 = DIRECTION('',(1.,0.,-0.));
#3501 = DIRECTION('',(0.,-1.,0.));
#3502 = ADVANCED_FACE('',(#3503),#3530,.F.);
#3503 = FACE_BOUND('',#3504,.T.);
#3504 = EDGE_LOOP('',(#3505,#3506,#3515,#3523));
#3505 = ORIENTED_EDGE('',*,*,#3484,.T.);
#3506 = ORIENTED_EDGE('',*,*,#3507,.T.);
#3507 = EDGE_CURVE('',#3477,#3508,#3510,.T.);
#3508 = VERTEX_POINT('',#3509);
#3509 = CARTESIAN_POINT('',(135.278495,-85.544401,1.545));
#3510 = CIRCLE('',#3511,0.862152239152);
#3511 = AXIS2_PLACEMENT_3D('',#3512,#3513,#3514);
#3512 = CARTESIAN_POINT('',(135.36300164691,-84.68640035308,1.545));
#3513 = DIRECTION('',(0.,0.,1.));
#3514 = DIRECTION('',(-0.995184618156,-9.801824210966E-02,0.));
#3515 = ORIENTED_EDGE('',*,*,#3516,.F.);
#3516 = EDGE_CURVE('',#3517,#3508,#3519,.T.);
#3517 = VERTEX_POINT('',#3518);
#3518 = CARTESIAN_POINT('',(135.278495,-85.544401,1.51));
#3519 = LINE('',#3520,#3521);
#3520 = CARTESIAN_POINT('',(135.278495,-85.544401,1.51));
#3521 = VECTOR('',#3522,1.);
#3522 = DIRECTION('',(0.,0.,1.));
#3523 = ORIENTED_EDGE('',*,*,#3524,.F.);
#3524 = EDGE_CURVE('',#3485,#3517,#3525,.T.);
#3525 = CIRCLE('',#3526,0.862152239152);
#3526 = AXIS2_PLACEMENT_3D('',#3527,#3528,#3529);
#3527 = CARTESIAN_POINT('',(135.36300164691,-84.68640035308,1.51));
#3528 = DIRECTION('',(0.,0.,1.));
#3529 = DIRECTION('',(-0.995184618156,-9.801824210966E-02,0.));
#3530 = CYLINDRICAL_SURFACE('',#3531,0.862152239152);
#3531 = AXIS2_PLACEMENT_3D('',#3532,#3533,#3534);
#3532 = CARTESIAN_POINT('',(135.36300164691,-84.68640035308,1.51));
#3533 = DIRECTION('',(-0.,-0.,-1.));
#3534 = DIRECTION('',(-0.995184618156,-9.801824210966E-02,0.));
#3535 = ADVANCED_FACE('',(#3536),#3561,.T.);
#3536 = FACE_BOUND('',#3537,.T.);
#3537 = EDGE_LOOP('',(#3538,#3539,#3547,#3555));
#3538 = ORIENTED_EDGE('',*,*,#3516,.T.);
#3539 = ORIENTED_EDGE('',*,*,#3540,.T.);
#3540 = EDGE_CURVE('',#3508,#3541,#3543,.T.);
#3541 = VERTEX_POINT('',#3542);
#3542 = CARTESIAN_POINT('',(159.737,-85.544402,1.545));
#3543 = LINE('',#3544,#3545);
#3544 = CARTESIAN_POINT('',(135.278495,-85.544401,1.545));
#3545 = VECTOR('',#3546,1.);
#3546 = DIRECTION('',(1.,-4.088557381925E-08,0.));
#3547 = ORIENTED_EDGE('',*,*,#3548,.F.);
#3548 = EDGE_CURVE('',#3549,#3541,#3551,.T.);
#3549 = VERTEX_POINT('',#3550);
#3550 = CARTESIAN_POINT('',(159.737,-85.544402,1.51));
#3551 = LINE('',#3552,#3553);
#3552 = CARTESIAN_POINT('',(159.737,-85.544402,1.51));
#3553 = VECTOR('',#3554,1.);
#3554 = DIRECTION('',(0.,0.,1.));
#3555 = ORIENTED_EDGE('',*,*,#3556,.F.);
#3556 = EDGE_CURVE('',#3517,#3549,#3557,.T.);
#3557 = LINE('',#3558,#3559);
#3558 = CARTESIAN_POINT('',(135.278495,-85.544401,1.51));
#3559 = VECTOR('',#3560,1.);
#3560 = DIRECTION('',(1.,-4.088557381925E-08,0.));
#3561 = PLANE('',#3562);
#3562 = AXIS2_PLACEMENT_3D('',#3563,#3564,#3565);
#3563 = CARTESIAN_POINT('',(135.278495,-85.544401,1.51));
#3564 = DIRECTION('',(4.088557381925E-08,1.,-0.));
#3565 = DIRECTION('',(1.,-4.088557381925E-08,0.));
#3566 = ADVANCED_FACE('',(#3567),#3594,.T.);
#3567 = FACE_BOUND('',#3568,.T.);
#3568 = EDGE_LOOP('',(#3569,#3570,#3579,#3587));
#3569 = ORIENTED_EDGE('',*,*,#3548,.T.);
#3570 = ORIENTED_EDGE('',*,*,#3571,.T.);
#3571 = EDGE_CURVE('',#3541,#3572,#3574,.T.);
#3572 = VERTEX_POINT('',#3573);
#3573 = CARTESIAN_POINT('',(161.095,-86.902402,1.545));
#3574 = CIRCLE('',#3575,1.35800003022);
#3575 = AXIS2_PLACEMENT_3D('',#3576,#3577,#3578);
#3576 = CARTESIAN_POINT('',(159.73699996978,-86.90240203022,1.545));
#3577 = DIRECTION('',(0.,0.,-1.));
#3578 = DIRECTION('',(2.225352825778E-08,1.,0.));
#3579 = ORIENTED_EDGE('',*,*,#3580,.F.);
#3580 = EDGE_CURVE('',#3581,#3572,#3583,.T.);
#3581 = VERTEX_POINT('',#3582);
#3582 = CARTESIAN_POINT('',(161.095,-86.902402,1.51));
#3583 = LINE('',#3584,#3585);
#3584 = CARTESIAN_POINT('',(161.095,-86.902402,1.51));
#3585 = VECTOR('',#3586,1.);
#3586 = DIRECTION('',(0.,0.,1.));
#3587 = ORIENTED_EDGE('',*,*,#3588,.F.);
#3588 = EDGE_CURVE('',#3549,#3581,#3589,.T.);
#3589 = CIRCLE('',#3590,1.35800003022);
#3590 = AXIS2_PLACEMENT_3D('',#3591,#3592,#3593);
#3591 = CARTESIAN_POINT('',(159.73699996978,-86.90240203022,1.51));
#3592 = DIRECTION('',(0.,0.,-1.));
#3593 = DIRECTION('',(2.225352825778E-08,1.,0.));
#3594 = CYLINDRICAL_SURFACE('',#3595,1.35800003022);
#3595 = AXIS2_PLACEMENT_3D('',#3596,#3597,#3598);
#3596 = CARTESIAN_POINT('',(159.73699996978,-86.90240203022,1.51));
#3597 = DIRECTION('',(0.,0.,-1.));
#3598 = DIRECTION('',(2.225352825778E-08,1.,0.));
#3599 = ADVANCED_FACE('',(#3600),#3625,.T.);
#3600 = FACE_BOUND('',#3601,.T.);
#3601 = EDGE_LOOP('',(#3602,#3603,#3611,#3619));
#3602 = ORIENTED_EDGE('',*,*,#3580,.T.);
#3603 = ORIENTED_EDGE('',*,*,#3604,.T.);
#3604 = EDGE_CURVE('',#3572,#3605,#3607,.T.);
#3605 = VERTEX_POINT('',#3606);
#3606 = CARTESIAN_POINT('',(161.095,-87.456402,1.545));
#3607 = LINE('',#3608,#3609);
#3608 = CARTESIAN_POINT('',(161.095,-86.902402,1.545));
#3609 = VECTOR('',#3610,1.);
#3610 = DIRECTION('',(0.,-1.,0.));
#3611 = ORIENTED_EDGE('',*,*,#3612,.F.);
#3612 = EDGE_CURVE('',#3613,#3605,#3615,.T.);
#3613 = VERTEX_POINT('',#3614);
#3614 = CARTESIAN_POINT('',(161.095,-87.456402,1.51));
#3615 = LINE('',#3616,#3617);
#3616 = CARTESIAN_POINT('',(161.095,-87.456402,1.51));
#3617 = VECTOR('',#3618,1.);
#3618 = DIRECTION('',(0.,0.,1.));
#3619 = ORIENTED_EDGE('',*,*,#3620,.F.);
#3620 = EDGE_CURVE('',#3581,#3613,#3621,.T.);
#3621 = LINE('',#3622,#3623);
#3622 = CARTESIAN_POINT('',(161.095,-86.902402,1.51));
#3623 = VECTOR('',#3624,1.);
#3624 = DIRECTION('',(0.,-1.,0.));
#3625 = PLANE('',#3626);
#3626 = AXIS2_PLACEMENT_3D('',#3627,#3628,#3629);
#3627 = CARTESIAN_POINT('',(161.095,-86.902402,1.51));
#3628 = DIRECTION('',(1.,0.,-0.));
#3629 = DIRECTION('',(0.,-1.,0.));
#3630 = ADVANCED_FACE('',(#3631),#3658,.T.);
#3631 = FACE_BOUND('',#3632,.T.);
#3632 = EDGE_LOOP('',(#3633,#3634,#3643,#3651));
#3633 = ORIENTED_EDGE('',*,*,#3612,.T.);
#3634 = ORIENTED_EDGE('',*,*,#3635,.T.);
#3635 = EDGE_CURVE('',#3605,#3636,#3638,.T.);
#3636 = VERTEX_POINT('',#3637);
#3637 = CARTESIAN_POINT('',(159.737,-88.814402,1.545));
#3638 = CIRCLE('',#3639,1.35800003022);
#3639 = AXIS2_PLACEMENT_3D('',#3640,#3641,#3642);
#3640 = CARTESIAN_POINT('',(159.73699996978,-87.45640196978,1.545));
#3641 = DIRECTION('',(0.,0.,-1.));
#3642 = DIRECTION('',(1.,-2.225355965142E-08,0.));
#3643 = ORIENTED_EDGE('',*,*,#3644,.F.);
#3644 = EDGE_CURVE('',#3645,#3636,#3647,.T.);
#3645 = VERTEX_POINT('',#3646);
#3646 = CARTESIAN_POINT('',(159.737,-88.814402,1.51));
#3647 = LINE('',#3648,#3649);
#3648 = CARTESIAN_POINT('',(159.737,-88.814402,1.51));
#3649 = VECTOR('',#3650,1.);
#3650 = DIRECTION('',(0.,0.,1.));
#3651 = ORIENTED_EDGE('',*,*,#3652,.F.);
#3652 = EDGE_CURVE('',#3613,#3645,#3653,.T.);
#3653 = CIRCLE('',#3654,1.35800003022);
#3654 = AXIS2_PLACEMENT_3D('',#3655,#3656,#3657);
#3655 = CARTESIAN_POINT('',(159.73699996978,-87.45640196978,1.51));
#3656 = DIRECTION('',(0.,0.,-1.));
#3657 = DIRECTION('',(1.,-2.225355965142E-08,0.));
#3658 = CYLINDRICAL_SURFACE('',#3659,1.35800003022);
#3659 = AXIS2_PLACEMENT_3D('',#3660,#3661,#3662);
#3660 = CARTESIAN_POINT('',(159.73699996978,-87.45640196978,1.51));
#3661 = DIRECTION('',(0.,0.,-1.));
#3662 = DIRECTION('',(1.,-2.225355965142E-08,0.));
#3663 = ADVANCED_FACE('',(#3664),#3689,.T.);
#3664 = FACE_BOUND('',#3665,.T.);
#3665 = EDGE_LOOP('',(#3666,#3667,#3675,#3683));
#3666 = ORIENTED_EDGE('',*,*,#3644,.T.);
#3667 = ORIENTED_EDGE('',*,*,#3668,.T.);
#3668 = EDGE_CURVE('',#3636,#3669,#3671,.T.);
#3669 = VERTEX_POINT('',#3670);
#3670 = CARTESIAN_POINT('',(135.278495,-88.814403,1.545));
#3671 = LINE('',#3672,#3673);
#3672 = CARTESIAN_POINT('',(159.737,-88.814402,1.545));
#3673 = VECTOR('',#3674,1.);
#3674 = DIRECTION('',(-1.,-4.088557323824E-08,0.));
#3675 = ORIENTED_EDGE('',*,*,#3676,.F.);
#3676 = EDGE_CURVE('',#3677,#3669,#3679,.T.);
#3677 = VERTEX_POINT('',#3678);
#3678 = CARTESIAN_POINT('',(135.278495,-88.814403,1.51));
#3679 = LINE('',#3680,#3681);
#3680 = CARTESIAN_POINT('',(135.278495,-88.814403,1.51));
#3681 = VECTOR('',#3682,1.);
#3682 = DIRECTION('',(0.,0.,1.));
#3683 = ORIENTED_EDGE('',*,*,#3684,.F.);
#3684 = EDGE_CURVE('',#3645,#3677,#3685,.T.);
#3685 = LINE('',#3686,#3687);
#3686 = CARTESIAN_POINT('',(159.737,-88.814402,1.51));
#3687 = VECTOR('',#3688,1.);
#3688 = DIRECTION('',(-1.,-4.088557323824E-08,0.));
#3689 = PLANE('',#3690);
#3690 = AXIS2_PLACEMENT_3D('',#3691,#3692,#3693);
#3691 = CARTESIAN_POINT('',(159.737,-88.814402,1.51));
#3692 = DIRECTION('',(4.088557323824E-08,-1.,0.));
#3693 = DIRECTION('',(-1.,-4.088557323824E-08,0.));
#3694 = ADVANCED_FACE('',(#3695),#3722,.F.);
#3695 = FACE_BOUND('',#3696,.T.);
#3696 = EDGE_LOOP('',(#3697,#3698,#3707,#3715));
#3697 = ORIENTED_EDGE('',*,*,#3676,.T.);
#3698 = ORIENTED_EDGE('',*,*,#3699,.T.);
#3699 = EDGE_CURVE('',#3669,#3700,#3702,.T.);
#3700 = VERTEX_POINT('',#3701);
#3701 = CARTESIAN_POINT('',(134.505001,-89.587897,1.545));
#3702 = CIRCLE('',#3703,0.862152239152);
#3703 = AXIS2_PLACEMENT_3D('',#3704,#3705,#3706);
#3704 = CARTESIAN_POINT('',(135.36300164691,-89.67240364691,1.545));
#3705 = DIRECTION('',(0.,0.,1.));
#3706 = DIRECTION('',(-9.801824210966E-02,0.995184618156,0.));
#3707 = ORIENTED_EDGE('',*,*,#3708,.F.);
#3708 = EDGE_CURVE('',#3709,#3700,#3711,.T.);
#3709 = VERTEX_POINT('',#3710);
#3710 = CARTESIAN_POINT('',(134.505001,-89.587897,1.51));
#3711 = LINE('',#3712,#3713);
#3712 = CARTESIAN_POINT('',(134.505001,-89.587897,1.51));
#3713 = VECTOR('',#3714,1.);
#3714 = DIRECTION('',(0.,0.,1.));
#3715 = ORIENTED_EDGE('',*,*,#3716,.F.);
#3716 = EDGE_CURVE('',#3677,#3709,#3717,.T.);
#3717 = CIRCLE('',#3718,0.862152239152);
#3718 = AXIS2_PLACEMENT_3D('',#3719,#3720,#3721);
#3719 = CARTESIAN_POINT('',(135.36300164691,-89.67240364691,1.51));
#3720 = DIRECTION('',(0.,0.,1.));
#3721 = DIRECTION('',(-9.801824210966E-02,0.995184618156,0.));
#3722 = CYLINDRICAL_SURFACE('',#3723,0.862152239152);
#3723 = AXIS2_PLACEMENT_3D('',#3724,#3725,#3726);
#3724 = CARTESIAN_POINT('',(135.36300164691,-89.67240364691,1.51));
#3725 = DIRECTION('',(-0.,-0.,-1.));
#3726 = DIRECTION('',(-9.801824210966E-02,0.995184618156,0.));
#3727 = ADVANCED_FACE('',(#3728),#3753,.T.);
#3728 = FACE_BOUND('',#3729,.T.);
#3729 = EDGE_LOOP('',(#3730,#3731,#3739,#3747));
#3730 = ORIENTED_EDGE('',*,*,#3708,.T.);
#3731 = ORIENTED_EDGE('',*,*,#3732,.T.);
#3732 = EDGE_CURVE('',#3700,#3733,#3735,.T.);
#3733 = VERTEX_POINT('',#3734);
#3734 = CARTESIAN_POINT('',(134.505001,-90.310907,1.545));
#3735 = LINE('',#3736,#3737);
#3736 = CARTESIAN_POINT('',(134.505001,-89.587897,1.545));
#3737 = VECTOR('',#3738,1.);
#3738 = DIRECTION('',(0.,-1.,0.));
#3739 = ORIENTED_EDGE('',*,*,#3740,.F.);
#3740 = EDGE_CURVE('',#3741,#3733,#3743,.T.);
#3741 = VERTEX_POINT('',#3742);
#3742 = CARTESIAN_POINT('',(134.505001,-90.310907,1.51));
#3743 = LINE('',#3744,#3745);
#3744 = CARTESIAN_POINT('',(134.505001,-90.310907,1.51));
#3745 = VECTOR('',#3746,1.);
#3746 = DIRECTION('',(0.,0.,1.));
#3747 = ORIENTED_EDGE('',*,*,#3748,.F.);
#3748 = EDGE_CURVE('',#3709,#3741,#3749,.T.);
#3749 = LINE('',#3750,#3751);
#3750 = CARTESIAN_POINT('',(134.505001,-89.587897,1.51));
#3751 = VECTOR('',#3752,1.);
#3752 = DIRECTION('',(0.,-1.,0.));
#3753 = PLANE('',#3754);
#3754 = AXIS2_PLACEMENT_3D('',#3755,#3756,#3757);
#3755 = CARTESIAN_POINT('',(134.505001,-89.587897,1.51));
#3756 = DIRECTION('',(1.,0.,-0.));
#3757 = DIRECTION('',(0.,-1.,0.));
#3758 = ADVANCED_FACE('',(#3759),#3786,.F.);
#3759 = FACE_BOUND('',#3760,.T.);
#3760 = EDGE_LOOP('',(#3761,#3762,#3771,#3779));
#3761 = ORIENTED_EDGE('',*,*,#3740,.T.);
#3762 = ORIENTED_EDGE('',*,*,#3763,.T.);
#3763 = EDGE_CURVE('',#3733,#3764,#3766,.T.);
#3764 = VERTEX_POINT('',#3765);
#3765 = CARTESIAN_POINT('',(135.278495,-91.084401,1.545));
#3766 = CIRCLE('',#3767,0.862152239152);
#3767 = AXIS2_PLACEMENT_3D('',#3768,#3769,#3770);
#3768 = CARTESIAN_POINT('',(135.36300164691,-90.22640035308,1.545));
#3769 = DIRECTION('',(0.,0.,1.));
#3770 = DIRECTION('',(-0.995184618156,-9.801824210969E-02,0.));
#3771 = ORIENTED_EDGE('',*,*,#3772,.F.);
#3772 = EDGE_CURVE('',#3773,#3764,#3775,.T.);
#3773 = VERTEX_POINT('',#3774);
#3774 = CARTESIAN_POINT('',(135.278495,-91.084401,1.51));
#3775 = LINE('',#3776,#3777);
#3776 = CARTESIAN_POINT('',(135.278495,-91.084401,1.51));
#3777 = VECTOR('',#3778,1.);
#3778 = DIRECTION('',(0.,0.,1.));
#3779 = ORIENTED_EDGE('',*,*,#3780,.F.);
#3780 = EDGE_CURVE('',#3741,#3773,#3781,.T.);
#3781 = CIRCLE('',#3782,0.862152239152);
#3782 = AXIS2_PLACEMENT_3D('',#3783,#3784,#3785);
#3783 = CARTESIAN_POINT('',(135.36300164691,-90.22640035308,1.51));
#3784 = DIRECTION('',(0.,0.,1.));
#3785 = DIRECTION('',(-0.995184618156,-9.801824210969E-02,0.));
#3786 = CYLINDRICAL_SURFACE('',#3787,0.862152239152);
#3787 = AXIS2_PLACEMENT_3D('',#3788,#3789,#3790);
#3788 = CARTESIAN_POINT('',(135.36300164691,-90.22640035308,1.51));
#3789 = DIRECTION('',(-0.,-0.,-1.));
#3790 = DIRECTION('',(-0.995184618156,-9.801824210969E-02,0.));
#3791 = ADVANCED_FACE('',(#3792),#3817,.T.);
#3792 = FACE_BOUND('',#3793,.T.);
#3793 = EDGE_LOOP('',(#3794,#3795,#3803,#3811));
#3794 = ORIENTED_EDGE('',*,*,#3772,.T.);
#3795 = ORIENTED_EDGE('',*,*,#3796,.T.);
#3796 = EDGE_CURVE('',#3764,#3797,#3799,.T.);
#3797 = VERTEX_POINT('',#3798);
#3798 = CARTESIAN_POINT('',(159.737,-91.084402,1.545));
#3799 = LINE('',#3800,#3801);
#3800 = CARTESIAN_POINT('',(135.278495,-91.084401,1.545));
#3801 = VECTOR('',#3802,1.);
#3802 = DIRECTION('',(1.,-4.088557323824E-08,0.));
#3803 = ORIENTED_EDGE('',*,*,#3804,.F.);
#3804 = EDGE_CURVE('',#3805,#3797,#3807,.T.);
#3805 = VERTEX_POINT('',#3806);
#3806 = CARTESIAN_POINT('',(159.737,-91.084402,1.51));
#3807 = LINE('',#3808,#3809);
#3808 = CARTESIAN_POINT('',(159.737,-91.084402,1.51));
#3809 = VECTOR('',#3810,1.);
#3810 = DIRECTION('',(0.,0.,1.));
#3811 = ORIENTED_EDGE('',*,*,#3812,.F.);
#3812 = EDGE_CURVE('',#3773,#3805,#3813,.T.);
#3813 = LINE('',#3814,#3815);
#3814 = CARTESIAN_POINT('',(135.278495,-91.084401,1.51));
#3815 = VECTOR('',#3816,1.);
#3816 = DIRECTION('',(1.,-4.088557323824E-08,0.));
#3817 = PLANE('',#3818);
#3818 = AXIS2_PLACEMENT_3D('',#3819,#3820,#3821);
#3819 = CARTESIAN_POINT('',(135.278495,-91.084401,1.51));
#3820 = DIRECTION('',(4.088557323824E-08,1.,-0.));
#3821 = DIRECTION('',(1.,-4.088557323824E-08,0.));
#3822 = ADVANCED_FACE('',(#3823),#3850,.T.);
#3823 = FACE_BOUND('',#3824,.T.);
#3824 = EDGE_LOOP('',(#3825,#3826,#3835,#3843));
#3825 = ORIENTED_EDGE('',*,*,#3804,.T.);
#3826 = ORIENTED_EDGE('',*,*,#3827,.T.);
#3827 = EDGE_CURVE('',#3797,#3828,#3830,.T.);
#3828 = VERTEX_POINT('',#3829);
#3829 = CARTESIAN_POINT('',(161.095,-92.442402,1.545));
#3830 = CIRCLE('',#3831,1.35800003022);
#3831 = AXIS2_PLACEMENT_3D('',#3832,#3833,#3834);
#3832 = CARTESIAN_POINT('',(159.73699996978,-92.44240203022,1.545));
#3833 = DIRECTION('',(0.,0.,-1.));
#3834 = DIRECTION('',(2.225354918688E-08,1.,0.));
#3835 = ORIENTED_EDGE('',*,*,#3836,.F.);
#3836 = EDGE_CURVE('',#3837,#3828,#3839,.T.);
#3837 = VERTEX_POINT('',#3838);
#3838 = CARTESIAN_POINT('',(161.095,-92.442402,1.51));
#3839 = LINE('',#3840,#3841);
#3840 = CARTESIAN_POINT('',(161.095,-92.442402,1.51));
#3841 = VECTOR('',#3842,1.);
#3842 = DIRECTION('',(0.,0.,1.));
#3843 = ORIENTED_EDGE('',*,*,#3844,.F.);
#3844 = EDGE_CURVE('',#3805,#3837,#3845,.T.);
#3845 = CIRCLE('',#3846,1.35800003022);
#3846 = AXIS2_PLACEMENT_3D('',#3847,#3848,#3849);
#3847 = CARTESIAN_POINT('',(159.73699996978,-92.44240203022,1.51));
#3848 = DIRECTION('',(0.,0.,-1.));
#3849 = DIRECTION('',(2.225354918688E-08,1.,0.));
#3850 = CYLINDRICAL_SURFACE('',#3851,1.35800003022);
#3851 = AXIS2_PLACEMENT_3D('',#3852,#3853,#3854);
#3852 = CARTESIAN_POINT('',(159.73699996978,-92.44240203022,1.51));
#3853 = DIRECTION('',(0.,0.,-1.));
#3854 = DIRECTION('',(2.225354918688E-08,1.,0.));
#3855 = ADVANCED_FACE('',(#3856),#3881,.T.);
#3856 = FACE_BOUND('',#3857,.T.);
#3857 = EDGE_LOOP('',(#3858,#3859,#3867,#3875));
#3858 = ORIENTED_EDGE('',*,*,#3836,.T.);
#3859 = ORIENTED_EDGE('',*,*,#3860,.T.);
#3860 = EDGE_CURVE('',#3828,#3861,#3863,.T.);
#3861 = VERTEX_POINT('',#3862);
#3862 = CARTESIAN_POINT('',(161.095,-92.996402,1.545));
#3863 = LINE('',#3864,#3865);
#3864 = CARTESIAN_POINT('',(161.095,-92.442402,1.545));
#3865 = VECTOR('',#3866,1.);
#3866 = DIRECTION('',(0.,-1.,0.));
#3867 = ORIENTED_EDGE('',*,*,#3868,.F.);
#3868 = EDGE_CURVE('',#3869,#3861,#3871,.T.);
#3869 = VERTEX_POINT('',#3870);
#3870 = CARTESIAN_POINT('',(161.095,-92.996402,1.51));
#3871 = LINE('',#3872,#3873);
#3872 = CARTESIAN_POINT('',(161.095,-92.996402,1.51));
#3873 = VECTOR('',#3874,1.);
#3874 = DIRECTION('',(0.,0.,1.));
#3875 = ORIENTED_EDGE('',*,*,#3876,.F.);
#3876 = EDGE_CURVE('',#3837,#3869,#3877,.T.);
#3877 = LINE('',#3878,#3879);
#3878 = CARTESIAN_POINT('',(161.095,-92.442402,1.51));
#3879 = VECTOR('',#3880,1.);
#3880 = DIRECTION('',(0.,-1.,0.));
#3881 = PLANE('',#3882);
#3882 = AXIS2_PLACEMENT_3D('',#3883,#3884,#3885);
#3883 = CARTESIAN_POINT('',(161.095,-92.442402,1.51));
#3884 = DIRECTION('',(1.,0.,-0.));
#3885 = DIRECTION('',(0.,-1.,0.));
#3886 = ADVANCED_FACE('',(#3887),#3914,.T.);
#3887 = FACE_BOUND('',#3888,.T.);
#3888 = EDGE_LOOP('',(#3889,#3890,#3899,#3907));
#3889 = ORIENTED_EDGE('',*,*,#3868,.T.);
#3890 = ORIENTED_EDGE('',*,*,#3891,.T.);
#3891 = EDGE_CURVE('',#3861,#3892,#3894,.T.);
#3892 = VERTEX_POINT('',#3893);
#3893 = CARTESIAN_POINT('',(159.737,-94.354402,1.545));
#3894 = CIRCLE('',#3895,1.35800003022);
#3895 = AXIS2_PLACEMENT_3D('',#3896,#3897,#3898);
#3896 = CARTESIAN_POINT('',(159.73699996978,-92.99640196978,1.545));
#3897 = DIRECTION('',(0.,0.,-1.));
#3898 = DIRECTION('',(1.,-2.225354918688E-08,0.));
#3899 = ORIENTED_EDGE('',*,*,#3900,.F.);
#3900 = EDGE_CURVE('',#3901,#3892,#3903,.T.);
#3901 = VERTEX_POINT('',#3902);
#3902 = CARTESIAN_POINT('',(159.737,-94.354402,1.51));
#3903 = LINE('',#3904,#3905);
#3904 = CARTESIAN_POINT('',(159.737,-94.354402,1.51));
#3905 = VECTOR('',#3906,1.);
#3906 = DIRECTION('',(0.,0.,1.));
#3907 = ORIENTED_EDGE('',*,*,#3908,.F.);
#3908 = EDGE_CURVE('',#3869,#3901,#3909,.T.);
#3909 = CIRCLE('',#3910,1.35800003022);
#3910 = AXIS2_PLACEMENT_3D('',#3911,#3912,#3913);
#3911 = CARTESIAN_POINT('',(159.73699996978,-92.99640196978,1.51));
#3912 = DIRECTION('',(0.,0.,-1.));
#3913 = DIRECTION('',(1.,-2.225354918688E-08,0.));
#3914 = CYLINDRICAL_SURFACE('',#3915,1.35800003022);
#3915 = AXIS2_PLACEMENT_3D('',#3916,#3917,#3918);
#3916 = CARTESIAN_POINT('',(159.73699996978,-92.99640196978,1.51));
#3917 = DIRECTION('',(0.,0.,-1.));
#3918 = DIRECTION('',(1.,-2.225354918688E-08,0.));
#3919 = ADVANCED_FACE('',(#3920),#3945,.T.);
#3920 = FACE_BOUND('',#3921,.T.);
#3921 = EDGE_LOOP('',(#3922,#3923,#3931,#3939));
#3922 = ORIENTED_EDGE('',*,*,#3900,.T.);
#3923 = ORIENTED_EDGE('',*,*,#3924,.T.);
#3924 = EDGE_CURVE('',#3892,#3925,#3927,.T.);
#3925 = VERTEX_POINT('',#3926);
#3926 = CARTESIAN_POINT('',(135.328495,-94.354403,1.545));
#3927 = LINE('',#3928,#3929);
#3928 = CARTESIAN_POINT('',(159.737,-94.354402,1.545));
#3929 = VECTOR('',#3930,1.);
#3930 = DIRECTION('',(-1.,-4.09693265395E-08,0.));
#3931 = ORIENTED_EDGE('',*,*,#3932,.F.);
#3932 = EDGE_CURVE('',#3933,#3925,#3935,.T.);
#3933 = VERTEX_POINT('',#3934);
#3934 = CARTESIAN_POINT('',(135.328495,-94.354403,1.51));
#3935 = LINE('',#3936,#3937);
#3936 = CARTESIAN_POINT('',(135.328495,-94.354403,1.51));
#3937 = VECTOR('',#3938,1.);
#3938 = DIRECTION('',(0.,0.,1.));
#3939 = ORIENTED_EDGE('',*,*,#3940,.F.);
#3940 = EDGE_CURVE('',#3901,#3933,#3941,.T.);
#3941 = LINE('',#3942,#3943);
#3942 = CARTESIAN_POINT('',(159.737,-94.354402,1.51));
#3943 = VECTOR('',#3944,1.);
#3944 = DIRECTION('',(-1.,-4.09693265395E-08,0.));
#3945 = PLANE('',#3946);
#3946 = AXIS2_PLACEMENT_3D('',#3947,#3948,#3949);
#3947 = CARTESIAN_POINT('',(159.737,-94.354402,1.51));
#3948 = DIRECTION('',(4.09693265395E-08,-1.,0.));
#3949 = DIRECTION('',(-1.,-4.09693265395E-08,0.));
#3950 = ADVANCED_FACE('',(#3951),#3978,.F.);
#3951 = FACE_BOUND('',#3952,.T.);
#3952 = EDGE_LOOP('',(#3953,#3954,#3963,#3971));
#3953 = ORIENTED_EDGE('',*,*,#3932,.T.);
#3954 = ORIENTED_EDGE('',*,*,#3955,.T.);
#3955 = EDGE_CURVE('',#3925,#3956,#3958,.T.);
#3956 = VERTEX_POINT('',#3957);
#3957 = CARTESIAN_POINT('',(134.555001,-95.127897,1.545));
#3958 = CIRCLE('',#3959,0.862152239152);
#3959 = AXIS2_PLACEMENT_3D('',#3960,#3961,#3962);
#3960 = CARTESIAN_POINT('',(135.41300164691,-95.21240364691,1.545));
#3961 = DIRECTION('',(0.,0.,1.));
#3962 = DIRECTION('',(-9.801824210969E-02,0.995184618156,0.));
#3963 = ORIENTED_EDGE('',*,*,#3964,.F.);
#3964 = EDGE_CURVE('',#3965,#3956,#3967,.T.);
#3965 = VERTEX_POINT('',#3966);
#3966 = CARTESIAN_POINT('',(134.555001,-95.127897,1.51));
#3967 = LINE('',#3968,#3969);
#3968 = CARTESIAN_POINT('',(134.555001,-95.127897,1.51));
#3969 = VECTOR('',#3970,1.);
#3970 = DIRECTION('',(0.,0.,1.));
#3971 = ORIENTED_EDGE('',*,*,#3972,.F.);
#3972 = EDGE_CURVE('',#3933,#3965,#3973,.T.);
#3973 = CIRCLE('',#3974,0.862152239152);
#3974 = AXIS2_PLACEMENT_3D('',#3975,#3976,#3977);
#3975 = CARTESIAN_POINT('',(135.41300164691,-95.21240364691,1.51));
#3976 = DIRECTION('',(0.,0.,1.));
#3977 = DIRECTION('',(-9.801824210969E-02,0.995184618156,0.));
#3978 = CYLINDRICAL_SURFACE('',#3979,0.862152239152);
#3979 = AXIS2_PLACEMENT_3D('',#3980,#3981,#3982);
#3980 = CARTESIAN_POINT('',(135.41300164691,-95.21240364691,1.51));
#3981 = DIRECTION('',(-0.,-0.,-1.));
#3982 = DIRECTION('',(-9.801824210969E-02,0.995184618156,0.));
#3983 = ADVANCED_FACE('',(#3984),#4009,.T.);
#3984 = FACE_BOUND('',#3985,.T.);
#3985 = EDGE_LOOP('',(#3986,#3987,#3995,#4003));
#3986 = ORIENTED_EDGE('',*,*,#3964,.T.);
#3987 = ORIENTED_EDGE('',*,*,#3988,.T.);
#3988 = EDGE_CURVE('',#3956,#3989,#3991,.T.);
#3989 = VERTEX_POINT('',#3990);
#3990 = CARTESIAN_POINT('',(134.555001,-95.850907,1.545));
#3991 = LINE('',#3992,#3993);
#3992 = CARTESIAN_POINT('',(134.555001,-95.127897,1.545));
#3993 = VECTOR('',#3994,1.);
#3994 = DIRECTION('',(0.,-1.,0.));
#3995 = ORIENTED_EDGE('',*,*,#3996,.F.);
#3996 = EDGE_CURVE('',#3997,#3989,#3999,.T.);
#3997 = VERTEX_POINT('',#3998);
#3998 = CARTESIAN_POINT('',(134.555001,-95.850907,1.51));
#3999 = LINE('',#4000,#4001);
#4000 = CARTESIAN_POINT('',(134.555001,-95.850907,1.51));
#4001 = VECTOR('',#4002,1.);
#4002 = DIRECTION('',(0.,0.,1.));
#4003 = ORIENTED_EDGE('',*,*,#4004,.F.);
#4004 = EDGE_CURVE('',#3965,#3997,#4005,.T.);
#4005 = LINE('',#4006,#4007);
#4006 = CARTESIAN_POINT('',(134.555001,-95.127897,1.51));
#4007 = VECTOR('',#4008,1.);
#4008 = DIRECTION('',(0.,-1.,0.));
#4009 = PLANE('',#4010);
#4010 = AXIS2_PLACEMENT_3D('',#4011,#4012,#4013);
#4011 = CARTESIAN_POINT('',(134.555001,-95.127897,1.51));
#4012 = DIRECTION('',(1.,0.,-0.));
#4013 = DIRECTION('',(0.,-1.,0.));
#4014 = ADVANCED_FACE('',(#4015),#4042,.F.);
#4015 = FACE_BOUND('',#4016,.T.);
#4016 = EDGE_LOOP('',(#4017,#4018,#4027,#4035));
#4017 = ORIENTED_EDGE('',*,*,#3996,.T.);
#4018 = ORIENTED_EDGE('',*,*,#4019,.T.);
#4019 = EDGE_CURVE('',#3989,#4020,#4022,.T.);
#4020 = VERTEX_POINT('',#4021);
#4021 = CARTESIAN_POINT('',(135.328495,-96.624401,1.545));
#4022 = CIRCLE('',#4023,0.862152239152);
#4023 = AXIS2_PLACEMENT_3D('',#4024,#4025,#4026);
#4024 = CARTESIAN_POINT('',(135.41300164691,-95.76640035308,1.545));
#4025 = DIRECTION('',(0.,0.,1.));
#4026 = DIRECTION('',(-0.995184618156,-9.80182421096E-02,0.));
#4027 = ORIENTED_EDGE('',*,*,#4028,.F.);
#4028 = EDGE_CURVE('',#4029,#4020,#4031,.T.);
#4029 = VERTEX_POINT('',#4030);
#4030 = CARTESIAN_POINT('',(135.328495,-96.624401,1.51));
#4031 = LINE('',#4032,#4033);
#4032 = CARTESIAN_POINT('',(135.328495,-96.624401,1.51));
#4033 = VECTOR('',#4034,1.);
#4034 = DIRECTION('',(0.,0.,1.));
#4035 = ORIENTED_EDGE('',*,*,#4036,.F.);
#4036 = EDGE_CURVE('',#3997,#4029,#4037,.T.);
#4037 = CIRCLE('',#4038,0.862152239152);
#4038 = AXIS2_PLACEMENT_3D('',#4039,#4040,#4041);
#4039 = CARTESIAN_POINT('',(135.41300164691,-95.76640035308,1.51));
#4040 = DIRECTION('',(0.,0.,1.));
#4041 = DIRECTION('',(-0.995184618156,-9.80182421096E-02,0.));
#4042 = CYLINDRICAL_SURFACE('',#4043,0.862152239152);
#4043 = AXIS2_PLACEMENT_3D('',#4044,#4045,#4046);
#4044 = CARTESIAN_POINT('',(135.41300164691,-95.76640035308,1.51));
#4045 = DIRECTION('',(-0.,-0.,-1.));
#4046 = DIRECTION('',(-0.995184618156,-9.80182421096E-02,0.));
#4047 = ADVANCED_FACE('',(#4048),#4073,.T.);
#4048 = FACE_BOUND('',#4049,.T.);
#4049 = EDGE_LOOP('',(#4050,#4051,#4059,#4067));
#4050 = ORIENTED_EDGE('',*,*,#4028,.T.);
#4051 = ORIENTED_EDGE('',*,*,#4052,.T.);
#4052 = EDGE_CURVE('',#4020,#4053,#4055,.T.);
#4053 = VERTEX_POINT('',#4054);
#4054 = CARTESIAN_POINT('',(159.737,-96.624402,1.545));
#4055 = LINE('',#4056,#4057);
#4056 = CARTESIAN_POINT('',(135.328495,-96.624401,1.545));
#4057 = VECTOR('',#4058,1.);
#4058 = DIRECTION('',(1.,-4.096932595729E-08,0.));
#4059 = ORIENTED_EDGE('',*,*,#4060,.F.);
#4060 = EDGE_CURVE('',#4061,#4053,#4063,.T.);
#4061 = VERTEX_POINT('',#4062);
#4062 = CARTESIAN_POINT('',(159.737,-96.624402,1.51));
#4063 = LINE('',#4064,#4065);
#4064 = CARTESIAN_POINT('',(159.737,-96.624402,1.51));
#4065 = VECTOR('',#4066,1.);
#4066 = DIRECTION('',(0.,0.,1.));
#4067 = ORIENTED_EDGE('',*,*,#4068,.F.);
#4068 = EDGE_CURVE('',#4029,#4061,#4069,.T.);
#4069 = LINE('',#4070,#4071);
#4070 = CARTESIAN_POINT('',(135.328495,-96.624401,1.51));
#4071 = VECTOR('',#4072,1.);
#4072 = DIRECTION('',(1.,-4.096932595729E-08,0.));
#4073 = PLANE('',#4074);
#4074 = AXIS2_PLACEMENT_3D('',#4075,#4076,#4077);
#4075 = CARTESIAN_POINT('',(135.328495,-96.624401,1.51));
#4076 = DIRECTION('',(4.096932595729E-08,1.,-0.));
#4077 = DIRECTION('',(1.,-4.096932595729E-08,0.));
#4078 = ADVANCED_FACE('',(#4079),#4106,.T.);
#4079 = FACE_BOUND('',#4080,.T.);
#4080 = EDGE_LOOP('',(#4081,#4082,#4091,#4099));
#4081 = ORIENTED_EDGE('',*,*,#4060,.T.);
#4082 = ORIENTED_EDGE('',*,*,#4083,.T.);
#4083 = EDGE_CURVE('',#4053,#4084,#4086,.T.);
#4084 = VERTEX_POINT('',#4085);
#4085 = CARTESIAN_POINT('',(161.095,-97.982402,1.545));
#4086 = CIRCLE('',#4087,1.35800003022);
#4087 = AXIS2_PLACEMENT_3D('',#4088,#4089,#4090);
#4088 = CARTESIAN_POINT('',(159.73699996978,-97.98240203022,1.545));
#4089 = DIRECTION('',(0.,0.,-1.));
#4090 = DIRECTION('',(2.225354918688E-08,1.,0.));
#4091 = ORIENTED_EDGE('',*,*,#4092,.F.);
#4092 = EDGE_CURVE('',#4093,#4084,#4095,.T.);
#4093 = VERTEX_POINT('',#4094);
#4094 = CARTESIAN_POINT('',(161.095,-97.982402,1.51));
#4095 = LINE('',#4096,#4097);
#4096 = CARTESIAN_POINT('',(161.095,-97.982402,1.51));
#4097 = VECTOR('',#4098,1.);
#4098 = DIRECTION('',(0.,0.,1.));
#4099 = ORIENTED_EDGE('',*,*,#4100,.F.);
#4100 = EDGE_CURVE('',#4061,#4093,#4101,.T.);
#4101 = CIRCLE('',#4102,1.35800003022);
#4102 = AXIS2_PLACEMENT_3D('',#4103,#4104,#4105);
#4103 = CARTESIAN_POINT('',(159.73699996978,-97.98240203022,1.51));
#4104 = DIRECTION('',(0.,0.,-1.));
#4105 = DIRECTION('',(2.225354918688E-08,1.,0.));
#4106 = CYLINDRICAL_SURFACE('',#4107,1.35800003022);
#4107 = AXIS2_PLACEMENT_3D('',#4108,#4109,#4110);
#4108 = CARTESIAN_POINT('',(159.73699996978,-97.98240203022,1.51));
#4109 = DIRECTION('',(0.,0.,-1.));
#4110 = DIRECTION('',(2.225354918688E-08,1.,0.));
#4111 = ADVANCED_FACE('',(#4112),#4137,.T.);
#4112 = FACE_BOUND('',#4113,.T.);
#4113 = EDGE_LOOP('',(#4114,#4115,#4123,#4131));
#4114 = ORIENTED_EDGE('',*,*,#4092,.T.);
#4115 = ORIENTED_EDGE('',*,*,#4116,.T.);
#4116 = EDGE_CURVE('',#4084,#4117,#4119,.T.);
#4117 = VERTEX_POINT('',#4118);
#4118 = CARTESIAN_POINT('',(161.095,-98.536402,1.545));
#4119 = LINE('',#4120,#4121);
#4120 = CARTESIAN_POINT('',(161.095,-97.982402,1.545));
#4121 = VECTOR('',#4122,1.);
#4122 = DIRECTION('',(0.,-1.,0.));
#4123 = ORIENTED_EDGE('',*,*,#4124,.F.);
#4124 = EDGE_CURVE('',#4125,#4117,#4127,.T.);
#4125 = VERTEX_POINT('',#4126);
#4126 = CARTESIAN_POINT('',(161.095,-98.536402,1.51));
#4127 = LINE('',#4128,#4129);
#4128 = CARTESIAN_POINT('',(161.095,-98.536402,1.51));
#4129 = VECTOR('',#4130,1.);
#4130 = DIRECTION('',(0.,0.,1.));
#4131 = ORIENTED_EDGE('',*,*,#4132,.F.);
#4132 = EDGE_CURVE('',#4093,#4125,#4133,.T.);
#4133 = LINE('',#4134,#4135);
#4134 = CARTESIAN_POINT('',(161.095,-97.982402,1.51));
#4135 = VECTOR('',#4136,1.);
#4136 = DIRECTION('',(0.,-1.,0.));
#4137 = PLANE('',#4138);
#4138 = AXIS2_PLACEMENT_3D('',#4139,#4140,#4141);
#4139 = CARTESIAN_POINT('',(161.095,-97.982402,1.51));
#4140 = DIRECTION('',(1.,0.,-0.));
#4141 = DIRECTION('',(0.,-1.,0.));
#4142 = ADVANCED_FACE('',(#4143),#4170,.T.);
#4143 = FACE_BOUND('',#4144,.T.);
#4144 = EDGE_LOOP('',(#4145,#4146,#4155,#4163));
#4145 = ORIENTED_EDGE('',*,*,#4124,.T.);
#4146 = ORIENTED_EDGE('',*,*,#4147,.T.);
#4147 = EDGE_CURVE('',#4117,#4148,#4150,.T.);
#4148 = VERTEX_POINT('',#4149);
#4149 = CARTESIAN_POINT('',(159.737,-99.894402,1.545));
#4150 = CIRCLE('',#4151,1.35800003022);
#4151 = AXIS2_PLACEMENT_3D('',#4152,#4153,#4154);
#4152 = CARTESIAN_POINT('',(159.73699996978,-98.53640196978,1.545));
#4153 = DIRECTION('',(0.,0.,-1.));
#4154 = DIRECTION('',(1.,-2.225355965142E-08,0.));
#4155 = ORIENTED_EDGE('',*,*,#4156,.F.);
#4156 = EDGE_CURVE('',#4157,#4148,#4159,.T.);
#4157 = VERTEX_POINT('',#4158);
#4158 = CARTESIAN_POINT('',(159.737,-99.894402,1.51));
#4159 = LINE('',#4160,#4161);
#4160 = CARTESIAN_POINT('',(159.737,-99.894402,1.51));
#4161 = VECTOR('',#4162,1.);
#4162 = DIRECTION('',(0.,0.,1.));
#4163 = ORIENTED_EDGE('',*,*,#4164,.F.);
#4164 = EDGE_CURVE('',#4125,#4157,#4165,.T.);
#4165 = CIRCLE('',#4166,1.35800003022);
#4166 = AXIS2_PLACEMENT_3D('',#4167,#4168,#4169);
#4167 = CARTESIAN_POINT('',(159.73699996978,-98.53640196978,1.51));
#4168 = DIRECTION('',(0.,0.,-1.));
#4169 = DIRECTION('',(1.,-2.225355965142E-08,0.));
#4170 = CYLINDRICAL_SURFACE('',#4171,1.35800003022);
#4171 = AXIS2_PLACEMENT_3D('',#4172,#4173,#4174);
#4172 = CARTESIAN_POINT('',(159.73699996978,-98.53640196978,1.51));
#4173 = DIRECTION('',(0.,0.,-1.));
#4174 = DIRECTION('',(1.,-2.225355965142E-08,0.));
#4175 = ADVANCED_FACE('',(#4176),#4201,.T.);
#4176 = FACE_BOUND('',#4177,.T.);
#4177 = EDGE_LOOP('',(#4178,#4179,#4187,#4195));
#4178 = ORIENTED_EDGE('',*,*,#4156,.T.);
#4179 = ORIENTED_EDGE('',*,*,#4180,.T.);
#4180 = EDGE_CURVE('',#4148,#4181,#4183,.T.);
#4181 = VERTEX_POINT('',#4182);
#4182 = CARTESIAN_POINT('',(135.378495,-99.894403,1.545));
#4183 = LINE('',#4184,#4185);
#4184 = CARTESIAN_POINT('',(159.737,-99.894402,1.545));
#4185 = VECTOR('',#4186,1.);
#4186 = DIRECTION('',(-1.,-4.105342250993E-08,0.));
#4187 = ORIENTED_EDGE('',*,*,#4188,.F.);
#4188 = EDGE_CURVE('',#4189,#4181,#4191,.T.);
#4189 = VERTEX_POINT('',#4190);
#4190 = CARTESIAN_POINT('',(135.378495,-99.894403,1.51));
#4191 = LINE('',#4192,#4193);
#4192 = CARTESIAN_POINT('',(135.378495,-99.894403,1.51));
#4193 = VECTOR('',#4194,1.);
#4194 = DIRECTION('',(0.,0.,1.));
#4195 = ORIENTED_EDGE('',*,*,#4196,.F.);
#4196 = EDGE_CURVE('',#4157,#4189,#4197,.T.);
#4197 = LINE('',#4198,#4199);
#4198 = CARTESIAN_POINT('',(159.737,-99.894402,1.51));
#4199 = VECTOR('',#4200,1.);
#4200 = DIRECTION('',(-1.,-4.105342250993E-08,0.));
#4201 = PLANE('',#4202);
#4202 = AXIS2_PLACEMENT_3D('',#4203,#4204,#4205);
#4203 = CARTESIAN_POINT('',(159.737,-99.894402,1.51));
#4204 = DIRECTION('',(4.105342250993E-08,-1.,0.));
#4205 = DIRECTION('',(-1.,-4.105342250993E-08,0.));
#4206 = ADVANCED_FACE('',(#4207),#4234,.F.);
#4207 = FACE_BOUND('',#4208,.T.);
#4208 = EDGE_LOOP('',(#4209,#4210,#4219,#4227));
#4209 = ORIENTED_EDGE('',*,*,#4188,.T.);
#4210 = ORIENTED_EDGE('',*,*,#4211,.T.);
#4211 = EDGE_CURVE('',#4181,#4212,#4214,.T.);
#4212 = VERTEX_POINT('',#4213);
#4213 = CARTESIAN_POINT('',(134.605001,-100.667897,1.545));
#4214 = CIRCLE('',#4215,0.862152239152);
#4215 = AXIS2_PLACEMENT_3D('',#4216,#4217,#4218);
#4216 = CARTESIAN_POINT('',(135.46300164691,-100.7524036469,1.545));
#4217 = DIRECTION('',(0.,0.,1.));
#4218 = DIRECTION('',(-9.801824210963E-02,0.995184618156,0.));
#4219 = ORIENTED_EDGE('',*,*,#4220,.F.);
#4220 = EDGE_CURVE('',#4221,#4212,#4223,.T.);
#4221 = VERTEX_POINT('',#4222);
#4222 = CARTESIAN_POINT('',(134.605001,-100.667897,1.51));
#4223 = LINE('',#4224,#4225);
#4224 = CARTESIAN_POINT('',(134.605001,-100.667897,1.51));
#4225 = VECTOR('',#4226,1.);
#4226 = DIRECTION('',(0.,0.,1.));
#4227 = ORIENTED_EDGE('',*,*,#4228,.F.);
#4228 = EDGE_CURVE('',#4189,#4221,#4229,.T.);
#4229 = CIRCLE('',#4230,0.862152239152);
#4230 = AXIS2_PLACEMENT_3D('',#4231,#4232,#4233);
#4231 = CARTESIAN_POINT('',(135.46300164691,-100.7524036469,1.51));
#4232 = DIRECTION('',(0.,0.,1.));
#4233 = DIRECTION('',(-9.801824210963E-02,0.995184618156,0.));
#4234 = CYLINDRICAL_SURFACE('',#4235,0.862152239152);
#4235 = AXIS2_PLACEMENT_3D('',#4236,#4237,#4238);
#4236 = CARTESIAN_POINT('',(135.46300164691,-100.7524036469,1.51));
#4237 = DIRECTION('',(-0.,-0.,-1.));
#4238 = DIRECTION('',(-9.801824210963E-02,0.995184618156,0.));
#4239 = ADVANCED_FACE('',(#4240),#4265,.T.);
#4240 = FACE_BOUND('',#4241,.T.);
#4241 = EDGE_LOOP('',(#4242,#4243,#4251,#4259));
#4242 = ORIENTED_EDGE('',*,*,#4220,.T.);
#4243 = ORIENTED_EDGE('',*,*,#4244,.T.);
#4244 = EDGE_CURVE('',#4212,#4245,#4247,.T.);
#4245 = VERTEX_POINT('',#4246);
#4246 = CARTESIAN_POINT('',(134.605001,-101.390907,1.545));
#4247 = LINE('',#4248,#4249);
#4248 = CARTESIAN_POINT('',(134.605001,-100.667897,1.545));
#4249 = VECTOR('',#4250,1.);
#4250 = DIRECTION('',(0.,-1.,0.));
#4251 = ORIENTED_EDGE('',*,*,#4252,.F.);
#4252 = EDGE_CURVE('',#4253,#4245,#4255,.T.);
#4253 = VERTEX_POINT('',#4254);
#4254 = CARTESIAN_POINT('',(134.605001,-101.390907,1.51));
#4255 = LINE('',#4256,#4257);
#4256 = CARTESIAN_POINT('',(134.605001,-101.390907,1.51));
#4257 = VECTOR('',#4258,1.);
#4258 = DIRECTION('',(0.,0.,1.));
#4259 = ORIENTED_EDGE('',*,*,#4260,.F.);
#4260 = EDGE_CURVE('',#4221,#4253,#4261,.T.);
#4261 = LINE('',#4262,#4263);
#4262 = CARTESIAN_POINT('',(134.605001,-100.667897,1.51));
#4263 = VECTOR('',#4264,1.);
#4264 = DIRECTION('',(0.,-1.,0.));
#4265 = PLANE('',#4266);
#4266 = AXIS2_PLACEMENT_3D('',#4267,#4268,#4269);
#4267 = CARTESIAN_POINT('',(134.605001,-100.667897,1.51));
#4268 = DIRECTION('',(1.,0.,-0.));
#4269 = DIRECTION('',(0.,-1.,0.));
#4270 = ADVANCED_FACE('',(#4271),#4298,.F.);
#4271 = FACE_BOUND('',#4272,.T.);
#4272 = EDGE_LOOP('',(#4273,#4274,#4283,#4291));
#4273 = ORIENTED_EDGE('',*,*,#4252,.T.);
#4274 = ORIENTED_EDGE('',*,*,#4275,.T.);
#4275 = EDGE_CURVE('',#4245,#4276,#4278,.T.);
#4276 = VERTEX_POINT('',#4277);
#4277 = CARTESIAN_POINT('',(135.378495,-102.164401,1.545));
#4278 = CIRCLE('',#4279,0.862152239152);
#4279 = AXIS2_PLACEMENT_3D('',#4280,#4281,#4282);
#4280 = CARTESIAN_POINT('',(135.46300164691,-101.306400353,1.545));
#4281 = DIRECTION('',(0.,0.,1.));
#4282 = DIRECTION('',(-0.995184618156,-9.801824210965E-02,0.));
#4283 = ORIENTED_EDGE('',*,*,#4284,.F.);
#4284 = EDGE_CURVE('',#4285,#4276,#4287,.T.);
#4285 = VERTEX_POINT('',#4286);
#4286 = CARTESIAN_POINT('',(135.378495,-102.164401,1.51));
#4287 = LINE('',#4288,#4289);
#4288 = CARTESIAN_POINT('',(135.378495,-102.164401,1.51));
#4289 = VECTOR('',#4290,1.);
#4290 = DIRECTION('',(0.,0.,1.));
#4291 = ORIENTED_EDGE('',*,*,#4292,.F.);
#4292 = EDGE_CURVE('',#4253,#4285,#4293,.T.);
#4293 = CIRCLE('',#4294,0.862152239152);
#4294 = AXIS2_PLACEMENT_3D('',#4295,#4296,#4297);
#4295 = CARTESIAN_POINT('',(135.46300164691,-101.306400353,1.51));
#4296 = DIRECTION('',(0.,0.,1.));
#4297 = DIRECTION('',(-0.995184618156,-9.801824210965E-02,0.));
#4298 = CYLINDRICAL_SURFACE('',#4299,0.862152239152);
#4299 = AXIS2_PLACEMENT_3D('',#4300,#4301,#4302);
#4300 = CARTESIAN_POINT('',(135.46300164691,-101.306400353,1.51));
#4301 = DIRECTION('',(-0.,-0.,-1.));
#4302 = DIRECTION('',(-0.995184618156,-9.801824210965E-02,0.));
#4303 = ADVANCED_FACE('',(#4304),#4329,.T.);
#4304 = FACE_BOUND('',#4305,.T.);
#4305 = EDGE_LOOP('',(#4306,#4307,#4315,#4323));
#4306 = ORIENTED_EDGE('',*,*,#4284,.T.);
#4307 = ORIENTED_EDGE('',*,*,#4308,.T.);
#4308 = EDGE_CURVE('',#4276,#4309,#4311,.T.);
#4309 = VERTEX_POINT('',#4310);
#4310 = CARTESIAN_POINT('',(159.737,-102.164402,1.545));
#4311 = LINE('',#4312,#4313);
#4312 = CARTESIAN_POINT('',(135.378495,-102.164401,1.545));
#4313 = VECTOR('',#4314,1.);
#4314 = DIRECTION('',(1.,-4.105342250993E-08,0.));
#4315 = ORIENTED_EDGE('',*,*,#4316,.F.);
#4316 = EDGE_CURVE('',#4317,#4309,#4319,.T.);
#4317 = VERTEX_POINT('',#4318);
#4318 = CARTESIAN_POINT('',(159.737,-102.164402,1.51));
#4319 = LINE('',#4320,#4321);
#4320 = CARTESIAN_POINT('',(159.737,-102.164402,1.51));
#4321 = VECTOR('',#4322,1.);
#4322 = DIRECTION('',(0.,0.,1.));
#4323 = ORIENTED_EDGE('',*,*,#4324,.F.);
#4324 = EDGE_CURVE('',#4285,#4317,#4325,.T.);
#4325 = LINE('',#4326,#4327);
#4326 = CARTESIAN_POINT('',(135.378495,-102.164401,1.51));
#4327 = VECTOR('',#4328,1.);
#4328 = DIRECTION('',(1.,-4.105342250993E-08,0.));
#4329 = PLANE('',#4330);
#4330 = AXIS2_PLACEMENT_3D('',#4331,#4332,#4333);
#4331 = CARTESIAN_POINT('',(135.378495,-102.164401,1.51));
#4332 = DIRECTION('',(4.105342250993E-08,1.,-0.));
#4333 = DIRECTION('',(1.,-4.105342250993E-08,0.));
#4334 = ADVANCED_FACE('',(#4335),#4362,.T.);
#4335 = FACE_BOUND('',#4336,.T.);
#4336 = EDGE_LOOP('',(#4337,#4338,#4347,#4355));
#4337 = ORIENTED_EDGE('',*,*,#4316,.T.);
#4338 = ORIENTED_EDGE('',*,*,#4339,.T.);
#4339 = EDGE_CURVE('',#4309,#4340,#4342,.T.);
#4340 = VERTEX_POINT('',#4341);
#4341 = CARTESIAN_POINT('',(161.095,-103.522402,1.545));
#4342 = CIRCLE('',#4343,1.35800003022);
#4343 = AXIS2_PLACEMENT_3D('',#4344,#4345,#4346);
#4344 = CARTESIAN_POINT('',(159.73699996978,-103.5224020302,1.545));
#4345 = DIRECTION('',(0.,0.,-1.));
#4346 = DIRECTION('',(2.225354918688E-08,1.,0.));
#4347 = ORIENTED_EDGE('',*,*,#4348,.F.);
#4348 = EDGE_CURVE('',#4349,#4340,#4351,.T.);
#4349 = VERTEX_POINT('',#4350);
#4350 = CARTESIAN_POINT('',(161.095,-103.522402,1.51));
#4351 = LINE('',#4352,#4353);
#4352 = CARTESIAN_POINT('',(161.095,-103.522402,1.51));
#4353 = VECTOR('',#4354,1.);
#4354 = DIRECTION('',(0.,0.,1.));
#4355 = ORIENTED_EDGE('',*,*,#4356,.F.);
#4356 = EDGE_CURVE('',#4317,#4349,#4357,.T.);
#4357 = CIRCLE('',#4358,1.35800003022);
#4358 = AXIS2_PLACEMENT_3D('',#4359,#4360,#4361);
#4359 = CARTESIAN_POINT('',(159.73699996978,-103.5224020302,1.51));
#4360 = DIRECTION('',(0.,0.,-1.));
#4361 = DIRECTION('',(2.225354918688E-08,1.,0.));
#4362 = CYLINDRICAL_SURFACE('',#4363,1.35800003022);
#4363 = AXIS2_PLACEMENT_3D('',#4364,#4365,#4366);
#4364 = CARTESIAN_POINT('',(159.73699996978,-103.5224020302,1.51));
#4365 = DIRECTION('',(0.,0.,-1.));
#4366 = DIRECTION('',(2.225354918688E-08,1.,0.));
#4367 = ADVANCED_FACE('',(#4368),#4393,.T.);
#4368 = FACE_BOUND('',#4369,.T.);
#4369 = EDGE_LOOP('',(#4370,#4371,#4379,#4387));
#4370 = ORIENTED_EDGE('',*,*,#4348,.T.);
#4371 = ORIENTED_EDGE('',*,*,#4372,.T.);
#4372 = EDGE_CURVE('',#4340,#4373,#4375,.T.);
#4373 = VERTEX_POINT('',#4374);
#4374 = CARTESIAN_POINT('',(161.095,-104.076402,1.545));
#4375 = LINE('',#4376,#4377);
#4376 = CARTESIAN_POINT('',(161.095,-103.522402,1.545));
#4377 = VECTOR('',#4378,1.);
#4378 = DIRECTION('',(0.,-1.,0.));
#4379 = ORIENTED_EDGE('',*,*,#4380,.F.);
#4380 = EDGE_CURVE('',#4381,#4373,#4383,.T.);
#4381 = VERTEX_POINT('',#4382);
#4382 = CARTESIAN_POINT('',(161.095,-104.076402,1.51));
#4383 = LINE('',#4384,#4385);
#4384 = CARTESIAN_POINT('',(161.095,-104.076402,1.51));
#4385 = VECTOR('',#4386,1.);
#4386 = DIRECTION('',(0.,0.,1.));
#4387 = ORIENTED_EDGE('',*,*,#4388,.F.);
#4388 = EDGE_CURVE('',#4349,#4381,#4389,.T.);
#4389 = LINE('',#4390,#4391);
#4390 = CARTESIAN_POINT('',(161.095,-103.522402,1.51));
#4391 = VECTOR('',#4392,1.);
#4392 = DIRECTION('',(0.,-1.,0.));
#4393 = PLANE('',#4394);
#4394 = AXIS2_PLACEMENT_3D('',#4395,#4396,#4397);
#4395 = CARTESIAN_POINT('',(161.095,-103.522402,1.51));
#4396 = DIRECTION('',(1.,0.,-0.));
#4397 = DIRECTION('',(0.,-1.,0.));
#4398 = ADVANCED_FACE('',(#4399),#4426,.T.);
#4399 = FACE_BOUND('',#4400,.T.);
#4400 = EDGE_LOOP('',(#4401,#4402,#4411,#4419));
#4401 = ORIENTED_EDGE('',*,*,#4380,.T.);
#4402 = ORIENTED_EDGE('',*,*,#4403,.T.);
#4403 = EDGE_CURVE('',#4373,#4404,#4406,.T.);
#4404 = VERTEX_POINT('',#4405);
#4405 = CARTESIAN_POINT('',(159.737,-105.434402,1.545));
#4406 = CIRCLE('',#4407,1.35800003022);
#4407 = AXIS2_PLACEMENT_3D('',#4408,#4409,#4410);
#4408 = CARTESIAN_POINT('',(159.73699996978,-104.0764019697,1.545));
#4409 = DIRECTION('',(0.,0.,-1.));
#4410 = DIRECTION('',(1.,-2.225355965142E-08,0.));
#4411 = ORIENTED_EDGE('',*,*,#4412,.F.);
#4412 = EDGE_CURVE('',#4413,#4404,#4415,.T.);
#4413 = VERTEX_POINT('',#4414);
#4414 = CARTESIAN_POINT('',(159.737,-105.434402,1.51));
#4415 = LINE('',#4416,#4417);
#4416 = CARTESIAN_POINT('',(159.737,-105.434402,1.51));
#4417 = VECTOR('',#4418,1.);
#4418 = DIRECTION('',(0.,0.,1.));
#4419 = ORIENTED_EDGE('',*,*,#4420,.F.);
#4420 = EDGE_CURVE('',#4381,#4413,#4421,.T.);
#4421 = CIRCLE('',#4422,1.35800003022);
#4422 = AXIS2_PLACEMENT_3D('',#4423,#4424,#4425);
#4423 = CARTESIAN_POINT('',(159.73699996978,-104.0764019697,1.51));
#4424 = DIRECTION('',(0.,0.,-1.));
#4425 = DIRECTION('',(1.,-2.225355965142E-08,0.));
#4426 = CYLINDRICAL_SURFACE('',#4427,1.35800003022);
#4427 = AXIS2_PLACEMENT_3D('',#4428,#4429,#4430);
#4428 = CARTESIAN_POINT('',(159.73699996978,-104.0764019697,1.51));
#4429 = DIRECTION('',(0.,0.,-1.));
#4430 = DIRECTION('',(1.,-2.225355965142E-08,0.));
#4431 = ADVANCED_FACE('',(#4432),#4457,.T.);
#4432 = FACE_BOUND('',#4433,.T.);
#4433 = EDGE_LOOP('',(#4434,#4435,#4443,#4451));
#4434 = ORIENTED_EDGE('',*,*,#4412,.T.);
#4435 = ORIENTED_EDGE('',*,*,#4436,.T.);
#4436 = EDGE_CURVE('',#4404,#4437,#4439,.T.);
#4437 = VERTEX_POINT('',#4438);
#4438 = CARTESIAN_POINT('',(135.428495,-105.434403,1.545));
#4439 = LINE('',#4440,#4441);
#4440 = CARTESIAN_POINT('',(159.737,-105.434402,1.545));
#4441 = VECTOR('',#4442,1.);
#4442 = DIRECTION('',(-1.,-4.113786501783E-08,0.));
#4443 = ORIENTED_EDGE('',*,*,#4444,.F.);
#4444 = EDGE_CURVE('',#4445,#4437,#4447,.T.);
#4445 = VERTEX_POINT('',#4446);
#4446 = CARTESIAN_POINT('',(135.428495,-105.434403,1.51));
#4447 = LINE('',#4448,#4449);
#4448 = CARTESIAN_POINT('',(135.428495,-105.434403,1.51));
#4449 = VECTOR('',#4450,1.);
#4450 = DIRECTION('',(0.,0.,1.));
#4451 = ORIENTED_EDGE('',*,*,#4452,.F.);
#4452 = EDGE_CURVE('',#4413,#4445,#4453,.T.);
#4453 = LINE('',#4454,#4455);
#4454 = CARTESIAN_POINT('',(159.737,-105.434402,1.51));
#4455 = VECTOR('',#4456,1.);
#4456 = DIRECTION('',(-1.,-4.113786501783E-08,0.));
#4457 = PLANE('',#4458);
#4458 = AXIS2_PLACEMENT_3D('',#4459,#4460,#4461);
#4459 = CARTESIAN_POINT('',(159.737,-105.434402,1.51));
#4460 = DIRECTION('',(4.113786501783E-08,-1.,0.));
#4461 = DIRECTION('',(-1.,-4.113786501783E-08,0.));
#4462 = ADVANCED_FACE('',(#4463),#4490,.F.);
#4463 = FACE_BOUND('',#4464,.T.);
#4464 = EDGE_LOOP('',(#4465,#4466,#4475,#4483));
#4465 = ORIENTED_EDGE('',*,*,#4444,.T.);
#4466 = ORIENTED_EDGE('',*,*,#4467,.T.);
#4467 = EDGE_CURVE('',#4437,#4468,#4470,.T.);
#4468 = VERTEX_POINT('',#4469);
#4469 = CARTESIAN_POINT('',(134.655001,-106.207897,1.545));
#4470 = CIRCLE('',#4471,0.862152239152);
#4471 = AXIS2_PLACEMENT_3D('',#4472,#4473,#4474);
#4472 = CARTESIAN_POINT('',(135.51300164691,-106.2924036469,1.545));
#4473 = DIRECTION('',(0.,0.,1.));
#4474 = DIRECTION('',(-9.801824210963E-02,0.995184618156,0.));
#4475 = ORIENTED_EDGE('',*,*,#4476,.F.);
#4476 = EDGE_CURVE('',#4477,#4468,#4479,.T.);
#4477 = VERTEX_POINT('',#4478);
#4478 = CARTESIAN_POINT('',(134.655001,-106.207897,1.51));
#4479 = LINE('',#4480,#4481);
#4480 = CARTESIAN_POINT('',(134.655001,-106.207897,1.51));
#4481 = VECTOR('',#4482,1.);
#4482 = DIRECTION('',(0.,0.,1.));
#4483 = ORIENTED_EDGE('',*,*,#4484,.F.);
#4484 = EDGE_CURVE('',#4445,#4477,#4485,.T.);
#4485 = CIRCLE('',#4486,0.862152239152);
#4486 = AXIS2_PLACEMENT_3D('',#4487,#4488,#4489);
#4487 = CARTESIAN_POINT('',(135.51300164691,-106.2924036469,1.51));
#4488 = DIRECTION('',(0.,0.,1.));
#4489 = DIRECTION('',(-9.801824210963E-02,0.995184618156,0.));
#4490 = CYLINDRICAL_SURFACE('',#4491,0.862152239152);
#4491 = AXIS2_PLACEMENT_3D('',#4492,#4493,#4494);
#4492 = CARTESIAN_POINT('',(135.51300164691,-106.2924036469,1.51));
#4493 = DIRECTION('',(-0.,-0.,-1.));
#4494 = DIRECTION('',(-9.801824210963E-02,0.995184618156,0.));
#4495 = ADVANCED_FACE('',(#4496),#4521,.T.);
#4496 = FACE_BOUND('',#4497,.T.);
#4497 = EDGE_LOOP('',(#4498,#4499,#4507,#4515));
#4498 = ORIENTED_EDGE('',*,*,#4476,.T.);
#4499 = ORIENTED_EDGE('',*,*,#4500,.T.);
#4500 = EDGE_CURVE('',#4468,#4501,#4503,.T.);
#4501 = VERTEX_POINT('',#4502);
#4502 = CARTESIAN_POINT('',(134.655001,-106.930907,1.545));
#4503 = LINE('',#4504,#4505);
#4504 = CARTESIAN_POINT('',(134.655001,-106.207897,1.545));
#4505 = VECTOR('',#4506,1.);
#4506 = DIRECTION('',(0.,-1.,0.));
#4507 = ORIENTED_EDGE('',*,*,#4508,.F.);
#4508 = EDGE_CURVE('',#4509,#4501,#4511,.T.);
#4509 = VERTEX_POINT('',#4510);
#4510 = CARTESIAN_POINT('',(134.655001,-106.930907,1.51));
#4511 = LINE('',#4512,#4513);
#4512 = CARTESIAN_POINT('',(134.655001,-106.930907,1.51));
#4513 = VECTOR('',#4514,1.);
#4514 = DIRECTION('',(0.,0.,1.));
#4515 = ORIENTED_EDGE('',*,*,#4516,.F.);
#4516 = EDGE_CURVE('',#4477,#4509,#4517,.T.);
#4517 = LINE('',#4518,#4519);
#4518 = CARTESIAN_POINT('',(134.655001,-106.207897,1.51));
#4519 = VECTOR('',#4520,1.);
#4520 = DIRECTION('',(0.,-1.,0.));
#4521 = PLANE('',#4522);
#4522 = AXIS2_PLACEMENT_3D('',#4523,#4524,#4525);
#4523 = CARTESIAN_POINT('',(134.655001,-106.207897,1.51));
#4524 = DIRECTION('',(1.,0.,-0.));
#4525 = DIRECTION('',(0.,-1.,0.));
#4526 = ADVANCED_FACE('',(#4527),#4554,.F.);
#4527 = FACE_BOUND('',#4528,.T.);
#4528 = EDGE_LOOP('',(#4529,#4530,#4539,#4547));
#4529 = ORIENTED_EDGE('',*,*,#4508,.T.);
#4530 = ORIENTED_EDGE('',*,*,#4531,.T.);
#4531 = EDGE_CURVE('',#4501,#4532,#4534,.T.);
#4532 = VERTEX_POINT('',#4533);
#4533 = CARTESIAN_POINT('',(135.428495,-107.704401,1.545));
#4534 = CIRCLE('',#4535,0.862152239152);
#4535 = AXIS2_PLACEMENT_3D('',#4536,#4537,#4538);
#4536 = CARTESIAN_POINT('',(135.51300164691,-106.846400353,1.545));
#4537 = DIRECTION('',(0.,0.,1.));
#4538 = DIRECTION('',(-0.995184618156,-9.801824210968E-02,0.));
#4539 = ORIENTED_EDGE('',*,*,#4540,.F.);
#4540 = EDGE_CURVE('',#4541,#4532,#4543,.T.);
#4541 = VERTEX_POINT('',#4542);
#4542 = CARTESIAN_POINT('',(135.428495,-107.704401,1.51));
#4543 = LINE('',#4544,#4545);
#4544 = CARTESIAN_POINT('',(135.428495,-107.704401,1.51));
#4545 = VECTOR('',#4546,1.);
#4546 = DIRECTION('',(0.,0.,1.));
#4547 = ORIENTED_EDGE('',*,*,#4548,.F.);
#4548 = EDGE_CURVE('',#4509,#4541,#4549,.T.);
#4549 = CIRCLE('',#4550,0.862152239152);
#4550 = AXIS2_PLACEMENT_3D('',#4551,#4552,#4553);
#4551 = CARTESIAN_POINT('',(135.51300164691,-106.846400353,1.51));
#4552 = DIRECTION('',(0.,0.,1.));
#4553 = DIRECTION('',(-0.995184618156,-9.801824210968E-02,0.));
#4554 = CYLINDRICAL_SURFACE('',#4555,0.862152239152);
#4555 = AXIS2_PLACEMENT_3D('',#4556,#4557,#4558);
#4556 = CARTESIAN_POINT('',(135.51300164691,-106.846400353,1.51));
#4557 = DIRECTION('',(-0.,-0.,-1.));
#4558 = DIRECTION('',(-0.995184618156,-9.801824210968E-02,0.));
#4559 = ADVANCED_FACE('',(#4560),#4585,.T.);
#4560 = FACE_BOUND('',#4561,.T.);
#4561 = EDGE_LOOP('',(#4562,#4563,#4571,#4579));
#4562 = ORIENTED_EDGE('',*,*,#4540,.T.);
#4563 = ORIENTED_EDGE('',*,*,#4564,.T.);
#4564 = EDGE_CURVE('',#4532,#4565,#4567,.T.);
#4565 = VERTEX_POINT('',#4566);
#4566 = CARTESIAN_POINT('',(159.737,-107.704402,1.545));
#4567 = LINE('',#4568,#4569);
#4568 = CARTESIAN_POINT('',(135.428495,-107.704401,1.545));
#4569 = VECTOR('',#4570,1.);
#4570 = DIRECTION('',(1.,-4.113786501783E-08,0.));
#4571 = ORIENTED_EDGE('',*,*,#4572,.F.);
#4572 = EDGE_CURVE('',#4573,#4565,#4575,.T.);
#4573 = VERTEX_POINT('',#4574);
#4574 = CARTESIAN_POINT('',(159.737,-107.704402,1.51));
#4575 = LINE('',#4576,#4577);
#4576 = CARTESIAN_POINT('',(159.737,-107.704402,1.51));
#4577 = VECTOR('',#4578,1.);
#4578 = DIRECTION('',(0.,0.,1.));
#4579 = ORIENTED_EDGE('',*,*,#4580,.F.);
#4580 = EDGE_CURVE('',#4541,#4573,#4581,.T.);
#4581 = LINE('',#4582,#4583);
#4582 = CARTESIAN_POINT('',(135.428495,-107.704401,1.51));
#4583 = VECTOR('',#4584,1.);
#4584 = DIRECTION('',(1.,-4.113786501783E-08,0.));
#4585 = PLANE('',#4586);
#4586 = AXIS2_PLACEMENT_3D('',#4587,#4588,#4589);
#4587 = CARTESIAN_POINT('',(135.428495,-107.704401,1.51));
#4588 = DIRECTION('',(4.113786501783E-08,1.,-0.));
#4589 = DIRECTION('',(1.,-4.113786501783E-08,0.));
#4590 = ADVANCED_FACE('',(#4591),#4618,.T.);
#4591 = FACE_BOUND('',#4592,.T.);
#4592 = EDGE_LOOP('',(#4593,#4594,#4603,#4611));
#4593 = ORIENTED_EDGE('',*,*,#4572,.T.);
#4594 = ORIENTED_EDGE('',*,*,#4595,.T.);
#4595 = EDGE_CURVE('',#4565,#4596,#4598,.T.);
#4596 = VERTEX_POINT('',#4597);
#4597 = CARTESIAN_POINT('',(161.095,-109.062402,1.545));
#4598 = CIRCLE('',#4599,1.35800003022);
#4599 = AXIS2_PLACEMENT_3D('',#4600,#4601,#4602);
#4600 = CARTESIAN_POINT('',(159.73699996978,-109.0624020302,1.545));
#4601 = DIRECTION('',(0.,0.,-1.));
#4602 = DIRECTION('',(2.225354918688E-08,1.,0.));
#4603 = ORIENTED_EDGE('',*,*,#4604,.F.);
#4604 = EDGE_CURVE('',#4605,#4596,#4607,.T.);
#4605 = VERTEX_POINT('',#4606);
#4606 = CARTESIAN_POINT('',(161.095,-109.062402,1.51));
#4607 = LINE('',#4608,#4609);
#4608 = CARTESIAN_POINT('',(161.095,-109.062402,1.51));
#4609 = VECTOR('',#4610,1.);
#4610 = DIRECTION('',(0.,0.,1.));
#4611 = ORIENTED_EDGE('',*,*,#4612,.F.);
#4612 = EDGE_CURVE('',#4573,#4605,#4613,.T.);
#4613 = CIRCLE('',#4614,1.35800003022);
#4614 = AXIS2_PLACEMENT_3D('',#4615,#4616,#4617);
#4615 = CARTESIAN_POINT('',(159.73699996978,-109.0624020302,1.51));
#4616 = DIRECTION('',(0.,0.,-1.));
#4617 = DIRECTION('',(2.225354918688E-08,1.,0.));
#4618 = CYLINDRICAL_SURFACE('',#4619,1.35800003022);
#4619 = AXIS2_PLACEMENT_3D('',#4620,#4621,#4622);
#4620 = CARTESIAN_POINT('',(159.73699996978,-109.0624020302,1.51));
#4621 = DIRECTION('',(0.,0.,-1.));
#4622 = DIRECTION('',(2.225354918688E-08,1.,0.));
#4623 = ADVANCED_FACE('',(#4624),#4649,.T.);
#4624 = FACE_BOUND('',#4625,.T.);
#4625 = EDGE_LOOP('',(#4626,#4627,#4635,#4643));
#4626 = ORIENTED_EDGE('',*,*,#4604,.T.);
#4627 = ORIENTED_EDGE('',*,*,#4628,.T.);
#4628 = EDGE_CURVE('',#4596,#4629,#4631,.T.);
#4629 = VERTEX_POINT('',#4630);
#4630 = CARTESIAN_POINT('',(161.095,-109.616402,1.545));
#4631 = LINE('',#4632,#4633);
#4632 = CARTESIAN_POINT('',(161.095,-109.062402,1.545));
#4633 = VECTOR('',#4634,1.);
#4634 = DIRECTION('',(0.,-1.,0.));
#4635 = ORIENTED_EDGE('',*,*,#4636,.F.);
#4636 = EDGE_CURVE('',#4637,#4629,#4639,.T.);
#4637 = VERTEX_POINT('',#4638);
#4638 = CARTESIAN_POINT('',(161.095,-109.616402,1.51));
#4639 = LINE('',#4640,#4641);
#4640 = CARTESIAN_POINT('',(161.095,-109.616402,1.51));
#4641 = VECTOR('',#4642,1.);
#4642 = DIRECTION('',(0.,0.,1.));
#4643 = ORIENTED_EDGE('',*,*,#4644,.F.);
#4644 = EDGE_CURVE('',#4605,#4637,#4645,.T.);
#4645 = LINE('',#4646,#4647);
#4646 = CARTESIAN_POINT('',(161.095,-109.062402,1.51));
#4647 = VECTOR('',#4648,1.);
#4648 = DIRECTION('',(0.,-1.,0.));
#4649 = PLANE('',#4650);
#4650 = AXIS2_PLACEMENT_3D('',#4651,#4652,#4653);
#4651 = CARTESIAN_POINT('',(161.095,-109.062402,1.51));
#4652 = DIRECTION('',(1.,0.,-0.));
#4653 = DIRECTION('',(0.,-1.,0.));
#4654 = ADVANCED_FACE('',(#4655),#4682,.T.);
#4655 = FACE_BOUND('',#4656,.T.);
#4656 = EDGE_LOOP('',(#4657,#4658,#4667,#4675));
#4657 = ORIENTED_EDGE('',*,*,#4636,.T.);
#4658 = ORIENTED_EDGE('',*,*,#4659,.T.);
#4659 = EDGE_CURVE('',#4629,#4660,#4662,.T.);
#4660 = VERTEX_POINT('',#4661);
#4661 = CARTESIAN_POINT('',(159.737,-110.974402,1.545));
#4662 = CIRCLE('',#4663,1.35800003022);
#4663 = AXIS2_PLACEMENT_3D('',#4664,#4665,#4666);
#4664 = CARTESIAN_POINT('',(159.73699996978,-109.6164019697,1.545));
#4665 = DIRECTION('',(0.,0.,-1.));
#4666 = DIRECTION('',(1.,-2.225355965142E-08,0.));
#4667 = ORIENTED_EDGE('',*,*,#4668,.F.);
#4668 = EDGE_CURVE('',#4669,#4660,#4671,.T.);
#4669 = VERTEX_POINT('',#4670);
#4670 = CARTESIAN_POINT('',(159.737,-110.974402,1.51));
#4671 = LINE('',#4672,#4673);
#4672 = CARTESIAN_POINT('',(159.737,-110.974402,1.51));
#4673 = VECTOR('',#4674,1.);
#4674 = DIRECTION('',(0.,0.,1.));
#4675 = ORIENTED_EDGE('',*,*,#4676,.F.);
#4676 = EDGE_CURVE('',#4637,#4669,#4677,.T.);
#4677 = CIRCLE('',#4678,1.35800003022);
#4678 = AXIS2_PLACEMENT_3D('',#4679,#4680,#4681);
#4679 = CARTESIAN_POINT('',(159.73699996978,-109.6164019697,1.51));
#4680 = DIRECTION('',(0.,0.,-1.));
#4681 = DIRECTION('',(1.,-2.225355965142E-08,0.));
#4682 = CYLINDRICAL_SURFACE('',#4683,1.35800003022);
#4683 = AXIS2_PLACEMENT_3D('',#4684,#4685,#4686);
#4684 = CARTESIAN_POINT('',(159.73699996978,-109.6164019697,1.51));
#4685 = DIRECTION('',(0.,0.,-1.));
#4686 = DIRECTION('',(1.,-2.225355965142E-08,0.));
#4687 = ADVANCED_FACE('',(#4688),#4713,.T.);
#4688 = FACE_BOUND('',#4689,.T.);
#4689 = EDGE_LOOP('',(#4690,#4691,#4699,#4707));
#4690 = ORIENTED_EDGE('',*,*,#4668,.T.);
#4691 = ORIENTED_EDGE('',*,*,#4692,.T.);
#4692 = EDGE_CURVE('',#4660,#4693,#4695,.T.);
#4693 = VERTEX_POINT('',#4694);
#4694 = CARTESIAN_POINT('',(135.428495,-110.974403,1.545));
#4695 = LINE('',#4696,#4697);
#4696 = CARTESIAN_POINT('',(159.737,-110.974402,1.545));
#4697 = VECTOR('',#4698,1.);
#4698 = DIRECTION('',(-1.,-4.113786501783E-08,0.));
#4699 = ORIENTED_EDGE('',*,*,#4700,.F.);
#4700 = EDGE_CURVE('',#4701,#4693,#4703,.T.);
#4701 = VERTEX_POINT('',#4702);
#4702 = CARTESIAN_POINT('',(135.428495,-110.974403,1.51));
#4703 = LINE('',#4704,#4705);
#4704 = CARTESIAN_POINT('',(135.428495,-110.974403,1.51));
#4705 = VECTOR('',#4706,1.);
#4706 = DIRECTION('',(0.,0.,1.));
#4707 = ORIENTED_EDGE('',*,*,#4708,.F.);
#4708 = EDGE_CURVE('',#4669,#4701,#4709,.T.);
#4709 = LINE('',#4710,#4711);
#4710 = CARTESIAN_POINT('',(159.737,-110.974402,1.51));
#4711 = VECTOR('',#4712,1.);
#4712 = DIRECTION('',(-1.,-4.113786501783E-08,0.));
#4713 = PLANE('',#4714);
#4714 = AXIS2_PLACEMENT_3D('',#4715,#4716,#4717);
#4715 = CARTESIAN_POINT('',(159.737,-110.974402,1.51));
#4716 = DIRECTION('',(4.113786501783E-08,-1.,0.));
#4717 = DIRECTION('',(-1.,-4.113786501783E-08,0.));
#4718 = ADVANCED_FACE('',(#4719),#4746,.F.);
#4719 = FACE_BOUND('',#4720,.T.);
#4720 = EDGE_LOOP('',(#4721,#4722,#4731,#4739));
#4721 = ORIENTED_EDGE('',*,*,#4700,.T.);
#4722 = ORIENTED_EDGE('',*,*,#4723,.T.);
#4723 = EDGE_CURVE('',#4693,#4724,#4726,.T.);
#4724 = VERTEX_POINT('',#4725);
#4725 = CARTESIAN_POINT('',(134.655001,-111.747897,1.545));
#4726 = CIRCLE('',#4727,0.862152239152);
#4727 = AXIS2_PLACEMENT_3D('',#4728,#4729,#4730);
#4728 = CARTESIAN_POINT('',(135.51300164691,-111.8324036469,1.545));
#4729 = DIRECTION('',(0.,0.,1.));
#4730 = DIRECTION('',(-9.801824210966E-02,0.995184618156,0.));
#4731 = ORIENTED_EDGE('',*,*,#4732,.F.);
#4732 = EDGE_CURVE('',#4733,#4724,#4735,.T.);
#4733 = VERTEX_POINT('',#4734);
#4734 = CARTESIAN_POINT('',(134.655001,-111.747897,1.51));
#4735 = LINE('',#4736,#4737);
#4736 = CARTESIAN_POINT('',(134.655001,-111.747897,1.51));
#4737 = VECTOR('',#4738,1.);
#4738 = DIRECTION('',(0.,0.,1.));
#4739 = ORIENTED_EDGE('',*,*,#4740,.F.);
#4740 = EDGE_CURVE('',#4701,#4733,#4741,.T.);
#4741 = CIRCLE('',#4742,0.862152239152);
#4742 = AXIS2_PLACEMENT_3D('',#4743,#4744,#4745);
#4743 = CARTESIAN_POINT('',(135.51300164691,-111.8324036469,1.51));
#4744 = DIRECTION('',(0.,0.,1.));
#4745 = DIRECTION('',(-9.801824210966E-02,0.995184618156,0.));
#4746 = CYLINDRICAL_SURFACE('',#4747,0.862152239152);
#4747 = AXIS2_PLACEMENT_3D('',#4748,#4749,#4750);
#4748 = CARTESIAN_POINT('',(135.51300164691,-111.8324036469,1.51));
#4749 = DIRECTION('',(-0.,-0.,-1.));
#4750 = DIRECTION('',(-9.801824210966E-02,0.995184618156,0.));
#4751 = ADVANCED_FACE('',(#4752),#4777,.T.);
#4752 = FACE_BOUND('',#4753,.T.);
#4753 = EDGE_LOOP('',(#4754,#4755,#4763,#4771));
#4754 = ORIENTED_EDGE('',*,*,#4732,.T.);
#4755 = ORIENTED_EDGE('',*,*,#4756,.T.);
#4756 = EDGE_CURVE('',#4724,#4757,#4759,.T.);
#4757 = VERTEX_POINT('',#4758);
#4758 = CARTESIAN_POINT('',(134.655001,-112.470907,1.545));
#4759 = LINE('',#4760,#4761);
#4760 = CARTESIAN_POINT('',(134.655001,-111.747897,1.545));
#4761 = VECTOR('',#4762,1.);
#4762 = DIRECTION('',(0.,-1.,0.));
#4763 = ORIENTED_EDGE('',*,*,#4764,.F.);
#4764 = EDGE_CURVE('',#4765,#4757,#4767,.T.);
#4765 = VERTEX_POINT('',#4766);
#4766 = CARTESIAN_POINT('',(134.655001,-112.470907,1.51));
#4767 = LINE('',#4768,#4769);
#4768 = CARTESIAN_POINT('',(134.655001,-112.470907,1.51));
#4769 = VECTOR('',#4770,1.);
#4770 = DIRECTION('',(0.,0.,1.));
#4771 = ORIENTED_EDGE('',*,*,#4772,.F.);
#4772 = EDGE_CURVE('',#4733,#4765,#4773,.T.);
#4773 = LINE('',#4774,#4775);
#4774 = CARTESIAN_POINT('',(134.655001,-111.747897,1.51));
#4775 = VECTOR('',#4776,1.);
#4776 = DIRECTION('',(0.,-1.,0.));
#4777 = PLANE('',#4778);
#4778 = AXIS2_PLACEMENT_3D('',#4779,#4780,#4781);
#4779 = CARTESIAN_POINT('',(134.655001,-111.747897,1.51));
#4780 = DIRECTION('',(1.,0.,-0.));
#4781 = DIRECTION('',(0.,-1.,0.));
#4782 = ADVANCED_FACE('',(#4783),#4810,.F.);
#4783 = FACE_BOUND('',#4784,.T.);
#4784 = EDGE_LOOP('',(#4785,#4786,#4795,#4803));
#4785 = ORIENTED_EDGE('',*,*,#4764,.T.);
#4786 = ORIENTED_EDGE('',*,*,#4787,.T.);
#4787 = EDGE_CURVE('',#4757,#4788,#4790,.T.);
#4788 = VERTEX_POINT('',#4789);
#4789 = CARTESIAN_POINT('',(135.428495,-113.244401,1.545));
#4790 = CIRCLE('',#4791,0.862152239152);
#4791 = AXIS2_PLACEMENT_3D('',#4792,#4793,#4794);
#4792 = CARTESIAN_POINT('',(135.51300164691,-112.386400353,1.545));
#4793 = DIRECTION('',(0.,0.,1.));
#4794 = DIRECTION('',(-0.995184618156,-9.801824210966E-02,0.));
#4795 = ORIENTED_EDGE('',*,*,#4796,.F.);
#4796 = EDGE_CURVE('',#4797,#4788,#4799,.T.);
#4797 = VERTEX_POINT('',#4798);
#4798 = CARTESIAN_POINT('',(135.428495,-113.244401,1.51));
#4799 = LINE('',#4800,#4801);
#4800 = CARTESIAN_POINT('',(135.428495,-113.244401,1.51));
#4801 = VECTOR('',#4802,1.);
#4802 = DIRECTION('',(0.,0.,1.));
#4803 = ORIENTED_EDGE('',*,*,#4804,.F.);
#4804 = EDGE_CURVE('',#4765,#4797,#4805,.T.);
#4805 = CIRCLE('',#4806,0.862152239152);
#4806 = AXIS2_PLACEMENT_3D('',#4807,#4808,#4809);
#4807 = CARTESIAN_POINT('',(135.51300164691,-112.386400353,1.51));
#4808 = DIRECTION('',(0.,0.,1.));
#4809 = DIRECTION('',(-0.995184618156,-9.801824210966E-02,0.));
#4810 = CYLINDRICAL_SURFACE('',#4811,0.862152239152);
#4811 = AXIS2_PLACEMENT_3D('',#4812,#4813,#4814);
#4812 = CARTESIAN_POINT('',(135.51300164691,-112.386400353,1.51));
#4813 = DIRECTION('',(-0.,-0.,-1.));
#4814 = DIRECTION('',(-0.995184618156,-9.801824210966E-02,0.));
#4815 = ADVANCED_FACE('',(#4816),#4841,.T.);
#4816 = FACE_BOUND('',#4817,.T.);
#4817 = EDGE_LOOP('',(#4818,#4819,#4827,#4835));
#4818 = ORIENTED_EDGE('',*,*,#4796,.T.);
#4819 = ORIENTED_EDGE('',*,*,#4820,.T.);
#4820 = EDGE_CURVE('',#4788,#4821,#4823,.T.);
#4821 = VERTEX_POINT('',#4822);
#4822 = CARTESIAN_POINT('',(159.737,-113.244402,1.545));
#4823 = LINE('',#4824,#4825);
#4824 = CARTESIAN_POINT('',(135.428495,-113.244401,1.545));
#4825 = VECTOR('',#4826,1.);
#4826 = DIRECTION('',(1.,-4.113786501783E-08,0.));
#4827 = ORIENTED_EDGE('',*,*,#4828,.F.);
#4828 = EDGE_CURVE('',#4829,#4821,#4831,.T.);
#4829 = VERTEX_POINT('',#4830);
#4830 = CARTESIAN_POINT('',(159.737,-113.244402,1.51));
#4831 = LINE('',#4832,#4833);
#4832 = CARTESIAN_POINT('',(159.737,-113.244402,1.51));
#4833 = VECTOR('',#4834,1.);
#4834 = DIRECTION('',(0.,0.,1.));
#4835 = ORIENTED_EDGE('',*,*,#4836,.F.);
#4836 = EDGE_CURVE('',#4797,#4829,#4837,.T.);
#4837 = LINE('',#4838,#4839);
#4838 = CARTESIAN_POINT('',(135.428495,-113.244401,1.51));
#4839 = VECTOR('',#4840,1.);
#4840 = DIRECTION('',(1.,-4.113786501783E-08,0.));
#4841 = PLANE('',#4842);
#4842 = AXIS2_PLACEMENT_3D('',#4843,#4844,#4845);
#4843 = CARTESIAN_POINT('',(135.428495,-113.244401,1.51));
#4844 = DIRECTION('',(4.113786501783E-08,1.,-0.));
#4845 = DIRECTION('',(1.,-4.113786501783E-08,0.));
#4846 = ADVANCED_FACE('',(#4847),#4874,.T.);
#4847 = FACE_BOUND('',#4848,.T.);
#4848 = EDGE_LOOP('',(#4849,#4850,#4859,#4867));
#4849 = ORIENTED_EDGE('',*,*,#4828,.T.);
#4850 = ORIENTED_EDGE('',*,*,#4851,.T.);
#4851 = EDGE_CURVE('',#4821,#4852,#4854,.T.);
#4852 = VERTEX_POINT('',#4853);
#4853 = CARTESIAN_POINT('',(161.095,-114.602402,1.545));
#4854 = CIRCLE('',#4855,1.35800003022);
#4855 = AXIS2_PLACEMENT_3D('',#4856,#4857,#4858);
#4856 = CARTESIAN_POINT('',(159.73699996978,-114.6024020302,1.545));
#4857 = DIRECTION('',(0.,0.,-1.));
#4858 = DIRECTION('',(2.225354918688E-08,1.,0.));
#4859 = ORIENTED_EDGE('',*,*,#4860,.F.);
#4860 = EDGE_CURVE('',#4861,#4852,#4863,.T.);
#4861 = VERTEX_POINT('',#4862);
#4862 = CARTESIAN_POINT('',(161.095,-114.602402,1.51));
#4863 = LINE('',#4864,#4865);
#4864 = CARTESIAN_POINT('',(161.095,-114.602402,1.51));
#4865 = VECTOR('',#4866,1.);
#4866 = DIRECTION('',(0.,0.,1.));
#4867 = ORIENTED_EDGE('',*,*,#4868,.F.);
#4868 = EDGE_CURVE('',#4829,#4861,#4869,.T.);
#4869 = CIRCLE('',#4870,1.35800003022);
#4870 = AXIS2_PLACEMENT_3D('',#4871,#4872,#4873);
#4871 = CARTESIAN_POINT('',(159.73699996978,-114.6024020302,1.51));
#4872 = DIRECTION('',(0.,0.,-1.));
#4873 = DIRECTION('',(2.225354918688E-08,1.,0.));
#4874 = CYLINDRICAL_SURFACE('',#4875,1.35800003022);
#4875 = AXIS2_PLACEMENT_3D('',#4876,#4877,#4878);
#4876 = CARTESIAN_POINT('',(159.73699996978,-114.6024020302,1.51));
#4877 = DIRECTION('',(0.,0.,-1.));
#4878 = DIRECTION('',(2.225354918688E-08,1.,0.));
#4879 = ADVANCED_FACE('',(#4880),#4905,.T.);
#4880 = FACE_BOUND('',#4881,.T.);
#4881 = EDGE_LOOP('',(#4882,#4883,#4891,#4899));
#4882 = ORIENTED_EDGE('',*,*,#4860,.T.);
#4883 = ORIENTED_EDGE('',*,*,#4884,.T.);
#4884 = EDGE_CURVE('',#4852,#4885,#4887,.T.);
#4885 = VERTEX_POINT('',#4886);
#4886 = CARTESIAN_POINT('',(161.095,-115.156402,1.545));
#4887 = LINE('',#4888,#4889);
#4888 = CARTESIAN_POINT('',(161.095,-114.602402,1.545));
#4889 = VECTOR('',#4890,1.);
#4890 = DIRECTION('',(0.,-1.,0.));
#4891 = ORIENTED_EDGE('',*,*,#4892,.F.);
#4892 = EDGE_CURVE('',#4893,#4885,#4895,.T.);
#4893 = VERTEX_POINT('',#4894);
#4894 = CARTESIAN_POINT('',(161.095,-115.156402,1.51));
#4895 = LINE('',#4896,#4897);
#4896 = CARTESIAN_POINT('',(161.095,-115.156402,1.51));
#4897 = VECTOR('',#4898,1.);
#4898 = DIRECTION('',(0.,0.,1.));
#4899 = ORIENTED_EDGE('',*,*,#4900,.F.);
#4900 = EDGE_CURVE('',#4861,#4893,#4901,.T.);
#4901 = LINE('',#4902,#4903);
#4902 = CARTESIAN_POINT('',(161.095,-114.602402,1.51));
#4903 = VECTOR('',#4904,1.);
#4904 = DIRECTION('',(0.,-1.,0.));
#4905 = PLANE('',#4906);
#4906 = AXIS2_PLACEMENT_3D('',#4907,#4908,#4909);
#4907 = CARTESIAN_POINT('',(161.095,-114.602402,1.51));
#4908 = DIRECTION('',(1.,0.,-0.));
#4909 = DIRECTION('',(0.,-1.,0.));
#4910 = ADVANCED_FACE('',(#4911),#4938,.T.);
#4911 = FACE_BOUND('',#4912,.T.);
#4912 = EDGE_LOOP('',(#4913,#4914,#4923,#4931));
#4913 = ORIENTED_EDGE('',*,*,#4892,.T.);
#4914 = ORIENTED_EDGE('',*,*,#4915,.T.);
#4915 = EDGE_CURVE('',#4885,#4916,#4918,.T.);
#4916 = VERTEX_POINT('',#4917);
#4917 = CARTESIAN_POINT('',(159.737,-116.514402,1.545));
#4918 = CIRCLE('',#4919,1.35800003022);
#4919 = AXIS2_PLACEMENT_3D('',#4920,#4921,#4922);
#4920 = CARTESIAN_POINT('',(159.73699996978,-115.1564019697,1.545));
#4921 = DIRECTION('',(0.,0.,-1.));
#4922 = DIRECTION('',(1.,-2.225355965142E-08,0.));
#4923 = ORIENTED_EDGE('',*,*,#4924,.F.);
#4924 = EDGE_CURVE('',#4925,#4916,#4927,.T.);
#4925 = VERTEX_POINT('',#4926);
#4926 = CARTESIAN_POINT('',(159.737,-116.514402,1.51));
#4927 = LINE('',#4928,#4929);
#4928 = CARTESIAN_POINT('',(159.737,-116.514402,1.51));
#4929 = VECTOR('',#4930,1.);
#4930 = DIRECTION('',(0.,0.,1.));
#4931 = ORIENTED_EDGE('',*,*,#4932,.F.);
#4932 = EDGE_CURVE('',#4893,#4925,#4933,.T.);
#4933 = CIRCLE('',#4934,1.35800003022);
#4934 = AXIS2_PLACEMENT_3D('',#4935,#4936,#4937);
#4935 = CARTESIAN_POINT('',(159.73699996978,-115.1564019697,1.51));
#4936 = DIRECTION('',(0.,0.,-1.));
#4937 = DIRECTION('',(1.,-2.225355965142E-08,0.));
#4938 = CYLINDRICAL_SURFACE('',#4939,1.35800003022);
#4939 = AXIS2_PLACEMENT_3D('',#4940,#4941,#4942);
#4940 = CARTESIAN_POINT('',(159.73699996978,-115.1564019697,1.51));
#4941 = DIRECTION('',(0.,0.,-1.));
#4942 = DIRECTION('',(1.,-2.225355965142E-08,0.));
#4943 = ADVANCED_FACE('',(#4944),#4969,.T.);
#4944 = FACE_BOUND('',#4945,.T.);
#4945 = EDGE_LOOP('',(#4946,#4947,#4955,#4963));
#4946 = ORIENTED_EDGE('',*,*,#4924,.T.);
#4947 = ORIENTED_EDGE('',*,*,#4948,.T.);
#4948 = EDGE_CURVE('',#4916,#4949,#4951,.T.);
#4949 = VERTEX_POINT('',#4950);
#4950 = CARTESIAN_POINT('',(135.478495,-116.514403,1.545));
#4951 = LINE('',#4952,#4953);
#4952 = CARTESIAN_POINT('',(159.737,-116.514402,1.545));
#4953 = VECTOR('',#4954,1.);
#4954 = DIRECTION('',(-1.,-4.122265562017E-08,0.));
#4955 = ORIENTED_EDGE('',*,*,#4956,.F.);
#4956 = EDGE_CURVE('',#4957,#4949,#4959,.T.);
#4957 = VERTEX_POINT('',#4958);
#4958 = CARTESIAN_POINT('',(135.478495,-116.514403,1.51));
#4959 = LINE('',#4960,#4961);
#4960 = CARTESIAN_POINT('',(135.478495,-116.514403,1.51));
#4961 = VECTOR('',#4962,1.);
#4962 = DIRECTION('',(0.,0.,1.));
#4963 = ORIENTED_EDGE('',*,*,#4964,.F.);
#4964 = EDGE_CURVE('',#4925,#4957,#4965,.T.);
#4965 = LINE('',#4966,#4967);
#4966 = CARTESIAN_POINT('',(159.737,-116.514402,1.51));
#4967 = VECTOR('',#4968,1.);
#4968 = DIRECTION('',(-1.,-4.122265562017E-08,0.));
#4969 = PLANE('',#4970);
#4970 = AXIS2_PLACEMENT_3D('',#4971,#4972,#4973);
#4971 = CARTESIAN_POINT('',(159.737,-116.514402,1.51));
#4972 = DIRECTION('',(4.122265562017E-08,-1.,0.));
#4973 = DIRECTION('',(-1.,-4.122265562017E-08,0.));
#4974 = ADVANCED_FACE('',(#4975),#5002,.F.);
#4975 = FACE_BOUND('',#4976,.T.);
#4976 = EDGE_LOOP('',(#4977,#4978,#4987,#4995));
#4977 = ORIENTED_EDGE('',*,*,#4956,.T.);
#4978 = ORIENTED_EDGE('',*,*,#4979,.T.);
#4979 = EDGE_CURVE('',#4949,#4980,#4982,.T.);
#4980 = VERTEX_POINT('',#4981);
#4981 = CARTESIAN_POINT('',(134.705001,-117.287897,1.545));
#4982 = CIRCLE('',#4983,0.862152239152);
#4983 = AXIS2_PLACEMENT_3D('',#4984,#4985,#4986);
#4984 = CARTESIAN_POINT('',(135.56300164691,-117.3724036469,1.545));
#4985 = DIRECTION('',(0.,0.,1.));
#4986 = DIRECTION('',(-9.80182421096E-02,0.995184618156,0.));
#4987 = ORIENTED_EDGE('',*,*,#4988,.F.);
#4988 = EDGE_CURVE('',#4989,#4980,#4991,.T.);
#4989 = VERTEX_POINT('',#4990);
#4990 = CARTESIAN_POINT('',(134.705001,-117.287897,1.51));
#4991 = LINE('',#4992,#4993);
#4992 = CARTESIAN_POINT('',(134.705001,-117.287897,1.51));
#4993 = VECTOR('',#4994,1.);
#4994 = DIRECTION('',(0.,0.,1.));
#4995 = ORIENTED_EDGE('',*,*,#4996,.F.);
#4996 = EDGE_CURVE('',#4957,#4989,#4997,.T.);
#4997 = CIRCLE('',#4998,0.862152239152);
#4998 = AXIS2_PLACEMENT_3D('',#4999,#5000,#5001);
#4999 = CARTESIAN_POINT('',(135.56300164691,-117.3724036469,1.51));
#5000 = DIRECTION('',(0.,0.,1.));
#5001 = DIRECTION('',(-9.80182421096E-02,0.995184618156,0.));
#5002 = CYLINDRICAL_SURFACE('',#5003,0.862152239152);
#5003 = AXIS2_PLACEMENT_3D('',#5004,#5005,#5006);
#5004 = CARTESIAN_POINT('',(135.56300164691,-117.3724036469,1.51));
#5005 = DIRECTION('',(-0.,-0.,-1.));
#5006 = DIRECTION('',(-9.80182421096E-02,0.995184618156,0.));
#5007 = ADVANCED_FACE('',(#5008),#5033,.T.);
#5008 = FACE_BOUND('',#5009,.T.);
#5009 = EDGE_LOOP('',(#5010,#5011,#5019,#5027));
#5010 = ORIENTED_EDGE('',*,*,#4988,.T.);
#5011 = ORIENTED_EDGE('',*,*,#5012,.T.);
#5012 = EDGE_CURVE('',#4980,#5013,#5015,.T.);
#5013 = VERTEX_POINT('',#5014);
#5014 = CARTESIAN_POINT('',(134.705001,-118.010907,1.545));
#5015 = LINE('',#5016,#5017);
#5016 = CARTESIAN_POINT('',(134.705001,-117.287897,1.545));
#5017 = VECTOR('',#5018,1.);
#5018 = DIRECTION('',(0.,-1.,0.));
#5019 = ORIENTED_EDGE('',*,*,#5020,.F.);
#5020 = EDGE_CURVE('',#5021,#5013,#5023,.T.);
#5021 = VERTEX_POINT('',#5022);
#5022 = CARTESIAN_POINT('',(134.705001,-118.010907,1.51));
#5023 = LINE('',#5024,#5025);
#5024 = CARTESIAN_POINT('',(134.705001,-118.010907,1.51));
#5025 = VECTOR('',#5026,1.);
#5026 = DIRECTION('',(0.,0.,1.));
#5027 = ORIENTED_EDGE('',*,*,#5028,.F.);
#5028 = EDGE_CURVE('',#4989,#5021,#5029,.T.);
#5029 = LINE('',#5030,#5031);
#5030 = CARTESIAN_POINT('',(134.705001,-117.287897,1.51));
#5031 = VECTOR('',#5032,1.);
#5032 = DIRECTION('',(0.,-1.,0.));
#5033 = PLANE('',#5034);
#5034 = AXIS2_PLACEMENT_3D('',#5035,#5036,#5037);
#5035 = CARTESIAN_POINT('',(134.705001,-117.287897,1.51));
#5036 = DIRECTION('',(1.,0.,-0.));
#5037 = DIRECTION('',(0.,-1.,0.));
#5038 = ADVANCED_FACE('',(#5039),#5066,.F.);
#5039 = FACE_BOUND('',#5040,.T.);
#5040 = EDGE_LOOP('',(#5041,#5042,#5051,#5059));
#5041 = ORIENTED_EDGE('',*,*,#5020,.T.);
#5042 = ORIENTED_EDGE('',*,*,#5043,.T.);
#5043 = EDGE_CURVE('',#5013,#5044,#5046,.T.);
#5044 = VERTEX_POINT('',#5045);
#5045 = CARTESIAN_POINT('',(135.478495,-118.784401,1.545));
#5046 = CIRCLE('',#5047,0.862152239152);
#5047 = AXIS2_PLACEMENT_3D('',#5048,#5049,#5050);
#5048 = CARTESIAN_POINT('',(135.56300164691,-117.926400353,1.545));
#5049 = DIRECTION('',(0.,0.,1.));
#5050 = DIRECTION('',(-0.995184618156,-9.801824210961E-02,0.));
#5051 = ORIENTED_EDGE('',*,*,#5052,.F.);
#5052 = EDGE_CURVE('',#5053,#5044,#5055,.T.);
#5053 = VERTEX_POINT('',#5054);
#5054 = CARTESIAN_POINT('',(135.478495,-118.784401,1.51));
#5055 = LINE('',#5056,#5057);
#5056 = CARTESIAN_POINT('',(135.478495,-118.784401,1.51));
#5057 = VECTOR('',#5058,1.);
#5058 = DIRECTION('',(0.,0.,1.));
#5059 = ORIENTED_EDGE('',*,*,#5060,.F.);
#5060 = EDGE_CURVE('',#5021,#5053,#5061,.T.);
#5061 = CIRCLE('',#5062,0.862152239152);
#5062 = AXIS2_PLACEMENT_3D('',#5063,#5064,#5065);
#5063 = CARTESIAN_POINT('',(135.56300164691,-117.926400353,1.51));
#5064 = DIRECTION('',(0.,0.,1.));
#5065 = DIRECTION('',(-0.995184618156,-9.801824210961E-02,0.));
#5066 = CYLINDRICAL_SURFACE('',#5067,0.862152239152);
#5067 = AXIS2_PLACEMENT_3D('',#5068,#5069,#5070);
#5068 = CARTESIAN_POINT('',(135.56300164691,-117.926400353,1.51));
#5069 = DIRECTION('',(-0.,-0.,-1.));
#5070 = DIRECTION('',(-0.995184618156,-9.801824210961E-02,0.));
#5071 = ADVANCED_FACE('',(#5072),#5097,.T.);
#5072 = FACE_BOUND('',#5073,.T.);
#5073 = EDGE_LOOP('',(#5074,#5075,#5083,#5091));
#5074 = ORIENTED_EDGE('',*,*,#5052,.T.);
#5075 = ORIENTED_EDGE('',*,*,#5076,.T.);
#5076 = EDGE_CURVE('',#5044,#5077,#5079,.T.);
#5077 = VERTEX_POINT('',#5078);
#5078 = CARTESIAN_POINT('',(159.737,-118.784402,1.545));
#5079 = LINE('',#5080,#5081);
#5080 = CARTESIAN_POINT('',(135.478495,-118.784401,1.545));
#5081 = VECTOR('',#5082,1.);
#5082 = DIRECTION('',(1.,-4.122265562017E-08,0.));
#5083 = ORIENTED_EDGE('',*,*,#5084,.F.);
#5084 = EDGE_CURVE('',#5085,#5077,#5087,.T.);
#5085 = VERTEX_POINT('',#5086);
#5086 = CARTESIAN_POINT('',(159.737,-118.784402,1.51));
#5087 = LINE('',#5088,#5089);
#5088 = CARTESIAN_POINT('',(159.737,-118.784402,1.51));
#5089 = VECTOR('',#5090,1.);
#5090 = DIRECTION('',(0.,0.,1.));
#5091 = ORIENTED_EDGE('',*,*,#5092,.F.);
#5092 = EDGE_CURVE('',#5053,#5085,#5093,.T.);
#5093 = LINE('',#5094,#5095);
#5094 = CARTESIAN_POINT('',(135.478495,-118.784401,1.51));
#5095 = VECTOR('',#5096,1.);
#5096 = DIRECTION('',(1.,-4.122265562017E-08,0.));
#5097 = PLANE('',#5098);
#5098 = AXIS2_PLACEMENT_3D('',#5099,#5100,#5101);
#5099 = CARTESIAN_POINT('',(135.478495,-118.784401,1.51));
#5100 = DIRECTION('',(4.122265562017E-08,1.,-0.));
#5101 = DIRECTION('',(1.,-4.122265562017E-08,0.));
#5102 = ADVANCED_FACE('',(#5103),#5130,.T.);
#5103 = FACE_BOUND('',#5104,.T.);
#5104 = EDGE_LOOP('',(#5105,#5106,#5115,#5123));
#5105 = ORIENTED_EDGE('',*,*,#5084,.T.);
#5106 = ORIENTED_EDGE('',*,*,#5107,.T.);
#5107 = EDGE_CURVE('',#5077,#5108,#5110,.T.);
#5108 = VERTEX_POINT('',#5109);
#5109 = CARTESIAN_POINT('',(161.095,-120.142402,1.545));
#5110 = CIRCLE('',#5111,1.35800003022);
#5111 = AXIS2_PLACEMENT_3D('',#5112,#5113,#5114);
#5112 = CARTESIAN_POINT('',(159.73699996978,-120.1424020302,1.545));
#5113 = DIRECTION('',(0.,0.,-1.));
#5114 = DIRECTION('',(2.225354918688E-08,1.,0.));
#5115 = ORIENTED_EDGE('',*,*,#5116,.F.);
#5116 = EDGE_CURVE('',#5117,#5108,#5119,.T.);
#5117 = VERTEX_POINT('',#5118);
#5118 = CARTESIAN_POINT('',(161.095,-120.142402,1.51));
#5119 = LINE('',#5120,#5121);
#5120 = CARTESIAN_POINT('',(161.095,-120.142402,1.51));
#5121 = VECTOR('',#5122,1.);
#5122 = DIRECTION('',(0.,0.,1.));
#5123 = ORIENTED_EDGE('',*,*,#5124,.F.);
#5124 = EDGE_CURVE('',#5085,#5117,#5125,.T.);
#5125 = CIRCLE('',#5126,1.35800003022);
#5126 = AXIS2_PLACEMENT_3D('',#5127,#5128,#5129);
#5127 = CARTESIAN_POINT('',(159.73699996978,-120.1424020302,1.51));
#5128 = DIRECTION('',(0.,0.,-1.));
#5129 = DIRECTION('',(2.225354918688E-08,1.,0.));
#5130 = CYLINDRICAL_SURFACE('',#5131,1.35800003022);
#5131 = AXIS2_PLACEMENT_3D('',#5132,#5133,#5134);
#5132 = CARTESIAN_POINT('',(159.73699996978,-120.1424020302,1.51));
#5133 = DIRECTION('',(0.,0.,-1.));
#5134 = DIRECTION('',(2.225354918688E-08,1.,0.));
#5135 = ADVANCED_FACE('',(#5136),#5161,.T.);
#5136 = FACE_BOUND('',#5137,.T.);
#5137 = EDGE_LOOP('',(#5138,#5139,#5147,#5155));
#5138 = ORIENTED_EDGE('',*,*,#5116,.T.);
#5139 = ORIENTED_EDGE('',*,*,#5140,.T.);
#5140 = EDGE_CURVE('',#5108,#5141,#5143,.T.);
#5141 = VERTEX_POINT('',#5142);
#5142 = CARTESIAN_POINT('',(161.095,-120.696402,1.545));
#5143 = LINE('',#5144,#5145);
#5144 = CARTESIAN_POINT('',(161.095,-120.142402,1.545));
#5145 = VECTOR('',#5146,1.);
#5146 = DIRECTION('',(0.,-1.,0.));
#5147 = ORIENTED_EDGE('',*,*,#5148,.F.);
#5148 = EDGE_CURVE('',#5149,#5141,#5151,.T.);
#5149 = VERTEX_POINT('',#5150);
#5150 = CARTESIAN_POINT('',(161.095,-120.696402,1.51));
#5151 = LINE('',#5152,#5153);
#5152 = CARTESIAN_POINT('',(161.095,-120.696402,1.51));
#5153 = VECTOR('',#5154,1.);
#5154 = DIRECTION('',(0.,0.,1.));
#5155 = ORIENTED_EDGE('',*,*,#5156,.F.);
#5156 = EDGE_CURVE('',#5117,#5149,#5157,.T.);
#5157 = LINE('',#5158,#5159);
#5158 = CARTESIAN_POINT('',(161.095,-120.142402,1.51));
#5159 = VECTOR('',#5160,1.);
#5160 = DIRECTION('',(0.,-1.,0.));
#5161 = PLANE('',#5162);
#5162 = AXIS2_PLACEMENT_3D('',#5163,#5164,#5165);
#5163 = CARTESIAN_POINT('',(161.095,-120.142402,1.51));
#5164 = DIRECTION('',(1.,0.,-0.));
#5165 = DIRECTION('',(0.,-1.,0.));
#5166 = ADVANCED_FACE('',(#5167),#5194,.T.);
#5167 = FACE_BOUND('',#5168,.T.);
#5168 = EDGE_LOOP('',(#5169,#5170,#5179,#5187));
#5169 = ORIENTED_EDGE('',*,*,#5148,.T.);
#5170 = ORIENTED_EDGE('',*,*,#5171,.T.);
#5171 = EDGE_CURVE('',#5141,#5172,#5174,.T.);
#5172 = VERTEX_POINT('',#5173);
#5173 = CARTESIAN_POINT('',(159.737,-122.054402,1.545));
#5174 = CIRCLE('',#5175,1.35800003022);
#5175 = AXIS2_PLACEMENT_3D('',#5176,#5177,#5178);
#5176 = CARTESIAN_POINT('',(159.73699996978,-120.6964019697,1.545));
#5177 = DIRECTION('',(0.,0.,-1.));
#5178 = DIRECTION('',(1.,-2.225354918688E-08,0.));
#5179 = ORIENTED_EDGE('',*,*,#5180,.F.);
#5180 = EDGE_CURVE('',#5181,#5172,#5183,.T.);
#5181 = VERTEX_POINT('',#5182);
#5182 = CARTESIAN_POINT('',(159.737,-122.054402,1.51));
#5183 = LINE('',#5184,#5185);
#5184 = CARTESIAN_POINT('',(159.737,-122.054402,1.51));
#5185 = VECTOR('',#5186,1.);
#5186 = DIRECTION('',(0.,0.,1.));
#5187 = ORIENTED_EDGE('',*,*,#5188,.F.);
#5188 = EDGE_CURVE('',#5149,#5181,#5189,.T.);
#5189 = CIRCLE('',#5190,1.35800003022);
#5190 = AXIS2_PLACEMENT_3D('',#5191,#5192,#5193);
#5191 = CARTESIAN_POINT('',(159.73699996978,-120.6964019697,1.51));
#5192 = DIRECTION('',(0.,0.,-1.));
#5193 = DIRECTION('',(1.,-2.225354918688E-08,0.));
#5194 = CYLINDRICAL_SURFACE('',#5195,1.35800003022);
#5195 = AXIS2_PLACEMENT_3D('',#5196,#5197,#5198);
#5196 = CARTESIAN_POINT('',(159.73699996978,-120.6964019697,1.51));
#5197 = DIRECTION('',(0.,0.,-1.));
#5198 = DIRECTION('',(1.,-2.225354918688E-08,0.));
#5199 = ADVANCED_FACE('',(#5200),#5225,.T.);
#5200 = FACE_BOUND('',#5201,.T.);
#5201 = EDGE_LOOP('',(#5202,#5203,#5211,#5219));
#5202 = ORIENTED_EDGE('',*,*,#5180,.T.);
#5203 = ORIENTED_EDGE('',*,*,#5204,.T.);
#5204 = EDGE_CURVE('',#5172,#5205,#5207,.T.);
#5205 = VERTEX_POINT('',#5206);
#5206 = CARTESIAN_POINT('',(135.528495,-122.054403,1.545));
#5207 = LINE('',#5208,#5209);
#5208 = CARTESIAN_POINT('',(159.737,-122.054402,1.545));
#5209 = VECTOR('',#5210,1.);
#5210 = DIRECTION('',(-1.,-4.130779647381E-08,0.));
#5211 = ORIENTED_EDGE('',*,*,#5212,.F.);
#5212 = EDGE_CURVE('',#5213,#5205,#5215,.T.);
#5213 = VERTEX_POINT('',#5214);
#5214 = CARTESIAN_POINT('',(135.528495,-122.054403,1.51));
#5215 = LINE('',#5216,#5217);
#5216 = CARTESIAN_POINT('',(135.528495,-122.054403,1.51));
#5217 = VECTOR('',#5218,1.);
#5218 = DIRECTION('',(0.,0.,1.));
#5219 = ORIENTED_EDGE('',*,*,#5220,.F.);
#5220 = EDGE_CURVE('',#5181,#5213,#5221,.T.);
#5221 = LINE('',#5222,#5223);
#5222 = CARTESIAN_POINT('',(159.737,-122.054402,1.51));
#5223 = VECTOR('',#5224,1.);
#5224 = DIRECTION('',(-1.,-4.130779647381E-08,0.));
#5225 = PLANE('',#5226);
#5226 = AXIS2_PLACEMENT_3D('',#5227,#5228,#5229);
#5227 = CARTESIAN_POINT('',(159.737,-122.054402,1.51));
#5228 = DIRECTION('',(4.130779647381E-08,-1.,0.));
#5229 = DIRECTION('',(-1.,-4.130779647381E-08,0.));
#5230 = ADVANCED_FACE('',(#5231),#5258,.F.);
#5231 = FACE_BOUND('',#5232,.T.);
#5232 = EDGE_LOOP('',(#5233,#5234,#5243,#5251));
#5233 = ORIENTED_EDGE('',*,*,#5212,.T.);
#5234 = ORIENTED_EDGE('',*,*,#5235,.T.);
#5235 = EDGE_CURVE('',#5205,#5236,#5238,.T.);
#5236 = VERTEX_POINT('',#5237);
#5237 = CARTESIAN_POINT('',(134.755001,-122.827897,1.545));
#5238 = CIRCLE('',#5239,0.862152239152);
#5239 = AXIS2_PLACEMENT_3D('',#5240,#5241,#5242);
#5240 = CARTESIAN_POINT('',(135.61300164691,-122.9124036469,1.545));
#5241 = DIRECTION('',(0.,0.,1.));
#5242 = DIRECTION('',(-9.801824210972E-02,0.995184618156,0.));
#5243 = ORIENTED_EDGE('',*,*,#5244,.F.);
#5244 = EDGE_CURVE('',#5245,#5236,#5247,.T.);
#5245 = VERTEX_POINT('',#5246);
#5246 = CARTESIAN_POINT('',(134.755001,-122.827897,1.51));
#5247 = LINE('',#5248,#5249);
#5248 = CARTESIAN_POINT('',(134.755001,-122.827897,1.51));
#5249 = VECTOR('',#5250,1.);
#5250 = DIRECTION('',(0.,0.,1.));
#5251 = ORIENTED_EDGE('',*,*,#5252,.F.);
#5252 = EDGE_CURVE('',#5213,#5245,#5253,.T.);
#5253 = CIRCLE('',#5254,0.862152239152);
#5254 = AXIS2_PLACEMENT_3D('',#5255,#5256,#5257);
#5255 = CARTESIAN_POINT('',(135.61300164691,-122.9124036469,1.51));
#5256 = DIRECTION('',(0.,0.,1.));
#5257 = DIRECTION('',(-9.801824210972E-02,0.995184618156,0.));
#5258 = CYLINDRICAL_SURFACE('',#5259,0.862152239152);
#5259 = AXIS2_PLACEMENT_3D('',#5260,#5261,#5262);
#5260 = CARTESIAN_POINT('',(135.61300164691,-122.9124036469,1.51));
#5261 = DIRECTION('',(-0.,-0.,-1.));
#5262 = DIRECTION('',(-9.801824210972E-02,0.995184618156,0.));
#5263 = ADVANCED_FACE('',(#5264),#5289,.T.);
#5264 = FACE_BOUND('',#5265,.T.);
#5265 = EDGE_LOOP('',(#5266,#5267,#5275,#5283));
#5266 = ORIENTED_EDGE('',*,*,#5244,.T.);
#5267 = ORIENTED_EDGE('',*,*,#5268,.T.);
#5268 = EDGE_CURVE('',#5236,#5269,#5271,.T.);
#5269 = VERTEX_POINT('',#5270);
#5270 = CARTESIAN_POINT('',(134.755001,-123.550907,1.545));
#5271 = LINE('',#5272,#5273);
#5272 = CARTESIAN_POINT('',(134.755001,-122.827897,1.545));
#5273 = VECTOR('',#5274,1.);
#5274 = DIRECTION('',(0.,-1.,0.));
#5275 = ORIENTED_EDGE('',*,*,#5276,.F.);
#5276 = EDGE_CURVE('',#5277,#5269,#5279,.T.);
#5277 = VERTEX_POINT('',#5278);
#5278 = CARTESIAN_POINT('',(134.755001,-123.550907,1.51));
#5279 = LINE('',#5280,#5281);
#5280 = CARTESIAN_POINT('',(134.755001,-123.550907,1.51));
#5281 = VECTOR('',#5282,1.);
#5282 = DIRECTION('',(0.,0.,1.));
#5283 = ORIENTED_EDGE('',*,*,#5284,.F.);
#5284 = EDGE_CURVE('',#5245,#5277,#5285,.T.);
#5285 = LINE('',#5286,#5287);
#5286 = CARTESIAN_POINT('',(134.755001,-122.827897,1.51));
#5287 = VECTOR('',#5288,1.);
#5288 = DIRECTION('',(0.,-1.,0.));
#5289 = PLANE('',#5290);
#5290 = AXIS2_PLACEMENT_3D('',#5291,#5292,#5293);
#5291 = CARTESIAN_POINT('',(134.755001,-122.827897,1.51));
#5292 = DIRECTION('',(1.,0.,-0.));
#5293 = DIRECTION('',(0.,-1.,0.));
#5294 = ADVANCED_FACE('',(#5295),#5322,.F.);
#5295 = FACE_BOUND('',#5296,.T.);
#5296 = EDGE_LOOP('',(#5297,#5298,#5307,#5315));
#5297 = ORIENTED_EDGE('',*,*,#5276,.T.);
#5298 = ORIENTED_EDGE('',*,*,#5299,.T.);
#5299 = EDGE_CURVE('',#5269,#5300,#5302,.T.);
#5300 = VERTEX_POINT('',#5301);
#5301 = CARTESIAN_POINT('',(135.528495,-124.324401,1.545));
#5302 = CIRCLE('',#5303,0.862152239152);
#5303 = AXIS2_PLACEMENT_3D('',#5304,#5305,#5306);
#5304 = CARTESIAN_POINT('',(135.61300164691,-123.466400353,1.545));
#5305 = DIRECTION('',(0.,0.,1.));
#5306 = DIRECTION('',(-0.995184618156,-9.801824210966E-02,0.));
#5307 = ORIENTED_EDGE('',*,*,#5308,.F.);
#5308 = EDGE_CURVE('',#5309,#5300,#5311,.T.);
#5309 = VERTEX_POINT('',#5310);
#5310 = CARTESIAN_POINT('',(135.528495,-124.324401,1.51));
#5311 = LINE('',#5312,#5313);
#5312 = CARTESIAN_POINT('',(135.528495,-124.324401,1.51));
#5313 = VECTOR('',#5314,1.);
#5314 = DIRECTION('',(0.,0.,1.));
#5315 = ORIENTED_EDGE('',*,*,#5316,.F.);
#5316 = EDGE_CURVE('',#5277,#5309,#5317,.T.);
#5317 = CIRCLE('',#5318,0.862152239152);
#5318 = AXIS2_PLACEMENT_3D('',#5319,#5320,#5321);
#5319 = CARTESIAN_POINT('',(135.61300164691,-123.466400353,1.51));
#5320 = DIRECTION('',(0.,0.,1.));
#5321 = DIRECTION('',(-0.995184618156,-9.801824210966E-02,0.));
#5322 = CYLINDRICAL_SURFACE('',#5323,0.862152239152);
#5323 = AXIS2_PLACEMENT_3D('',#5324,#5325,#5326);
#5324 = CARTESIAN_POINT('',(135.61300164691,-123.466400353,1.51));
#5325 = DIRECTION('',(-0.,-0.,-1.));
#5326 = DIRECTION('',(-0.995184618156,-9.801824210966E-02,0.));
#5327 = ADVANCED_FACE('',(#5328),#5353,.T.);
#5328 = FACE_BOUND('',#5329,.T.);
#5329 = EDGE_LOOP('',(#5330,#5331,#5339,#5347));
#5330 = ORIENTED_EDGE('',*,*,#5308,.T.);
#5331 = ORIENTED_EDGE('',*,*,#5332,.T.);
#5332 = EDGE_CURVE('',#5300,#5333,#5335,.T.);
#5333 = VERTEX_POINT('',#5334);
#5334 = CARTESIAN_POINT('',(157.787,-124.324402,1.545));
#5335 = LINE('',#5336,#5337);
#5336 = CARTESIAN_POINT('',(135.528495,-124.324401,1.545));
#5337 = VECTOR('',#5338,1.);
#5338 = DIRECTION('',(1.,-4.492664766507E-08,0.));
#5339 = ORIENTED_EDGE('',*,*,#5340,.F.);
#5340 = EDGE_CURVE('',#5341,#5333,#5343,.T.);
#5341 = VERTEX_POINT('',#5342);
#5342 = CARTESIAN_POINT('',(157.787,-124.324402,1.51));
#5343 = LINE('',#5344,#5345);
#5344 = CARTESIAN_POINT('',(157.787,-124.324402,1.51));
#5345 = VECTOR('',#5346,1.);
#5346 = DIRECTION('',(0.,0.,1.));
#5347 = ORIENTED_EDGE('',*,*,#5348,.F.);
#5348 = EDGE_CURVE('',#5309,#5341,#5349,.T.);
#5349 = LINE('',#5350,#5351);
#5350 = CARTESIAN_POINT('',(135.528495,-124.324401,1.51));
#5351 = VECTOR('',#5352,1.);
#5352 = DIRECTION('',(1.,-4.492664766507E-08,0.));
#5353 = PLANE('',#5354);
#5354 = AXIS2_PLACEMENT_3D('',#5355,#5356,#5357);
#5355 = CARTESIAN_POINT('',(135.528495,-124.324401,1.51));
#5356 = DIRECTION('',(4.492664766507E-08,1.,-0.));
#5357 = DIRECTION('',(1.,-4.492664766507E-08,0.));
#5358 = ADVANCED_FACE('',(#5359),#5386,.T.);
#5359 = FACE_BOUND('',#5360,.T.);
#5360 = EDGE_LOOP('',(#5361,#5362,#5371,#5379));
#5361 = ORIENTED_EDGE('',*,*,#5340,.T.);
#5362 = ORIENTED_EDGE('',*,*,#5363,.T.);
#5363 = EDGE_CURVE('',#5333,#5364,#5366,.T.);
#5364 = VERTEX_POINT('',#5365);
#5365 = CARTESIAN_POINT('',(159.145,-125.682402,1.545));
#5366 = CIRCLE('',#5367,1.35800003022);
#5367 = AXIS2_PLACEMENT_3D('',#5368,#5369,#5370);
#5368 = CARTESIAN_POINT('',(157.78699996978,-125.6824020302,1.545));
#5369 = DIRECTION('',(0.,0.,-1.));
#5370 = DIRECTION('',(2.225352825778E-08,1.,0.));
#5371 = ORIENTED_EDGE('',*,*,#5372,.F.);
#5372 = EDGE_CURVE('',#5373,#5364,#5375,.T.);
#5373 = VERTEX_POINT('',#5374);
#5374 = CARTESIAN_POINT('',(159.145,-125.682402,1.51));
#5375 = LINE('',#5376,#5377);
#5376 = CARTESIAN_POINT('',(159.145,-125.682402,1.51));
#5377 = VECTOR('',#5378,1.);
#5378 = DIRECTION('',(0.,0.,1.));
#5379 = ORIENTED_EDGE('',*,*,#5380,.F.);
#5380 = EDGE_CURVE('',#5341,#5373,#5381,.T.);
#5381 = CIRCLE('',#5382,1.35800003022);
#5382 = AXIS2_PLACEMENT_3D('',#5383,#5384,#5385);
#5383 = CARTESIAN_POINT('',(157.78699996978,-125.6824020302,1.51));
#5384 = DIRECTION('',(0.,0.,-1.));
#5385 = DIRECTION('',(2.225352825778E-08,1.,0.));
#5386 = CYLINDRICAL_SURFACE('',#5387,1.35800003022);
#5387 = AXIS2_PLACEMENT_3D('',#5388,#5389,#5390);
#5388 = CARTESIAN_POINT('',(157.78699996978,-125.6824020302,1.51));
#5389 = DIRECTION('',(0.,0.,-1.));
#5390 = DIRECTION('',(2.225352825778E-08,1.,0.));
#5391 = ADVANCED_FACE('',(#5392),#5417,.T.);
#5392 = FACE_BOUND('',#5393,.T.);
#5393 = EDGE_LOOP('',(#5394,#5395,#5403,#5411));
#5394 = ORIENTED_EDGE('',*,*,#5372,.T.);
#5395 = ORIENTED_EDGE('',*,*,#5396,.T.);
#5396 = EDGE_CURVE('',#5364,#5397,#5399,.T.);
#5397 = VERTEX_POINT('',#5398);
#5398 = CARTESIAN_POINT('',(159.145,-126.236402,1.545));
#5399 = LINE('',#5400,#5401);
#5400 = CARTESIAN_POINT('',(159.145,-125.682402,1.545));
#5401 = VECTOR('',#5402,1.);
#5402 = DIRECTION('',(0.,-1.,0.));
#5403 = ORIENTED_EDGE('',*,*,#5404,.F.);
#5404 = EDGE_CURVE('',#5405,#5397,#5407,.T.);
#5405 = VERTEX_POINT('',#5406);
#5406 = CARTESIAN_POINT('',(159.145,-126.236402,1.51));
#5407 = LINE('',#5408,#5409);
#5408 = CARTESIAN_POINT('',(159.145,-126.236402,1.51));
#5409 = VECTOR('',#5410,1.);
#5410 = DIRECTION('',(0.,0.,1.));
#5411 = ORIENTED_EDGE('',*,*,#5412,.F.);
#5412 = EDGE_CURVE('',#5373,#5405,#5413,.T.);
#5413 = LINE('',#5414,#5415);
#5414 = CARTESIAN_POINT('',(159.145,-125.682402,1.51));
#5415 = VECTOR('',#5416,1.);
#5416 = DIRECTION('',(0.,-1.,0.));
#5417 = PLANE('',#5418);
#5418 = AXIS2_PLACEMENT_3D('',#5419,#5420,#5421);
#5419 = CARTESIAN_POINT('',(159.145,-125.682402,1.51));
#5420 = DIRECTION('',(1.,0.,-0.));
#5421 = DIRECTION('',(0.,-1.,0.));
#5422 = ADVANCED_FACE('',(#5423),#5450,.T.);
#5423 = FACE_BOUND('',#5424,.T.);
#5424 = EDGE_LOOP('',(#5425,#5426,#5435,#5443));
#5425 = ORIENTED_EDGE('',*,*,#5404,.T.);
#5426 = ORIENTED_EDGE('',*,*,#5427,.T.);
#5427 = EDGE_CURVE('',#5397,#5428,#5430,.T.);
#5428 = VERTEX_POINT('',#5429);
#5429 = CARTESIAN_POINT('',(157.787,-127.594402,1.545));
#5430 = CIRCLE('',#5431,1.35800003022);
#5431 = AXIS2_PLACEMENT_3D('',#5432,#5433,#5434);
#5432 = CARTESIAN_POINT('',(157.78699996978,-126.2364019697,1.545));
#5433 = DIRECTION('',(0.,0.,-1.));
#5434 = DIRECTION('',(1.,-2.225355965142E-08,0.));
#5435 = ORIENTED_EDGE('',*,*,#5436,.F.);
#5436 = EDGE_CURVE('',#5437,#5428,#5439,.T.);
#5437 = VERTEX_POINT('',#5438);
#5438 = CARTESIAN_POINT('',(157.787,-127.594402,1.51));
#5439 = LINE('',#5440,#5441);
#5440 = CARTESIAN_POINT('',(157.787,-127.594402,1.51));
#5441 = VECTOR('',#5442,1.);
#5442 = DIRECTION('',(0.,0.,1.));
#5443 = ORIENTED_EDGE('',*,*,#5444,.F.);
#5444 = EDGE_CURVE('',#5405,#5437,#5445,.T.);
#5445 = CIRCLE('',#5446,1.35800003022);
#5446 = AXIS2_PLACEMENT_3D('',#5447,#5448,#5449);
#5447 = CARTESIAN_POINT('',(157.78699996978,-126.2364019697,1.51));
#5448 = DIRECTION('',(0.,0.,-1.));
#5449 = DIRECTION('',(1.,-2.225355965142E-08,0.));
#5450 = CYLINDRICAL_SURFACE('',#5451,1.35800003022);
#5451 = AXIS2_PLACEMENT_3D('',#5452,#5453,#5454);
#5452 = CARTESIAN_POINT('',(157.78699996978,-126.2364019697,1.51));
#5453 = DIRECTION('',(0.,0.,-1.));
#5454 = DIRECTION('',(1.,-2.225355965142E-08,0.));
#5455 = ADVANCED_FACE('',(#5456),#5481,.T.);
#5456 = FACE_BOUND('',#5457,.T.);
#5457 = EDGE_LOOP('',(#5458,#5459,#5467,#5475));
#5458 = ORIENTED_EDGE('',*,*,#5436,.T.);
#5459 = ORIENTED_EDGE('',*,*,#5460,.T.);
#5460 = EDGE_CURVE('',#5428,#5461,#5463,.T.);
#5461 = VERTEX_POINT('',#5462);
#5462 = CARTESIAN_POINT('',(135.578495,-127.594403,1.545));
#5463 = LINE('',#5464,#5465);
#5464 = CARTESIAN_POINT('',(157.787,-127.594402,1.545));
#5465 = VECTOR('',#5466,1.);
#5466 = DIRECTION('',(-1.,-4.502779441819E-08,0.));
#5467 = ORIENTED_EDGE('',*,*,#5468,.F.);
#5468 = EDGE_CURVE('',#5469,#5461,#5471,.T.);
#5469 = VERTEX_POINT('',#5470);
#5470 = CARTESIAN_POINT('',(135.578495,-127.594403,1.51));
#5471 = LINE('',#5472,#5473);
#5472 = CARTESIAN_POINT('',(135.578495,-127.594403,1.51));
#5473 = VECTOR('',#5474,1.);
#5474 = DIRECTION('',(0.,0.,1.));
#5475 = ORIENTED_EDGE('',*,*,#5476,.F.);
#5476 = EDGE_CURVE('',#5437,#5469,#5477,.T.);
#5477 = LINE('',#5478,#5479);
#5478 = CARTESIAN_POINT('',(157.787,-127.594402,1.51));
#5479 = VECTOR('',#5480,1.);
#5480 = DIRECTION('',(-1.,-4.502779441819E-08,0.));
#5481 = PLANE('',#5482);
#5482 = AXIS2_PLACEMENT_3D('',#5483,#5484,#5485);
#5483 = CARTESIAN_POINT('',(157.787,-127.594402,1.51));
#5484 = DIRECTION('',(4.502779441819E-08,-1.,0.));
#5485 = DIRECTION('',(-1.,-4.502779441819E-08,0.));
#5486 = ADVANCED_FACE('',(#5487),#5514,.F.);
#5487 = FACE_BOUND('',#5488,.T.);
#5488 = EDGE_LOOP('',(#5489,#5490,#5499,#5507));
#5489 = ORIENTED_EDGE('',*,*,#5468,.T.);
#5490 = ORIENTED_EDGE('',*,*,#5491,.T.);
#5491 = EDGE_CURVE('',#5461,#5492,#5494,.T.);
#5492 = VERTEX_POINT('',#5493);
#5493 = CARTESIAN_POINT('',(134.805001,-128.367897,1.545));
#5494 = CIRCLE('',#5495,0.862152239152);
#5495 = AXIS2_PLACEMENT_3D('',#5496,#5497,#5498);
#5496 = CARTESIAN_POINT('',(135.66300164691,-128.4524036469,1.545));
#5497 = DIRECTION('',(0.,0.,1.));
#5498 = DIRECTION('',(-9.801824210966E-02,0.995184618156,0.));
#5499 = ORIENTED_EDGE('',*,*,#5500,.F.);
#5500 = EDGE_CURVE('',#5501,#5492,#5503,.T.);
#5501 = VERTEX_POINT('',#5502);
#5502 = CARTESIAN_POINT('',(134.805001,-128.367897,1.51));
#5503 = LINE('',#5504,#5505);
#5504 = CARTESIAN_POINT('',(134.805001,-128.367897,1.51));
#5505 = VECTOR('',#5506,1.);
#5506 = DIRECTION('',(0.,0.,1.));
#5507 = ORIENTED_EDGE('',*,*,#5508,.F.);
#5508 = EDGE_CURVE('',#5469,#5501,#5509,.T.);
#5509 = CIRCLE('',#5510,0.862152239152);
#5510 = AXIS2_PLACEMENT_3D('',#5511,#5512,#5513);
#5511 = CARTESIAN_POINT('',(135.66300164691,-128.4524036469,1.51));
#5512 = DIRECTION('',(0.,0.,1.));
#5513 = DIRECTION('',(-9.801824210966E-02,0.995184618156,0.));
#5514 = CYLINDRICAL_SURFACE('',#5515,0.862152239152);
#5515 = AXIS2_PLACEMENT_3D('',#5516,#5517,#5518);
#5516 = CARTESIAN_POINT('',(135.66300164691,-128.4524036469,1.51));
#5517 = DIRECTION('',(-0.,-0.,-1.));
#5518 = DIRECTION('',(-9.801824210966E-02,0.995184618156,0.));
#5519 = ADVANCED_FACE('',(#5520),#5545,.T.);
#5520 = FACE_BOUND('',#5521,.T.);
#5521 = EDGE_LOOP('',(#5522,#5523,#5531,#5539));
#5522 = ORIENTED_EDGE('',*,*,#5500,.T.);
#5523 = ORIENTED_EDGE('',*,*,#5524,.T.);
#5524 = EDGE_CURVE('',#5492,#5525,#5527,.T.);
#5525 = VERTEX_POINT('',#5526);
#5526 = CARTESIAN_POINT('',(134.805001,-129.090907,1.545));
#5527 = LINE('',#5528,#5529);
#5528 = CARTESIAN_POINT('',(134.805001,-128.367897,1.545));
#5529 = VECTOR('',#5530,1.);
#5530 = DIRECTION('',(0.,-1.,0.));
#5531 = ORIENTED_EDGE('',*,*,#5532,.F.);
#5532 = EDGE_CURVE('',#5533,#5525,#5535,.T.);
#5533 = VERTEX_POINT('',#5534);
#5534 = CARTESIAN_POINT('',(134.805001,-129.090907,1.51));
#5535 = LINE('',#5536,#5537);
#5536 = CARTESIAN_POINT('',(134.805001,-129.090907,1.51));
#5537 = VECTOR('',#5538,1.);
#5538 = DIRECTION('',(0.,0.,1.));
#5539 = ORIENTED_EDGE('',*,*,#5540,.F.);
#5540 = EDGE_CURVE('',#5501,#5533,#5541,.T.);
#5541 = LINE('',#5542,#5543);
#5542 = CARTESIAN_POINT('',(134.805001,-128.367897,1.51));
#5543 = VECTOR('',#5544,1.);
#5544 = DIRECTION('',(0.,-1.,0.));
#5545 = PLANE('',#5546);
#5546 = AXIS2_PLACEMENT_3D('',#5547,#5548,#5549);
#5547 = CARTESIAN_POINT('',(134.805001,-128.367897,1.51));
#5548 = DIRECTION('',(1.,0.,-0.));
#5549 = DIRECTION('',(0.,-1.,0.));
#5550 = ADVANCED_FACE('',(#5551),#5578,.F.);
#5551 = FACE_BOUND('',#5552,.T.);
#5552 = EDGE_LOOP('',(#5553,#5554,#5563,#5571));
#5553 = ORIENTED_EDGE('',*,*,#5532,.T.);
#5554 = ORIENTED_EDGE('',*,*,#5555,.T.);
#5555 = EDGE_CURVE('',#5525,#5556,#5558,.T.);
#5556 = VERTEX_POINT('',#5557);
#5557 = CARTESIAN_POINT('',(135.578495,-129.864401,1.545));
#5558 = CIRCLE('',#5559,0.862152239152);
#5559 = AXIS2_PLACEMENT_3D('',#5560,#5561,#5562);
#5560 = CARTESIAN_POINT('',(135.66300164691,-129.006400353,1.545));
#5561 = DIRECTION('',(0.,0.,1.));
#5562 = DIRECTION('',(-0.995184618156,-9.801824210954E-02,0.));
#5563 = ORIENTED_EDGE('',*,*,#5564,.F.);
#5564 = EDGE_CURVE('',#5565,#5556,#5567,.T.);
#5565 = VERTEX_POINT('',#5566);
#5566 = CARTESIAN_POINT('',(135.578495,-129.864401,1.51));
#5567 = LINE('',#5568,#5569);
#5568 = CARTESIAN_POINT('',(135.578495,-129.864401,1.51));
#5569 = VECTOR('',#5570,1.);
#5570 = DIRECTION('',(0.,0.,1.));
#5571 = ORIENTED_EDGE('',*,*,#5572,.F.);
#5572 = EDGE_CURVE('',#5533,#5565,#5573,.T.);
#5573 = CIRCLE('',#5574,0.862152239152);
#5574 = AXIS2_PLACEMENT_3D('',#5575,#5576,#5577);
#5575 = CARTESIAN_POINT('',(135.66300164691,-129.006400353,1.51));
#5576 = DIRECTION('',(0.,0.,1.));
#5577 = DIRECTION('',(-0.995184618156,-9.801824210954E-02,0.));
#5578 = CYLINDRICAL_SURFACE('',#5579,0.862152239152);
#5579 = AXIS2_PLACEMENT_3D('',#5580,#5581,#5582);
#5580 = CARTESIAN_POINT('',(135.66300164691,-129.006400353,1.51));
#5581 = DIRECTION('',(-0.,-0.,-1.));
#5582 = DIRECTION('',(-0.995184618156,-9.801824210954E-02,0.));
#5583 = ADVANCED_FACE('',(#5584),#5609,.T.);
#5584 = FACE_BOUND('',#5585,.T.);
#5585 = EDGE_LOOP('',(#5586,#5587,#5595,#5603));
#5586 = ORIENTED_EDGE('',*,*,#5564,.T.);
#5587 = ORIENTED_EDGE('',*,*,#5588,.T.);
#5588 = EDGE_CURVE('',#5556,#5589,#5591,.T.);
#5589 = VERTEX_POINT('',#5590);
#5590 = CARTESIAN_POINT('',(157.387,-129.864402,1.545));
#5591 = LINE('',#5592,#5593);
#5592 = CARTESIAN_POINT('',(135.578495,-129.864401,1.545));
#5593 = VECTOR('',#5594,1.);
#5594 = DIRECTION('',(1.,-4.585367157891E-08,0.));
#5595 = ORIENTED_EDGE('',*,*,#5596,.F.);
#5596 = EDGE_CURVE('',#5597,#5589,#5599,.T.);
#5597 = VERTEX_POINT('',#5598);
#5598 = CARTESIAN_POINT('',(157.387,-129.864402,1.51));
#5599 = LINE('',#5600,#5601);
#5600 = CARTESIAN_POINT('',(157.387,-129.864402,1.51));
#5601 = VECTOR('',#5602,1.);
#5602 = DIRECTION('',(0.,0.,1.));
#5603 = ORIENTED_EDGE('',*,*,#5604,.F.);
#5604 = EDGE_CURVE('',#5565,#5597,#5605,.T.);
#5605 = LINE('',#5606,#5607);
#5606 = CARTESIAN_POINT('',(135.578495,-129.864401,1.51));
#5607 = VECTOR('',#5608,1.);
#5608 = DIRECTION('',(1.,-4.585367157891E-08,0.));
#5609 = PLANE('',#5610);
#5610 = AXIS2_PLACEMENT_3D('',#5611,#5612,#5613);
#5611 = CARTESIAN_POINT('',(135.578495,-129.864401,1.51));
#5612 = DIRECTION('',(4.585367157891E-08,1.,-0.));
#5613 = DIRECTION('',(1.,-4.585367157891E-08,0.));
#5614 = ADVANCED_FACE('',(#5615),#5642,.T.);
#5615 = FACE_BOUND('',#5616,.T.);
#5616 = EDGE_LOOP('',(#5617,#5618,#5627,#5635));
#5617 = ORIENTED_EDGE('',*,*,#5596,.T.);
#5618 = ORIENTED_EDGE('',*,*,#5619,.T.);
#5619 = EDGE_CURVE('',#5589,#5620,#5622,.T.);
#5620 = VERTEX_POINT('',#5621);
#5621 = CARTESIAN_POINT('',(158.745,-131.222402,1.545));
#5622 = CIRCLE('',#5623,1.35800003022);
#5623 = AXIS2_PLACEMENT_3D('',#5624,#5625,#5626);
#5624 = CARTESIAN_POINT('',(157.38699996978,-131.2224020302,1.545));
#5625 = DIRECTION('',(0.,0.,-1.));
#5626 = DIRECTION('',(2.225354918688E-08,1.,0.));
#5627 = ORIENTED_EDGE('',*,*,#5628,.F.);
#5628 = EDGE_CURVE('',#5629,#5620,#5631,.T.);
#5629 = VERTEX_POINT('',#5630);
#5630 = CARTESIAN_POINT('',(158.745,-131.222402,1.51));
#5631 = LINE('',#5632,#5633);
#5632 = CARTESIAN_POINT('',(158.745,-131.222402,1.51));
#5633 = VECTOR('',#5634,1.);
#5634 = DIRECTION('',(0.,0.,1.));
#5635 = ORIENTED_EDGE('',*,*,#5636,.F.);
#5636 = EDGE_CURVE('',#5597,#5629,#5637,.T.);
#5637 = CIRCLE('',#5638,1.35800003022);
#5638 = AXIS2_PLACEMENT_3D('',#5639,#5640,#5641);
#5639 = CARTESIAN_POINT('',(157.38699996978,-131.2224020302,1.51));
#5640 = DIRECTION('',(0.,0.,-1.));
#5641 = DIRECTION('',(2.225354918688E-08,1.,0.));
#5642 = CYLINDRICAL_SURFACE('',#5643,1.35800003022);
#5643 = AXIS2_PLACEMENT_3D('',#5644,#5645,#5646);
#5644 = CARTESIAN_POINT('',(157.38699996978,-131.2224020302,1.51));
#5645 = DIRECTION('',(0.,0.,-1.));
#5646 = DIRECTION('',(2.225354918688E-08,1.,0.));
#5647 = ADVANCED_FACE('',(#5648),#5673,.T.);
#5648 = FACE_BOUND('',#5649,.T.);
#5649 = EDGE_LOOP('',(#5650,#5651,#5659,#5667));
#5650 = ORIENTED_EDGE('',*,*,#5628,.T.);
#5651 = ORIENTED_EDGE('',*,*,#5652,.T.);
#5652 = EDGE_CURVE('',#5620,#5653,#5655,.T.);
#5653 = VERTEX_POINT('',#5654);
#5654 = CARTESIAN_POINT('',(158.745,-131.776402,1.545));
#5655 = LINE('',#5656,#5657);
#5656 = CARTESIAN_POINT('',(158.745,-131.222402,1.545));
#5657 = VECTOR('',#5658,1.);
#5658 = DIRECTION('',(0.,-1.,0.));
#5659 = ORIENTED_EDGE('',*,*,#5660,.F.);
#5660 = EDGE_CURVE('',#5661,#5653,#5663,.T.);
#5661 = VERTEX_POINT('',#5662);
#5662 = CARTESIAN_POINT('',(158.745,-131.776402,1.51));
#5663 = LINE('',#5664,#5665);
#5664 = CARTESIAN_POINT('',(158.745,-131.776402,1.51));
#5665 = VECTOR('',#5666,1.);
#5666 = DIRECTION('',(0.,0.,1.));
#5667 = ORIENTED_EDGE('',*,*,#5668,.F.);
#5668 = EDGE_CURVE('',#5629,#5661,#5669,.T.);
#5669 = LINE('',#5670,#5671);
#5670 = CARTESIAN_POINT('',(158.745,-131.222402,1.51));
#5671 = VECTOR('',#5672,1.);
#5672 = DIRECTION('',(0.,-1.,0.));
#5673 = PLANE('',#5674);
#5674 = AXIS2_PLACEMENT_3D('',#5675,#5676,#5677);
#5675 = CARTESIAN_POINT('',(158.745,-131.222402,1.51));
#5676 = DIRECTION('',(1.,0.,-0.));
#5677 = DIRECTION('',(0.,-1.,0.));
#5678 = ADVANCED_FACE('',(#5679),#5706,.T.);
#5679 = FACE_BOUND('',#5680,.T.);
#5680 = EDGE_LOOP('',(#5681,#5682,#5691,#5699));
#5681 = ORIENTED_EDGE('',*,*,#5660,.T.);
#5682 = ORIENTED_EDGE('',*,*,#5683,.T.);
#5683 = EDGE_CURVE('',#5653,#5684,#5686,.T.);
#5684 = VERTEX_POINT('',#5685);
#5685 = CARTESIAN_POINT('',(157.387,-133.134402,1.545));
#5686 = CIRCLE('',#5687,1.35800003022);
#5687 = AXIS2_PLACEMENT_3D('',#5688,#5689,#5690);
#5688 = CARTESIAN_POINT('',(157.38699996978,-131.7764019697,1.545));
#5689 = DIRECTION('',(0.,0.,-1.));
#5690 = DIRECTION('',(1.,-2.225357011597E-08,0.));
#5691 = ORIENTED_EDGE('',*,*,#5692,.F.);
#5692 = EDGE_CURVE('',#5693,#5684,#5695,.T.);
#5693 = VERTEX_POINT('',#5694);
#5694 = CARTESIAN_POINT('',(157.387,-133.134402,1.51));
#5695 = LINE('',#5696,#5697);
#5696 = CARTESIAN_POINT('',(157.387,-133.134402,1.51));
#5697 = VECTOR('',#5698,1.);
#5698 = DIRECTION('',(0.,0.,1.));
#5699 = ORIENTED_EDGE('',*,*,#5700,.F.);
#5700 = EDGE_CURVE('',#5661,#5693,#5701,.T.);
#5701 = CIRCLE('',#5702,1.35800003022);
#5702 = AXIS2_PLACEMENT_3D('',#5703,#5704,#5705);
#5703 = CARTESIAN_POINT('',(157.38699996978,-131.7764019697,1.51));
#5704 = DIRECTION('',(0.,0.,-1.));
#5705 = DIRECTION('',(1.,-2.225357011597E-08,0.));
#5706 = CYLINDRICAL_SURFACE('',#5707,1.35800003022);
#5707 = AXIS2_PLACEMENT_3D('',#5708,#5709,#5710);
#5708 = CARTESIAN_POINT('',(157.38699996978,-131.7764019697,1.51));
#5709 = DIRECTION('',(0.,0.,-1.));
#5710 = DIRECTION('',(1.,-2.225357011597E-08,0.));
#5711 = ADVANCED_FACE('',(#5712),#5737,.T.);
#5712 = FACE_BOUND('',#5713,.T.);
#5713 = EDGE_LOOP('',(#5714,#5715,#5723,#5731));
#5714 = ORIENTED_EDGE('',*,*,#5692,.T.);
#5715 = ORIENTED_EDGE('',*,*,#5716,.T.);
#5716 = EDGE_CURVE('',#5684,#5717,#5719,.T.);
#5717 = VERTEX_POINT('',#5718);
#5718 = CARTESIAN_POINT('',(156.798495,-133.134403,1.545));
#5719 = LINE('',#5720,#5721);
#5720 = CARTESIAN_POINT('',(157.387,-133.134402,1.545));
#5721 = VECTOR('',#5722,1.);
#5722 = DIRECTION('',(-0.999999999999,-1.699220902921E-06,0.));
#5723 = ORIENTED_EDGE('',*,*,#5724,.F.);
#5724 = EDGE_CURVE('',#5725,#5717,#5727,.T.);
#5725 = VERTEX_POINT('',#5726);
#5726 = CARTESIAN_POINT('',(156.798495,-133.134403,1.51));
#5727 = LINE('',#5728,#5729);
#5728 = CARTESIAN_POINT('',(156.798495,-133.134403,1.51));
#5729 = VECTOR('',#5730,1.);
#5730 = DIRECTION('',(0.,0.,1.));
#5731 = ORIENTED_EDGE('',*,*,#5732,.F.);
#5732 = EDGE_CURVE('',#5693,#5725,#5733,.T.);
#5733 = LINE('',#5734,#5735);
#5734 = CARTESIAN_POINT('',(157.387,-133.134402,1.51));
#5735 = VECTOR('',#5736,1.);
#5736 = DIRECTION('',(-0.999999999999,-1.699220902921E-06,0.));
#5737 = PLANE('',#5738);
#5738 = AXIS2_PLACEMENT_3D('',#5739,#5740,#5741);
#5739 = CARTESIAN_POINT('',(157.387,-133.134402,1.51));
#5740 = DIRECTION('',(1.699220902921E-06,-0.999999999999,0.));
#5741 = DIRECTION('',(-0.999999999999,-1.699220902921E-06,0.));
#5742 = ADVANCED_FACE('',(#5743),#5770,.F.);
#5743 = FACE_BOUND('',#5744,.T.);
#5744 = EDGE_LOOP('',(#5745,#5746,#5755,#5763));
#5745 = ORIENTED_EDGE('',*,*,#5724,.T.);
#5746 = ORIENTED_EDGE('',*,*,#5747,.T.);
#5747 = EDGE_CURVE('',#5717,#5748,#5750,.T.);
#5748 = VERTEX_POINT('',#5749);
#5749 = CARTESIAN_POINT('',(156.025001,-133.907897,1.545));
#5750 = CIRCLE('',#5751,0.862152239152);
#5751 = AXIS2_PLACEMENT_3D('',#5752,#5753,#5754);
#5752 = CARTESIAN_POINT('',(156.88300164691,-133.9924036469,1.545));
#5753 = DIRECTION('',(0.,0.,1.));
#5754 = DIRECTION('',(-9.801824210966E-02,0.995184618156,0.));
#5755 = ORIENTED_EDGE('',*,*,#5756,.F.);
#5756 = EDGE_CURVE('',#5757,#5748,#5759,.T.);
#5757 = VERTEX_POINT('',#5758);
#5758 = CARTESIAN_POINT('',(156.025001,-133.907897,1.51));
#5759 = LINE('',#5760,#5761);
#5760 = CARTESIAN_POINT('',(156.025001,-133.907897,1.51));
#5761 = VECTOR('',#5762,1.);
#5762 = DIRECTION('',(0.,0.,1.));
#5763 = ORIENTED_EDGE('',*,*,#5764,.F.);
#5764 = EDGE_CURVE('',#5725,#5757,#5765,.T.);
#5765 = CIRCLE('',#5766,0.862152239152);
#5766 = AXIS2_PLACEMENT_3D('',#5767,#5768,#5769);
#5767 = CARTESIAN_POINT('',(156.88300164691,-133.9924036469,1.51));
#5768 = DIRECTION('',(0.,0.,1.));
#5769 = DIRECTION('',(-9.801824210966E-02,0.995184618156,0.));
#5770 = CYLINDRICAL_SURFACE('',#5771,0.862152239152);
#5771 = AXIS2_PLACEMENT_3D('',#5772,#5773,#5774);
#5772 = CARTESIAN_POINT('',(156.88300164691,-133.9924036469,1.51));
#5773 = DIRECTION('',(-0.,-0.,-1.));
#5774 = DIRECTION('',(-9.801824210966E-02,0.995184618156,0.));
#5775 = ADVANCED_FACE('',(#5776),#5801,.T.);
#5776 = FACE_BOUND('',#5777,.T.);
#5777 = EDGE_LOOP('',(#5778,#5779,#5787,#5795));
#5778 = ORIENTED_EDGE('',*,*,#5756,.T.);
#5779 = ORIENTED_EDGE('',*,*,#5780,.T.);
#5780 = EDGE_CURVE('',#5748,#5781,#5783,.T.);
#5781 = VERTEX_POINT('',#5782);
#5782 = CARTESIAN_POINT('',(156.025,-134.475,1.545));
#5783 = LINE('',#5784,#5785);
#5784 = CARTESIAN_POINT('',(156.025001,-133.907897,1.545));
#5785 = VECTOR('',#5786,1.);
#5786 = DIRECTION('',(-1.763348099858E-06,-0.999999999998,0.));
#5787 = ORIENTED_EDGE('',*,*,#5788,.F.);
#5788 = EDGE_CURVE('',#5789,#5781,#5791,.T.);
#5789 = VERTEX_POINT('',#5790);
#5790 = CARTESIAN_POINT('',(156.025,-134.475,1.51));
#5791 = LINE('',#5792,#5793);
#5792 = CARTESIAN_POINT('',(156.025,-134.475,1.51));
#5793 = VECTOR('',#5794,1.);
#5794 = DIRECTION('',(0.,0.,1.));
#5795 = ORIENTED_EDGE('',*,*,#5796,.F.);
#5796 = EDGE_CURVE('',#5757,#5789,#5797,.T.);
#5797 = LINE('',#5798,#5799);
#5798 = CARTESIAN_POINT('',(156.025001,-133.907897,1.51));
#5799 = VECTOR('',#5800,1.);
#5800 = DIRECTION('',(-1.763348099858E-06,-0.999999999998,0.));
#5801 = PLANE('',#5802);
#5802 = AXIS2_PLACEMENT_3D('',#5803,#5804,#5805);
#5803 = CARTESIAN_POINT('',(156.025001,-133.907897,1.51));
#5804 = DIRECTION('',(0.999999999998,-1.763348099858E-06,0.));
#5805 = DIRECTION('',(-1.763348099858E-06,-0.999999999998,0.));
#5806 = ADVANCED_FACE('',(#5807),#5834,.T.);
#5807 = FACE_BOUND('',#5808,.T.);
#5808 = EDGE_LOOP('',(#5809,#5810,#5819,#5827));
#5809 = ORIENTED_EDGE('',*,*,#5788,.T.);
#5810 = ORIENTED_EDGE('',*,*,#5811,.T.);
#5811 = EDGE_CURVE('',#5781,#5812,#5814,.T.);
#5812 = VERTEX_POINT('',#5813);
#5813 = CARTESIAN_POINT('',(155.951777,-134.651777,1.545));
#5814 = CIRCLE('',#5815,0.250008866287);
#5815 = AXIS2_PLACEMENT_3D('',#5816,#5817,#5818);
#5816 = CARTESIAN_POINT('',(155.77499113373,-134.4749969368,1.545));
#5817 = DIRECTION('',(0.,0.,-1.));
#5818 = DIRECTION('',(0.999999999925,-1.225196887618E-05,0.));
#5819 = ORIENTED_EDGE('',*,*,#5820,.F.);
#5820 = EDGE_CURVE('',#5821,#5812,#5823,.T.);
#5821 = VERTEX_POINT('',#5822);
#5822 = CARTESIAN_POINT('',(155.951777,-134.651777,1.51));
#5823 = LINE('',#5824,#5825);
#5824 = CARTESIAN_POINT('',(155.951777,-134.651777,1.51));
#5825 = VECTOR('',#5826,1.);
#5826 = DIRECTION('',(0.,0.,1.));
#5827 = ORIENTED_EDGE('',*,*,#5828,.F.);
#5828 = EDGE_CURVE('',#5789,#5821,#5829,.T.);
#5829 = CIRCLE('',#5830,0.250008866287);
#5830 = AXIS2_PLACEMENT_3D('',#5831,#5832,#5833);
#5831 = CARTESIAN_POINT('',(155.77499113373,-134.4749969368,1.51));
#5832 = DIRECTION('',(0.,0.,-1.));
#5833 = DIRECTION('',(0.999999999925,-1.225196887618E-05,0.));
#5834 = CYLINDRICAL_SURFACE('',#5835,0.250008866287);
#5835 = AXIS2_PLACEMENT_3D('',#5836,#5837,#5838);
#5836 = CARTESIAN_POINT('',(155.77499113373,-134.4749969368,1.51));
#5837 = DIRECTION('',(0.,0.,-1.));
#5838 = DIRECTION('',(0.999999999925,-1.225196887618E-05,0.));
#5839 = ADVANCED_FACE('',(#5840),#5865,.T.);
#5840 = FACE_BOUND('',#5841,.T.);
#5841 = EDGE_LOOP('',(#5842,#5843,#5851,#5859));
#5842 = ORIENTED_EDGE('',*,*,#5820,.T.);
#5843 = ORIENTED_EDGE('',*,*,#5844,.T.);
#5844 = EDGE_CURVE('',#5812,#5845,#5847,.T.);
#5845 = VERTEX_POINT('',#5846);
#5846 = CARTESIAN_POINT('',(154.926777,-135.676777,1.545));
#5847 = LINE('',#5848,#5849);
#5848 = CARTESIAN_POINT('',(155.951777,-134.651777,1.545));
#5849 = VECTOR('',#5850,1.);
#5850 = DIRECTION('',(-0.707106781187,-0.707106781187,0.));
#5851 = ORIENTED_EDGE('',*,*,#5852,.F.);
#5852 = EDGE_CURVE('',#5853,#5845,#5855,.T.);
#5853 = VERTEX_POINT('',#5854);
#5854 = CARTESIAN_POINT('',(154.926777,-135.676777,1.51));
#5855 = LINE('',#5856,#5857);
#5856 = CARTESIAN_POINT('',(154.926777,-135.676777,1.51));
#5857 = VECTOR('',#5858,1.);
#5858 = DIRECTION('',(0.,0.,1.));
#5859 = ORIENTED_EDGE('',*,*,#5860,.F.);
#5860 = EDGE_CURVE('',#5821,#5853,#5861,.T.);
#5861 = LINE('',#5862,#5863);
#5862 = CARTESIAN_POINT('',(155.951777,-134.651777,1.51));
#5863 = VECTOR('',#5864,1.);
#5864 = DIRECTION('',(-0.707106781187,-0.707106781187,0.));
#5865 = PLANE('',#5866);
#5866 = AXIS2_PLACEMENT_3D('',#5867,#5868,#5869);
#5867 = CARTESIAN_POINT('',(155.951777,-134.651777,1.51));
#5868 = DIRECTION('',(0.707106781187,-0.707106781187,0.));
#5869 = DIRECTION('',(-0.707106781187,-0.707106781187,0.));
#5870 = ADVANCED_FACE('',(#5871),#5898,.T.);
#5871 = FACE_BOUND('',#5872,.T.);
#5872 = EDGE_LOOP('',(#5873,#5874,#5883,#5891));
#5873 = ORIENTED_EDGE('',*,*,#5852,.T.);
#5874 = ORIENTED_EDGE('',*,*,#5875,.T.);
#5875 = EDGE_CURVE('',#5845,#5876,#5878,.T.);
#5876 = VERTEX_POINT('',#5877);
#5877 = CARTESIAN_POINT('',(154.75,-135.75,1.545));
#5878 = CIRCLE('',#5879,0.25000695371);
#5879 = AXIS2_PLACEMENT_3D('',#5880,#5881,#5882);
#5880 = CARTESIAN_POINT('',(154.7499977291,-135.4999930463,1.545));
#5881 = DIRECTION('',(0.,0.,-1.));
#5882 = DIRECTION('',(0.707097415772,-0.707116146477,0.));
#5883 = ORIENTED_EDGE('',*,*,#5884,.F.);
#5884 = EDGE_CURVE('',#5885,#5876,#5887,.T.);
#5885 = VERTEX_POINT('',#5886);
#5886 = CARTESIAN_POINT('',(154.75,-135.75,1.51));
#5887 = LINE('',#5888,#5889);
#5888 = CARTESIAN_POINT('',(154.75,-135.75,1.51));
#5889 = VECTOR('',#5890,1.);
#5890 = DIRECTION('',(0.,0.,1.));
#5891 = ORIENTED_EDGE('',*,*,#5892,.F.);
#5892 = EDGE_CURVE('',#5853,#5885,#5893,.T.);
#5893 = CIRCLE('',#5894,0.25000695371);
#5894 = AXIS2_PLACEMENT_3D('',#5895,#5896,#5897);
#5895 = CARTESIAN_POINT('',(154.7499977291,-135.4999930463,1.51));
#5896 = DIRECTION('',(0.,0.,-1.));
#5897 = DIRECTION('',(0.707097415772,-0.707116146477,0.));
#5898 = CYLINDRICAL_SURFACE('',#5899,0.25000695371);
#5899 = AXIS2_PLACEMENT_3D('',#5900,#5901,#5902);
#5900 = CARTESIAN_POINT('',(154.7499977291,-135.4999930463,1.51));
#5901 = DIRECTION('',(0.,0.,-1.));
#5902 = DIRECTION('',(0.707097415772,-0.707116146477,0.));
#5903 = ADVANCED_FACE('',(#5904),#5929,.T.);
#5904 = FACE_BOUND('',#5905,.T.);
#5905 = EDGE_LOOP('',(#5906,#5907,#5915,#5923));
#5906 = ORIENTED_EDGE('',*,*,#5884,.T.);
#5907 = ORIENTED_EDGE('',*,*,#5908,.T.);
#5908 = EDGE_CURVE('',#5876,#5909,#5911,.T.);
#5909 = VERTEX_POINT('',#5910);
#5910 = CARTESIAN_POINT('',(149.036853,-135.75,1.545));
#5911 = LINE('',#5912,#5913);
#5912 = CARTESIAN_POINT('',(154.75,-135.75,1.545));
#5913 = VECTOR('',#5914,1.);
#5914 = DIRECTION('',(-1.,0.,0.));
#5915 = ORIENTED_EDGE('',*,*,#5916,.F.);
#5916 = EDGE_CURVE('',#5917,#5909,#5919,.T.);
#5917 = VERTEX_POINT('',#5918);
#5918 = CARTESIAN_POINT('',(149.036853,-135.75,1.51));
#5919 = LINE('',#5920,#5921);
#5920 = CARTESIAN_POINT('',(149.036853,-135.75,1.51));
#5921 = VECTOR('',#5922,1.);
#5922 = DIRECTION('',(0.,0.,1.));
#5923 = ORIENTED_EDGE('',*,*,#5924,.F.);
#5924 = EDGE_CURVE('',#5885,#5917,#5925,.T.);
#5925 = LINE('',#5926,#5927);
#5926 = CARTESIAN_POINT('',(154.75,-135.75,1.51));
#5927 = VECTOR('',#5928,1.);
#5928 = DIRECTION('',(-1.,0.,0.));
#5929 = PLANE('',#5930);
#5930 = AXIS2_PLACEMENT_3D('',#5931,#5932,#5933);
#5931 = CARTESIAN_POINT('',(154.75,-135.75,1.51));
#5932 = DIRECTION('',(0.,-1.,0.));
#5933 = DIRECTION('',(-1.,0.,0.));
#5934 = ADVANCED_FACE('',(#5935),#5960,.T.);
#5935 = FACE_BOUND('',#5936,.T.);
#5936 = EDGE_LOOP('',(#5937,#5938,#5946,#5954));
#5937 = ORIENTED_EDGE('',*,*,#5916,.T.);
#5938 = ORIENTED_EDGE('',*,*,#5939,.T.);
#5939 = EDGE_CURVE('',#5909,#5940,#5942,.T.);
#5940 = VERTEX_POINT('',#5941);
#5941 = CARTESIAN_POINT('',(149.074951,-135.728004,1.545));
#5942 = LINE('',#5943,#5944);
#5943 = CARTESIAN_POINT('',(149.036853,-135.75,1.545));
#5944 = VECTOR('',#5945,1.);
#5945 = DIRECTION('',(0.866024326518,0.500001865875,0.));
#5946 = ORIENTED_EDGE('',*,*,#5947,.F.);
#5947 = EDGE_CURVE('',#5948,#5940,#5950,.T.);
#5948 = VERTEX_POINT('',#5949);
#5949 = CARTESIAN_POINT('',(149.074951,-135.728004,1.51));
#5950 = LINE('',#5951,#5952);
#5951 = CARTESIAN_POINT('',(149.074951,-135.728004,1.51));
#5952 = VECTOR('',#5953,1.);
#5953 = DIRECTION('',(0.,0.,1.));
#5954 = ORIENTED_EDGE('',*,*,#5955,.F.);
#5955 = EDGE_CURVE('',#5917,#5948,#5956,.T.);
#5956 = LINE('',#5957,#5958);
#5957 = CARTESIAN_POINT('',(149.036853,-135.75,1.51));
#5958 = VECTOR('',#5959,1.);
#5959 = DIRECTION('',(0.866024326518,0.500001865875,0.));
#5960 = PLANE('',#5961);
#5961 = AXIS2_PLACEMENT_3D('',#5962,#5963,#5964);
#5962 = CARTESIAN_POINT('',(149.036853,-135.75,1.51));
#5963 = DIRECTION('',(-0.500001865875,0.866024326518,0.));
#5964 = DIRECTION('',(0.866024326518,0.500001865875,0.));
#5965 = ADVANCED_FACE('',(#5966),#5993,.F.);
#5966 = FACE_BOUND('',#5967,.T.);
#5967 = EDGE_LOOP('',(#5968,#5969,#5978,#5986));
#5968 = ORIENTED_EDGE('',*,*,#5947,.T.);
#5969 = ORIENTED_EDGE('',*,*,#5970,.T.);
#5970 = EDGE_CURVE('',#5940,#5971,#5973,.T.);
#5971 = VERTEX_POINT('',#5972);
#5972 = CARTESIAN_POINT('',(149.074951,-135.271995,1.545));
#5973 = CIRCLE('',#5974,0.287391282);
#5974 = AXIS2_PLACEMENT_3D('',#5975,#5976,#5977);
#5975 = CARTESIAN_POINT('',(148.90000044427,-135.4999995,1.545));
#5976 = DIRECTION('',(0.,-0.,1.));
#5977 = DIRECTION('',(0.608753872107,-0.793359138849,-0.));
#5978 = ORIENTED_EDGE('',*,*,#5979,.F.);
#5979 = EDGE_CURVE('',#5980,#5971,#5982,.T.);
#5980 = VERTEX_POINT('',#5981);
#5981 = CARTESIAN_POINT('',(149.074951,-135.271995,1.51));
#5982 = LINE('',#5983,#5984);
#5983 = CARTESIAN_POINT('',(149.074951,-135.271995,1.51));
#5984 = VECTOR('',#5985,1.);
#5985 = DIRECTION('',(0.,0.,1.));
#5986 = ORIENTED_EDGE('',*,*,#5987,.F.);
#5987 = EDGE_CURVE('',#5948,#5980,#5988,.T.);
#5988 = CIRCLE('',#5989,0.287391282);
#5989 = AXIS2_PLACEMENT_3D('',#5990,#5991,#5992);
#5990 = CARTESIAN_POINT('',(148.90000044427,-135.4999995,1.51));
#5991 = DIRECTION('',(0.,-0.,1.));
#5992 = DIRECTION('',(0.608753872107,-0.793359138849,-0.));
#5993 = CYLINDRICAL_SURFACE('',#5994,0.287391282);
#5994 = AXIS2_PLACEMENT_3D('',#5995,#5996,#5997);
#5995 = CARTESIAN_POINT('',(148.90000044427,-135.4999995,1.51));
#5996 = DIRECTION('',(-0.,0.,-1.));
#5997 = DIRECTION('',(0.608753872107,-0.793359138849,-0.));
#5998 = ADVANCED_FACE('',(#5999),#6024,.T.);
#5999 = FACE_BOUND('',#6000,.T.);
#6000 = EDGE_LOOP('',(#6001,#6002,#6010,#6018));
#6001 = ORIENTED_EDGE('',*,*,#5979,.T.);
#6002 = ORIENTED_EDGE('',*,*,#6003,.T.);
#6003 = EDGE_CURVE('',#5971,#6004,#6006,.T.);
#6004 = VERTEX_POINT('',#6005);
#6005 = CARTESIAN_POINT('',(149.036855,-135.25,1.545));
#6006 = LINE('',#6007,#6008);
#6007 = CARTESIAN_POINT('',(149.074951,-135.271995,1.545));
#6008 = VECTOR('',#6009,1.);
#6009 = DIRECTION('',(-0.866022803656,0.500004503528,0.));
#6010 = ORIENTED_EDGE('',*,*,#6011,.F.);
#6011 = EDGE_CURVE('',#6012,#6004,#6014,.T.);
#6012 = VERTEX_POINT('',#6013);
#6013 = CARTESIAN_POINT('',(149.036855,-135.25,1.51));
#6014 = LINE('',#6015,#6016);
#6015 = CARTESIAN_POINT('',(149.036855,-135.25,1.51));
#6016 = VECTOR('',#6017,1.);
#6017 = DIRECTION('',(0.,0.,1.));
#6018 = ORIENTED_EDGE('',*,*,#6019,.F.);
#6019 = EDGE_CURVE('',#5980,#6012,#6020,.T.);
#6020 = LINE('',#6021,#6022);
#6021 = CARTESIAN_POINT('',(149.074951,-135.271995,1.51));
#6022 = VECTOR('',#6023,1.);
#6023 = DIRECTION('',(-0.866022803656,0.500004503528,0.));
#6024 = PLANE('',#6025);
#6025 = AXIS2_PLACEMENT_3D('',#6026,#6027,#6028);
#6026 = CARTESIAN_POINT('',(149.074951,-135.271995,1.51));
#6027 = DIRECTION('',(-0.500004503528,-0.866022803656,0.));
#6028 = DIRECTION('',(-0.866022803656,0.500004503528,0.));
#6029 = ADVANCED_FACE('',(#6030),#6055,.T.);
#6030 = FACE_BOUND('',#6031,.T.);
#6031 = EDGE_LOOP('',(#6032,#6033,#6041,#6049));
#6032 = ORIENTED_EDGE('',*,*,#6011,.T.);
#6033 = ORIENTED_EDGE('',*,*,#6034,.T.);
#6034 = EDGE_CURVE('',#6004,#6035,#6037,.T.);
#6035 = VERTEX_POINT('',#6036);
#6036 = CARTESIAN_POINT('',(154.646446,-135.25,1.545));
#6037 = LINE('',#6038,#6039);
#6038 = CARTESIAN_POINT('',(149.036855,-135.25,1.545));
#6039 = VECTOR('',#6040,1.);
#6040 = DIRECTION('',(1.,0.,0.));
#6041 = ORIENTED_EDGE('',*,*,#6042,.F.);
#6042 = EDGE_CURVE('',#6043,#6035,#6045,.T.);
#6043 = VERTEX_POINT('',#6044);
#6044 = CARTESIAN_POINT('',(154.646446,-135.25,1.51));
#6045 = LINE('',#6046,#6047);
#6046 = CARTESIAN_POINT('',(154.646446,-135.25,1.51));
#6047 = VECTOR('',#6048,1.);
#6048 = DIRECTION('',(0.,0.,1.));
#6049 = ORIENTED_EDGE('',*,*,#6050,.F.);
#6050 = EDGE_CURVE('',#6012,#6043,#6051,.T.);
#6051 = LINE('',#6052,#6053);
#6052 = CARTESIAN_POINT('',(149.036855,-135.25,1.51));
#6053 = VECTOR('',#6054,1.);
#6054 = DIRECTION('',(1.,0.,0.));
#6055 = PLANE('',#6056);
#6056 = AXIS2_PLACEMENT_3D('',#6057,#6058,#6059);
#6057 = CARTESIAN_POINT('',(149.036855,-135.25,1.51));
#6058 = DIRECTION('',(0.,1.,0.));
#6059 = DIRECTION('',(1.,0.,0.));
#6060 = ADVANCED_FACE('',(#6061),#6086,.T.);
#6061 = FACE_BOUND('',#6062,.T.);
#6062 = EDGE_LOOP('',(#6063,#6064,#6072,#6080));
#6063 = ORIENTED_EDGE('',*,*,#6042,.T.);
#6064 = ORIENTED_EDGE('',*,*,#6065,.T.);
#6065 = EDGE_CURVE('',#6035,#6066,#6068,.T.);
#6066 = VERTEX_POINT('',#6067);
#6067 = CARTESIAN_POINT('',(155.525,-134.371446,1.545));
#6068 = LINE('',#6069,#6070);
#6069 = CARTESIAN_POINT('',(154.646446,-135.25,1.545));
#6070 = VECTOR('',#6071,1.);
#6071 = DIRECTION('',(0.707106781187,0.707106781187,0.));
#6072 = ORIENTED_EDGE('',*,*,#6073,.F.);
#6073 = EDGE_CURVE('',#6074,#6066,#6076,.T.);
#6074 = VERTEX_POINT('',#6075);
#6075 = CARTESIAN_POINT('',(155.525,-134.371446,1.51));
#6076 = LINE('',#6077,#6078);
#6077 = CARTESIAN_POINT('',(155.525,-134.371446,1.51));
#6078 = VECTOR('',#6079,1.);
#6079 = DIRECTION('',(0.,0.,1.));
#6080 = ORIENTED_EDGE('',*,*,#6081,.F.);
#6081 = EDGE_CURVE('',#6043,#6074,#6082,.T.);
#6082 = LINE('',#6083,#6084);
#6083 = CARTESIAN_POINT('',(154.646446,-135.25,1.51));
#6084 = VECTOR('',#6085,1.);
#6085 = DIRECTION('',(0.707106781187,0.707106781187,0.));
#6086 = PLANE('',#6087);
#6087 = AXIS2_PLACEMENT_3D('',#6088,#6089,#6090);
#6088 = CARTESIAN_POINT('',(154.646446,-135.25,1.51));
#6089 = DIRECTION('',(-0.707106781187,0.707106781187,0.));
#6090 = DIRECTION('',(0.707106781187,0.707106781187,0.));
#6091 = ADVANCED_FACE('',(#6092),#6117,.T.);
#6092 = FACE_BOUND('',#6093,.T.);
#6093 = EDGE_LOOP('',(#6094,#6095,#6103,#6111));
#6094 = ORIENTED_EDGE('',*,*,#6073,.T.);
#6095 = ORIENTED_EDGE('',*,*,#6096,.T.);
#6096 = EDGE_CURVE('',#6066,#6097,#6099,.T.);
#6097 = VERTEX_POINT('',#6098);
#6098 = CARTESIAN_POINT('',(155.525,-133.992402,1.545));
#6099 = LINE('',#6100,#6101);
#6100 = CARTESIAN_POINT('',(155.525,-134.371446,1.545));
#6101 = VECTOR('',#6102,1.);
#6102 = DIRECTION('',(0.,1.,0.));
#6103 = ORIENTED_EDGE('',*,*,#6104,.F.);
#6104 = EDGE_CURVE('',#6105,#6097,#6107,.T.);
#6105 = VERTEX_POINT('',#6106);
#6106 = CARTESIAN_POINT('',(155.525,-133.992402,1.51));
#6107 = LINE('',#6108,#6109);
#6108 = CARTESIAN_POINT('',(155.525,-133.992402,1.51));
#6109 = VECTOR('',#6110,1.);
#6110 = DIRECTION('',(0.,0.,1.));
#6111 = ORIENTED_EDGE('',*,*,#6112,.F.);
#6112 = EDGE_CURVE('',#6074,#6105,#6113,.T.);
#6113 = LINE('',#6114,#6115);
#6114 = CARTESIAN_POINT('',(155.525,-134.371446,1.51));
#6115 = VECTOR('',#6116,1.);
#6116 = DIRECTION('',(0.,1.,0.));
#6117 = PLANE('',#6118);
#6118 = AXIS2_PLACEMENT_3D('',#6119,#6120,#6121);
#6119 = CARTESIAN_POINT('',(155.525,-134.371446,1.51));
#6120 = DIRECTION('',(-1.,0.,0.));
#6121 = DIRECTION('',(0.,1.,0.));
#6122 = ADVANCED_FACE('',(#6123),#6150,.T.);
#6123 = FACE_BOUND('',#6124,.T.);
#6124 = EDGE_LOOP('',(#6125,#6126,#6135,#6143));
#6125 = ORIENTED_EDGE('',*,*,#6104,.T.);
#6126 = ORIENTED_EDGE('',*,*,#6127,.T.);
#6127 = EDGE_CURVE('',#6097,#6128,#6130,.T.);
#6128 = VERTEX_POINT('',#6129);
#6129 = CARTESIAN_POINT('',(156.883,-132.634402,1.545));
#6130 = CIRCLE('',#6131,1.35800003022);
#6131 = AXIS2_PLACEMENT_3D('',#6132,#6133,#6134);
#6132 = CARTESIAN_POINT('',(156.88300003022,-133.9924020302,1.545));
#6133 = DIRECTION('',(0.,0.,-1.));
#6134 = DIRECTION('',(-1.,2.225354918688E-08,0.));
#6135 = ORIENTED_EDGE('',*,*,#6136,.F.);
#6136 = EDGE_CURVE('',#6137,#6128,#6139,.T.);
#6137 = VERTEX_POINT('',#6138);
#6138 = CARTESIAN_POINT('',(156.883,-132.634402,1.51));
#6139 = LINE('',#6140,#6141);
#6140 = CARTESIAN_POINT('',(156.883,-132.634402,1.51));
#6141 = VECTOR('',#6142,1.);
#6142 = DIRECTION('',(0.,0.,1.));
#6143 = ORIENTED_EDGE('',*,*,#6144,.F.);
#6144 = EDGE_CURVE('',#6105,#6137,#6145,.T.);
#6145 = CIRCLE('',#6146,1.35800003022);
#6146 = AXIS2_PLACEMENT_3D('',#6147,#6148,#6149);
#6147 = CARTESIAN_POINT('',(156.88300003022,-133.9924020302,1.51));
#6148 = DIRECTION('',(0.,0.,-1.));
#6149 = DIRECTION('',(-1.,2.225354918688E-08,0.));
#6150 = CYLINDRICAL_SURFACE('',#6151,1.35800003022);
#6151 = AXIS2_PLACEMENT_3D('',#6152,#6153,#6154);
#6152 = CARTESIAN_POINT('',(156.88300003022,-133.9924020302,1.51));
#6153 = DIRECTION('',(0.,0.,-1.));
#6154 = DIRECTION('',(-1.,2.225354918688E-08,0.));
#6155 = ADVANCED_FACE('',(#6156),#6181,.T.);
#6156 = FACE_BOUND('',#6157,.T.);
#6157 = EDGE_LOOP('',(#6158,#6159,#6167,#6175));
#6158 = ORIENTED_EDGE('',*,*,#6136,.T.);
#6159 = ORIENTED_EDGE('',*,*,#6160,.T.);
#6160 = EDGE_CURVE('',#6128,#6161,#6163,.T.);
#6161 = VERTEX_POINT('',#6162);
#6162 = CARTESIAN_POINT('',(157.471505,-132.634401,1.545));
#6163 = LINE('',#6164,#6165);
#6164 = CARTESIAN_POINT('',(156.883,-132.634402,1.545));
#6165 = VECTOR('',#6166,1.);
#6166 = DIRECTION('',(0.999999999999,1.699220902921E-06,0.));
#6167 = ORIENTED_EDGE('',*,*,#6168,.F.);
#6168 = EDGE_CURVE('',#6169,#6161,#6171,.T.);
#6169 = VERTEX_POINT('',#6170);
#6170 = CARTESIAN_POINT('',(157.471505,-132.634401,1.51));
#6171 = LINE('',#6172,#6173);
#6172 = CARTESIAN_POINT('',(157.471505,-132.634401,1.51));
#6173 = VECTOR('',#6174,1.);
#6174 = DIRECTION('',(0.,0.,1.));
#6175 = ORIENTED_EDGE('',*,*,#6176,.F.);
#6176 = EDGE_CURVE('',#6137,#6169,#6177,.T.);
#6177 = LINE('',#6178,#6179);
#6178 = CARTESIAN_POINT('',(156.883,-132.634402,1.51));
#6179 = VECTOR('',#6180,1.);
#6180 = DIRECTION('',(0.999999999999,1.699220902921E-06,0.));
#6181 = PLANE('',#6182);
#6182 = AXIS2_PLACEMENT_3D('',#6183,#6184,#6185);
#6183 = CARTESIAN_POINT('',(156.883,-132.634402,1.51));
#6184 = DIRECTION('',(-1.699220902921E-06,0.999999999999,0.));
#6185 = DIRECTION('',(0.999999999999,1.699220902921E-06,0.));
#6186 = ADVANCED_FACE('',(#6187),#6214,.F.);
#6187 = FACE_BOUND('',#6188,.T.);
#6188 = EDGE_LOOP('',(#6189,#6190,#6199,#6207));
#6189 = ORIENTED_EDGE('',*,*,#6168,.T.);
#6190 = ORIENTED_EDGE('',*,*,#6191,.T.);
#6191 = EDGE_CURVE('',#6161,#6192,#6194,.T.);
#6192 = VERTEX_POINT('',#6193);
#6193 = CARTESIAN_POINT('',(158.244999,-131.860907,1.545));
#6194 = CIRCLE('',#6195,0.862152239152);
#6195 = AXIS2_PLACEMENT_3D('',#6196,#6197,#6198);
#6196 = CARTESIAN_POINT('',(157.38699835308,-131.776400353,1.545));
#6197 = DIRECTION('',(0.,0.,1.));
#6198 = DIRECTION('',(9.801824210963E-02,-0.995184618156,0.));
#6199 = ORIENTED_EDGE('',*,*,#6200,.F.);
#6200 = EDGE_CURVE('',#6201,#6192,#6203,.T.);
#6201 = VERTEX_POINT('',#6202);
#6202 = CARTESIAN_POINT('',(158.244999,-131.860907,1.51));
#6203 = LINE('',#6204,#6205);
#6204 = CARTESIAN_POINT('',(158.244999,-131.860907,1.51));
#6205 = VECTOR('',#6206,1.);
#6206 = DIRECTION('',(0.,0.,1.));
#6207 = ORIENTED_EDGE('',*,*,#6208,.F.);
#6208 = EDGE_CURVE('',#6169,#6201,#6209,.T.);
#6209 = CIRCLE('',#6210,0.862152239152);
#6210 = AXIS2_PLACEMENT_3D('',#6211,#6212,#6213);
#6211 = CARTESIAN_POINT('',(157.38699835308,-131.776400353,1.51));
#6212 = DIRECTION('',(0.,0.,1.));
#6213 = DIRECTION('',(9.801824210963E-02,-0.995184618156,0.));
#6214 = CYLINDRICAL_SURFACE('',#6215,0.862152239152);
#6215 = AXIS2_PLACEMENT_3D('',#6216,#6217,#6218);
#6216 = CARTESIAN_POINT('',(157.38699835308,-131.776400353,1.51));
#6217 = DIRECTION('',(-0.,-0.,-1.));
#6218 = DIRECTION('',(9.801824210963E-02,-0.995184618156,0.));
#6219 = ADVANCED_FACE('',(#6220),#6245,.T.);
#6220 = FACE_BOUND('',#6221,.T.);
#6221 = EDGE_LOOP('',(#6222,#6223,#6231,#6239));
#6222 = ORIENTED_EDGE('',*,*,#6200,.T.);
#6223 = ORIENTED_EDGE('',*,*,#6224,.T.);
#6224 = EDGE_CURVE('',#6192,#6225,#6227,.T.);
#6225 = VERTEX_POINT('',#6226);
#6226 = CARTESIAN_POINT('',(158.244999,-131.137897,1.545));
#6227 = LINE('',#6228,#6229);
#6228 = CARTESIAN_POINT('',(158.244999,-131.860907,1.545));
#6229 = VECTOR('',#6230,1.);
#6230 = DIRECTION('',(0.,1.,0.));
#6231 = ORIENTED_EDGE('',*,*,#6232,.F.);
#6232 = EDGE_CURVE('',#6233,#6225,#6235,.T.);
#6233 = VERTEX_POINT('',#6234);
#6234 = CARTESIAN_POINT('',(158.244999,-131.137897,1.51));
#6235 = LINE('',#6236,#6237);
#6236 = CARTESIAN_POINT('',(158.244999,-131.137897,1.51));
#6237 = VECTOR('',#6238,1.);
#6238 = DIRECTION('',(0.,0.,1.));
#6239 = ORIENTED_EDGE('',*,*,#6240,.F.);
#6240 = EDGE_CURVE('',#6201,#6233,#6241,.T.);
#6241 = LINE('',#6242,#6243);
#6242 = CARTESIAN_POINT('',(158.244999,-131.860907,1.51));
#6243 = VECTOR('',#6244,1.);
#6244 = DIRECTION('',(0.,1.,0.));
#6245 = PLANE('',#6246);
#6246 = AXIS2_PLACEMENT_3D('',#6247,#6248,#6249);
#6247 = CARTESIAN_POINT('',(158.244999,-131.860907,1.51));
#6248 = DIRECTION('',(-1.,0.,0.));
#6249 = DIRECTION('',(0.,1.,0.));
#6250 = ADVANCED_FACE('',(#6251),#6278,.F.);
#6251 = FACE_BOUND('',#6252,.T.);
#6252 = EDGE_LOOP('',(#6253,#6254,#6263,#6271));
#6253 = ORIENTED_EDGE('',*,*,#6232,.T.);
#6254 = ORIENTED_EDGE('',*,*,#6255,.T.);
#6255 = EDGE_CURVE('',#6225,#6256,#6258,.T.);
#6256 = VERTEX_POINT('',#6257);
#6257 = CARTESIAN_POINT('',(157.471505,-130.364403,1.545));
#6258 = CIRCLE('',#6259,0.862152239152);
#6259 = AXIS2_PLACEMENT_3D('',#6260,#6261,#6262);
#6260 = CARTESIAN_POINT('',(157.38699835308,-131.2224036469,1.545));
#6261 = DIRECTION('',(0.,0.,1.));
#6262 = DIRECTION('',(0.995184618156,9.801824210963E-02,-0.));
#6263 = ORIENTED_EDGE('',*,*,#6264,.F.);
#6264 = EDGE_CURVE('',#6265,#6256,#6267,.T.);
#6265 = VERTEX_POINT('',#6266);
#6266 = CARTESIAN_POINT('',(157.471505,-130.364403,1.51));
#6267 = LINE('',#6268,#6269);
#6268 = CARTESIAN_POINT('',(157.471505,-130.364403,1.51));
#6269 = VECTOR('',#6270,1.);
#6270 = DIRECTION('',(0.,0.,1.));
#6271 = ORIENTED_EDGE('',*,*,#6272,.F.);
#6272 = EDGE_CURVE('',#6233,#6265,#6273,.T.);
#6273 = CIRCLE('',#6274,0.862152239152);
#6274 = AXIS2_PLACEMENT_3D('',#6275,#6276,#6277);
#6275 = CARTESIAN_POINT('',(157.38699835308,-131.2224036469,1.51));
#6276 = DIRECTION('',(0.,0.,1.));
#6277 = DIRECTION('',(0.995184618156,9.801824210963E-02,-0.));
#6278 = CYLINDRICAL_SURFACE('',#6279,0.862152239152);
#6279 = AXIS2_PLACEMENT_3D('',#6280,#6281,#6282);
#6280 = CARTESIAN_POINT('',(157.38699835308,-131.2224036469,1.51));
#6281 = DIRECTION('',(-0.,-0.,-1.));
#6282 = DIRECTION('',(0.995184618156,9.801824210963E-02,-0.));
#6283 = ADVANCED_FACE('',(#6284),#6309,.T.);
#6284 = FACE_BOUND('',#6285,.T.);
#6285 = EDGE_LOOP('',(#6286,#6287,#6295,#6303));
#6286 = ORIENTED_EDGE('',*,*,#6264,.T.);
#6287 = ORIENTED_EDGE('',*,*,#6288,.T.);
#6288 = EDGE_CURVE('',#6256,#6289,#6291,.T.);
#6289 = VERTEX_POINT('',#6290);
#6290 = CARTESIAN_POINT('',(135.663,-130.364402,1.545));
#6291 = LINE('',#6292,#6293);
#6292 = CARTESIAN_POINT('',(157.471505,-130.364403,1.545));
#6293 = VECTOR('',#6294,1.);
#6294 = DIRECTION('',(-1.,4.585367027567E-08,0.));
#6295 = ORIENTED_EDGE('',*,*,#6296,.F.);
#6296 = EDGE_CURVE('',#6297,#6289,#6299,.T.);
#6297 = VERTEX_POINT('',#6298);
#6298 = CARTESIAN_POINT('',(135.663,-130.364402,1.51));
#6299 = LINE('',#6300,#6301);
#6300 = CARTESIAN_POINT('',(135.663,-130.364402,1.51));
#6301 = VECTOR('',#6302,1.);
#6302 = DIRECTION('',(0.,0.,1.));
#6303 = ORIENTED_EDGE('',*,*,#6304,.F.);
#6304 = EDGE_CURVE('',#6265,#6297,#6305,.T.);
#6305 = LINE('',#6306,#6307);
#6306 = CARTESIAN_POINT('',(157.471505,-130.364403,1.51));
#6307 = VECTOR('',#6308,1.);
#6308 = DIRECTION('',(-1.,4.585367027567E-08,0.));
#6309 = PLANE('',#6310);
#6310 = AXIS2_PLACEMENT_3D('',#6311,#6312,#6313);
#6311 = CARTESIAN_POINT('',(157.471505,-130.364403,1.51));
#6312 = DIRECTION('',(-4.585367027567E-08,-1.,0.));
#6313 = DIRECTION('',(-1.,4.585367027567E-08,0.));
#6314 = ADVANCED_FACE('',(#6315),#6342,.T.);
#6315 = FACE_BOUND('',#6316,.T.);
#6316 = EDGE_LOOP('',(#6317,#6318,#6327,#6335));
#6317 = ORIENTED_EDGE('',*,*,#6296,.T.);
#6318 = ORIENTED_EDGE('',*,*,#6319,.T.);
#6319 = EDGE_CURVE('',#6289,#6320,#6322,.T.);
#6320 = VERTEX_POINT('',#6321);
#6321 = CARTESIAN_POINT('',(134.305,-129.006402,1.545));
#6322 = CIRCLE('',#6323,1.35800003022);
#6323 = AXIS2_PLACEMENT_3D('',#6324,#6325,#6326);
#6324 = CARTESIAN_POINT('',(135.66300003022,-129.0064019697,1.545));
#6325 = DIRECTION('',(0.,0.,-1.));
#6326 = DIRECTION('',(-2.225357011597E-08,-1.,-0.));
#6327 = ORIENTED_EDGE('',*,*,#6328,.F.);
#6328 = EDGE_CURVE('',#6329,#6320,#6331,.T.);
#6329 = VERTEX_POINT('',#6330);
#6330 = CARTESIAN_POINT('',(134.305,-129.006402,1.51));
#6331 = LINE('',#6332,#6333);
#6332 = CARTESIAN_POINT('',(134.305,-129.006402,1.51));
#6333 = VECTOR('',#6334,1.);
#6334 = DIRECTION('',(0.,0.,1.));
#6335 = ORIENTED_EDGE('',*,*,#6336,.F.);
#6336 = EDGE_CURVE('',#6297,#6329,#6337,.T.);
#6337 = CIRCLE('',#6338,1.35800003022);
#6338 = AXIS2_PLACEMENT_3D('',#6339,#6340,#6341);
#6339 = CARTESIAN_POINT('',(135.66300003022,-129.0064019697,1.51));
#6340 = DIRECTION('',(0.,0.,-1.));
#6341 = DIRECTION('',(-2.225357011597E-08,-1.,-0.));
#6342 = CYLINDRICAL_SURFACE('',#6343,1.35800003022);
#6343 = AXIS2_PLACEMENT_3D('',#6344,#6345,#6346);
#6344 = CARTESIAN_POINT('',(135.66300003022,-129.0064019697,1.51));
#6345 = DIRECTION('',(0.,0.,-1.));
#6346 = DIRECTION('',(-2.225357011597E-08,-1.,-0.));
#6347 = ADVANCED_FACE('',(#6348),#6373,.T.);
#6348 = FACE_BOUND('',#6349,.T.);
#6349 = EDGE_LOOP('',(#6350,#6351,#6359,#6367));
#6350 = ORIENTED_EDGE('',*,*,#6328,.T.);
#6351 = ORIENTED_EDGE('',*,*,#6352,.T.);
#6352 = EDGE_CURVE('',#6320,#6353,#6355,.T.);
#6353 = VERTEX_POINT('',#6354);
#6354 = CARTESIAN_POINT('',(134.305,-128.452402,1.545));
#6355 = LINE('',#6356,#6357);
#6356 = CARTESIAN_POINT('',(134.305,-129.006402,1.545));
#6357 = VECTOR('',#6358,1.);
#6358 = DIRECTION('',(0.,1.,0.));
#6359 = ORIENTED_EDGE('',*,*,#6360,.F.);
#6360 = EDGE_CURVE('',#6361,#6353,#6363,.T.);
#6361 = VERTEX_POINT('',#6362);
#6362 = CARTESIAN_POINT('',(134.305,-128.452402,1.51));
#6363 = LINE('',#6364,#6365);
#6364 = CARTESIAN_POINT('',(134.305,-128.452402,1.51));
#6365 = VECTOR('',#6366,1.);
#6366 = DIRECTION('',(0.,0.,1.));
#6367 = ORIENTED_EDGE('',*,*,#6368,.F.);
#6368 = EDGE_CURVE('',#6329,#6361,#6369,.T.);
#6369 = LINE('',#6370,#6371);
#6370 = CARTESIAN_POINT('',(134.305,-129.006402,1.51));
#6371 = VECTOR('',#6372,1.);
#6372 = DIRECTION('',(0.,1.,0.));
#6373 = PLANE('',#6374);
#6374 = AXIS2_PLACEMENT_3D('',#6375,#6376,#6377);
#6375 = CARTESIAN_POINT('',(134.305,-129.006402,1.51));
#6376 = DIRECTION('',(-1.,0.,0.));
#6377 = DIRECTION('',(0.,1.,0.));
#6378 = ADVANCED_FACE('',(#6379),#6406,.T.);
#6379 = FACE_BOUND('',#6380,.T.);
#6380 = EDGE_LOOP('',(#6381,#6382,#6391,#6399));
#6381 = ORIENTED_EDGE('',*,*,#6360,.T.);
#6382 = ORIENTED_EDGE('',*,*,#6383,.T.);
#6383 = EDGE_CURVE('',#6353,#6384,#6386,.T.);
#6384 = VERTEX_POINT('',#6385);
#6385 = CARTESIAN_POINT('',(135.663,-127.094402,1.545));
#6386 = CIRCLE('',#6387,1.35800003022);
#6387 = AXIS2_PLACEMENT_3D('',#6388,#6389,#6390);
#6388 = CARTESIAN_POINT('',(135.66300003022,-128.4524020302,1.545));
#6389 = DIRECTION('',(0.,0.,-1.));
#6390 = DIRECTION('',(-1.,2.225357011597E-08,0.));
#6391 = ORIENTED_EDGE('',*,*,#6392,.F.);
#6392 = EDGE_CURVE('',#6393,#6384,#6395,.T.);
#6393 = VERTEX_POINT('',#6394);
#6394 = CARTESIAN_POINT('',(135.663,-127.094402,1.51));
#6395 = LINE('',#6396,#6397);
#6396 = CARTESIAN_POINT('',(135.663,-127.094402,1.51));
#6397 = VECTOR('',#6398,1.);
#6398 = DIRECTION('',(0.,0.,1.));
#6399 = ORIENTED_EDGE('',*,*,#6400,.F.);
#6400 = EDGE_CURVE('',#6361,#6393,#6401,.T.);
#6401 = CIRCLE('',#6402,1.35800003022);
#6402 = AXIS2_PLACEMENT_3D('',#6403,#6404,#6405);
#6403 = CARTESIAN_POINT('',(135.66300003022,-128.4524020302,1.51));
#6404 = DIRECTION('',(0.,0.,-1.));
#6405 = DIRECTION('',(-1.,2.225357011597E-08,0.));
#6406 = CYLINDRICAL_SURFACE('',#6407,1.35800003022);
#6407 = AXIS2_PLACEMENT_3D('',#6408,#6409,#6410);
#6408 = CARTESIAN_POINT('',(135.66300003022,-128.4524020302,1.51));
#6409 = DIRECTION('',(0.,0.,-1.));
#6410 = DIRECTION('',(-1.,2.225357011597E-08,0.));
#6411 = ADVANCED_FACE('',(#6412),#6437,.T.);
#6412 = FACE_BOUND('',#6413,.T.);
#6413 = EDGE_LOOP('',(#6414,#6415,#6423,#6431));
#6414 = ORIENTED_EDGE('',*,*,#6392,.T.);
#6415 = ORIENTED_EDGE('',*,*,#6416,.T.);
#6416 = EDGE_CURVE('',#6384,#6417,#6419,.T.);
#6417 = VERTEX_POINT('',#6418);
#6418 = CARTESIAN_POINT('',(157.871505,-127.094401,1.545));
#6419 = LINE('',#6420,#6421);
#6420 = CARTESIAN_POINT('',(135.663,-127.094402,1.545));
#6421 = VECTOR('',#6422,1.);
#6422 = DIRECTION('',(1.,4.502779441819E-08,0.));
#6423 = ORIENTED_EDGE('',*,*,#6424,.F.);
#6424 = EDGE_CURVE('',#6425,#6417,#6427,.T.);
#6425 = VERTEX_POINT('',#6426);
#6426 = CARTESIAN_POINT('',(157.871505,-127.094401,1.51));
#6427 = LINE('',#6428,#6429);
#6428 = CARTESIAN_POINT('',(157.871505,-127.094401,1.51));
#6429 = VECTOR('',#6430,1.);
#6430 = DIRECTION('',(0.,0.,1.));
#6431 = ORIENTED_EDGE('',*,*,#6432,.F.);
#6432 = EDGE_CURVE('',#6393,#6425,#6433,.T.);
#6433 = LINE('',#6434,#6435);
#6434 = CARTESIAN_POINT('',(135.663,-127.094402,1.51));
#6435 = VECTOR('',#6436,1.);
#6436 = DIRECTION('',(1.,4.502779441819E-08,0.));
#6437 = PLANE('',#6438);
#6438 = AXIS2_PLACEMENT_3D('',#6439,#6440,#6441);
#6439 = CARTESIAN_POINT('',(135.663,-127.094402,1.51));
#6440 = DIRECTION('',(-4.502779441819E-08,1.,0.));
#6441 = DIRECTION('',(1.,4.502779441819E-08,0.));
#6442 = ADVANCED_FACE('',(#6443),#6470,.F.);
#6443 = FACE_BOUND('',#6444,.T.);
#6444 = EDGE_LOOP('',(#6445,#6446,#6455,#6463));
#6445 = ORIENTED_EDGE('',*,*,#6424,.T.);
#6446 = ORIENTED_EDGE('',*,*,#6447,.T.);
#6447 = EDGE_CURVE('',#6417,#6448,#6450,.T.);
#6448 = VERTEX_POINT('',#6449);
#6449 = CARTESIAN_POINT('',(158.644999,-126.320907,1.545));
#6450 = CIRCLE('',#6451,0.862152239152);
#6451 = AXIS2_PLACEMENT_3D('',#6452,#6453,#6454);
#6452 = CARTESIAN_POINT('',(157.78699835308,-126.236400353,1.545));
#6453 = DIRECTION('',(0.,0.,1.));
#6454 = DIRECTION('',(9.801824210966E-02,-0.995184618156,0.));
#6455 = ORIENTED_EDGE('',*,*,#6456,.F.);
#6456 = EDGE_CURVE('',#6457,#6448,#6459,.T.);
#6457 = VERTEX_POINT('',#6458);
#6458 = CARTESIAN_POINT('',(158.644999,-126.320907,1.51));
#6459 = LINE('',#6460,#6461);
#6460 = CARTESIAN_POINT('',(158.644999,-126.320907,1.51));
#6461 = VECTOR('',#6462,1.);
#6462 = DIRECTION('',(0.,0.,1.));
#6463 = ORIENTED_EDGE('',*,*,#6464,.F.);
#6464 = EDGE_CURVE('',#6425,#6457,#6465,.T.);
#6465 = CIRCLE('',#6466,0.862152239152);
#6466 = AXIS2_PLACEMENT_3D('',#6467,#6468,#6469);
#6467 = CARTESIAN_POINT('',(157.78699835308,-126.236400353,1.51));
#6468 = DIRECTION('',(0.,0.,1.));
#6469 = DIRECTION('',(9.801824210966E-02,-0.995184618156,0.));
#6470 = CYLINDRICAL_SURFACE('',#6471,0.862152239152);
#6471 = AXIS2_PLACEMENT_3D('',#6472,#6473,#6474);
#6472 = CARTESIAN_POINT('',(157.78699835308,-126.236400353,1.51));
#6473 = DIRECTION('',(-0.,-0.,-1.));
#6474 = DIRECTION('',(9.801824210966E-02,-0.995184618156,0.));
#6475 = ADVANCED_FACE('',(#6476),#6501,.T.);
#6476 = FACE_BOUND('',#6477,.T.);
#6477 = EDGE_LOOP('',(#6478,#6479,#6487,#6495));
#6478 = ORIENTED_EDGE('',*,*,#6456,.T.);
#6479 = ORIENTED_EDGE('',*,*,#6480,.T.);
#6480 = EDGE_CURVE('',#6448,#6481,#6483,.T.);
#6481 = VERTEX_POINT('',#6482);
#6482 = CARTESIAN_POINT('',(158.644999,-125.597897,1.545));
#6483 = LINE('',#6484,#6485);
#6484 = CARTESIAN_POINT('',(158.644999,-126.320907,1.545));
#6485 = VECTOR('',#6486,1.);
#6486 = DIRECTION('',(0.,1.,0.));
#6487 = ORIENTED_EDGE('',*,*,#6488,.F.);
#6488 = EDGE_CURVE('',#6489,#6481,#6491,.T.);
#6489 = VERTEX_POINT('',#6490);
#6490 = CARTESIAN_POINT('',(158.644999,-125.597897,1.51));
#6491 = LINE('',#6492,#6493);
#6492 = CARTESIAN_POINT('',(158.644999,-125.597897,1.51));
#6493 = VECTOR('',#6494,1.);
#6494 = DIRECTION('',(0.,0.,1.));
#6495 = ORIENTED_EDGE('',*,*,#6496,.F.);
#6496 = EDGE_CURVE('',#6457,#6489,#6497,.T.);
#6497 = LINE('',#6498,#6499);
#6498 = CARTESIAN_POINT('',(158.644999,-126.320907,1.51));
#6499 = VECTOR('',#6500,1.);
#6500 = DIRECTION('',(0.,1.,0.));
#6501 = PLANE('',#6502);
#6502 = AXIS2_PLACEMENT_3D('',#6503,#6504,#6505);
#6503 = CARTESIAN_POINT('',(158.644999,-126.320907,1.51));
#6504 = DIRECTION('',(-1.,0.,0.));
#6505 = DIRECTION('',(0.,1.,0.));
#6506 = ADVANCED_FACE('',(#6507),#6534,.F.);
#6507 = FACE_BOUND('',#6508,.T.);
#6508 = EDGE_LOOP('',(#6509,#6510,#6519,#6527));
#6509 = ORIENTED_EDGE('',*,*,#6488,.T.);
#6510 = ORIENTED_EDGE('',*,*,#6511,.T.);
#6511 = EDGE_CURVE('',#6481,#6512,#6514,.T.);
#6512 = VERTEX_POINT('',#6513);
#6513 = CARTESIAN_POINT('',(157.871505,-124.824403,1.545));
#6514 = CIRCLE('',#6515,0.862152239152);
#6515 = AXIS2_PLACEMENT_3D('',#6516,#6517,#6518);
#6516 = CARTESIAN_POINT('',(157.78699835308,-125.6824036469,1.545));
#6517 = DIRECTION('',(0.,0.,1.));
#6518 = DIRECTION('',(0.995184618156,9.801824210966E-02,-0.));
#6519 = ORIENTED_EDGE('',*,*,#6520,.F.);
#6520 = EDGE_CURVE('',#6521,#6512,#6523,.T.);
#6521 = VERTEX_POINT('',#6522);
#6522 = CARTESIAN_POINT('',(157.871505,-124.824403,1.51));
#6523 = LINE('',#6524,#6525);
#6524 = CARTESIAN_POINT('',(157.871505,-124.824403,1.51));
#6525 = VECTOR('',#6526,1.);
#6526 = DIRECTION('',(0.,0.,1.));
#6527 = ORIENTED_EDGE('',*,*,#6528,.F.);
#6528 = EDGE_CURVE('',#6489,#6521,#6529,.T.);
#6529 = CIRCLE('',#6530,0.862152239152);
#6530 = AXIS2_PLACEMENT_3D('',#6531,#6532,#6533);
#6531 = CARTESIAN_POINT('',(157.78699835308,-125.6824036469,1.51));
#6532 = DIRECTION('',(0.,0.,1.));
#6533 = DIRECTION('',(0.995184618156,9.801824210966E-02,-0.));
#6534 = CYLINDRICAL_SURFACE('',#6535,0.862152239152);
#6535 = AXIS2_PLACEMENT_3D('',#6536,#6537,#6538);
#6536 = CARTESIAN_POINT('',(157.78699835308,-125.6824036469,1.51));
#6537 = DIRECTION('',(-0.,-0.,-1.));
#6538 = DIRECTION('',(0.995184618156,9.801824210966E-02,-0.));
#6539 = ADVANCED_FACE('',(#6540),#6565,.T.);
#6540 = FACE_BOUND('',#6541,.T.);
#6541 = EDGE_LOOP('',(#6542,#6543,#6551,#6559));
#6542 = ORIENTED_EDGE('',*,*,#6520,.T.);
#6543 = ORIENTED_EDGE('',*,*,#6544,.T.);
#6544 = EDGE_CURVE('',#6512,#6545,#6547,.T.);
#6545 = VERTEX_POINT('',#6546);
#6546 = CARTESIAN_POINT('',(135.613,-124.824402,1.545));
#6547 = LINE('',#6548,#6549);
#6548 = CARTESIAN_POINT('',(157.871505,-124.824403,1.545));
#6549 = VECTOR('',#6550,1.);
#6550 = DIRECTION('',(-1.,4.492664702662E-08,0.));
#6551 = ORIENTED_EDGE('',*,*,#6552,.F.);
#6552 = EDGE_CURVE('',#6553,#6545,#6555,.T.);
#6553 = VERTEX_POINT('',#6554);
#6554 = CARTESIAN_POINT('',(135.613,-124.824402,1.51));
#6555 = LINE('',#6556,#6557);
#6556 = CARTESIAN_POINT('',(135.613,-124.824402,1.51));
#6557 = VECTOR('',#6558,1.);
#6558 = DIRECTION('',(0.,0.,1.));
#6559 = ORIENTED_EDGE('',*,*,#6560,.F.);
#6560 = EDGE_CURVE('',#6521,#6553,#6561,.T.);
#6561 = LINE('',#6562,#6563);
#6562 = CARTESIAN_POINT('',(157.871505,-124.824403,1.51));
#6563 = VECTOR('',#6564,1.);
#6564 = DIRECTION('',(-1.,4.492664702662E-08,0.));
#6565 = PLANE('',#6566);
#6566 = AXIS2_PLACEMENT_3D('',#6567,#6568,#6569);
#6567 = CARTESIAN_POINT('',(157.871505,-124.824403,1.51));
#6568 = DIRECTION('',(-4.492664702662E-08,-1.,0.));
#6569 = DIRECTION('',(-1.,4.492664702662E-08,0.));
#6570 = ADVANCED_FACE('',(#6571),#6598,.T.);
#6571 = FACE_BOUND('',#6572,.T.);
#6572 = EDGE_LOOP('',(#6573,#6574,#6583,#6591));
#6573 = ORIENTED_EDGE('',*,*,#6552,.T.);
#6574 = ORIENTED_EDGE('',*,*,#6575,.T.);
#6575 = EDGE_CURVE('',#6545,#6576,#6578,.T.);
#6576 = VERTEX_POINT('',#6577);
#6577 = CARTESIAN_POINT('',(134.255,-123.466402,1.545));
#6578 = CIRCLE('',#6579,1.35800003022);
#6579 = AXIS2_PLACEMENT_3D('',#6580,#6581,#6582);
#6580 = CARTESIAN_POINT('',(135.61300003022,-123.4664019697,1.545));
#6581 = DIRECTION('',(0.,0.,-1.));
#6582 = DIRECTION('',(-2.225359104506E-08,-1.,-0.));
#6583 = ORIENTED_EDGE('',*,*,#6584,.F.);
#6584 = EDGE_CURVE('',#6585,#6576,#6587,.T.);
#6585 = VERTEX_POINT('',#6586);
#6586 = CARTESIAN_POINT('',(134.255,-123.466402,1.51));
#6587 = LINE('',#6588,#6589);
#6588 = CARTESIAN_POINT('',(134.255,-123.466402,1.51));
#6589 = VECTOR('',#6590,1.);
#6590 = DIRECTION('',(0.,0.,1.));
#6591 = ORIENTED_EDGE('',*,*,#6592,.F.);
#6592 = EDGE_CURVE('',#6553,#6585,#6593,.T.);
#6593 = CIRCLE('',#6594,1.35800003022);
#6594 = AXIS2_PLACEMENT_3D('',#6595,#6596,#6597);
#6595 = CARTESIAN_POINT('',(135.61300003022,-123.4664019697,1.51));
#6596 = DIRECTION('',(0.,0.,-1.));
#6597 = DIRECTION('',(-2.225359104506E-08,-1.,-0.));
#6598 = CYLINDRICAL_SURFACE('',#6599,1.35800003022);
#6599 = AXIS2_PLACEMENT_3D('',#6600,#6601,#6602);
#6600 = CARTESIAN_POINT('',(135.61300003022,-123.4664019697,1.51));
#6601 = DIRECTION('',(0.,0.,-1.));
#6602 = DIRECTION('',(-2.225359104506E-08,-1.,-0.));
#6603 = ADVANCED_FACE('',(#6604),#6629,.T.);
#6604 = FACE_BOUND('',#6605,.T.);
#6605 = EDGE_LOOP('',(#6606,#6607,#6615,#6623));
#6606 = ORIENTED_EDGE('',*,*,#6584,.T.);
#6607 = ORIENTED_EDGE('',*,*,#6608,.T.);
#6608 = EDGE_CURVE('',#6576,#6609,#6611,.T.);
#6609 = VERTEX_POINT('',#6610);
#6610 = CARTESIAN_POINT('',(134.255,-122.912402,1.545));
#6611 = LINE('',#6612,#6613);
#6612 = CARTESIAN_POINT('',(134.255,-123.466402,1.545));
#6613 = VECTOR('',#6614,1.);
#6614 = DIRECTION('',(0.,1.,0.));
#6615 = ORIENTED_EDGE('',*,*,#6616,.F.);
#6616 = EDGE_CURVE('',#6617,#6609,#6619,.T.);
#6617 = VERTEX_POINT('',#6618);
#6618 = CARTESIAN_POINT('',(134.255,-122.912402,1.51));
#6619 = LINE('',#6620,#6621);
#6620 = CARTESIAN_POINT('',(134.255,-122.912402,1.51));
#6621 = VECTOR('',#6622,1.);
#6622 = DIRECTION('',(0.,0.,1.));
#6623 = ORIENTED_EDGE('',*,*,#6624,.F.);
#6624 = EDGE_CURVE('',#6585,#6617,#6625,.T.);
#6625 = LINE('',#6626,#6627);
#6626 = CARTESIAN_POINT('',(134.255,-123.466402,1.51));
#6627 = VECTOR('',#6628,1.);
#6628 = DIRECTION('',(0.,1.,0.));
#6629 = PLANE('',#6630);
#6630 = AXIS2_PLACEMENT_3D('',#6631,#6632,#6633);
#6631 = CARTESIAN_POINT('',(134.255,-123.466402,1.51));
#6632 = DIRECTION('',(-1.,0.,0.));
#6633 = DIRECTION('',(0.,1.,0.));
#6634 = ADVANCED_FACE('',(#6635),#6662,.T.);
#6635 = FACE_BOUND('',#6636,.T.);
#6636 = EDGE_LOOP('',(#6637,#6638,#6647,#6655));
#6637 = ORIENTED_EDGE('',*,*,#6616,.T.);
#6638 = ORIENTED_EDGE('',*,*,#6639,.T.);
#6639 = EDGE_CURVE('',#6609,#6640,#6642,.T.);
#6640 = VERTEX_POINT('',#6641);
#6641 = CARTESIAN_POINT('',(135.613,-121.554402,1.545));
#6642 = CIRCLE('',#6643,1.35800003022);
#6643 = AXIS2_PLACEMENT_3D('',#6644,#6645,#6646);
#6644 = CARTESIAN_POINT('',(135.61300003022,-122.9124020302,1.545));
#6645 = DIRECTION('',(0.,0.,-1.));
#6646 = DIRECTION('',(-1.,2.225358058052E-08,0.));
#6647 = ORIENTED_EDGE('',*,*,#6648,.F.);
#6648 = EDGE_CURVE('',#6649,#6640,#6651,.T.);
#6649 = VERTEX_POINT('',#6650);
#6650 = CARTESIAN_POINT('',(135.613,-121.554402,1.51));
#6651 = LINE('',#6652,#6653);
#6652 = CARTESIAN_POINT('',(135.613,-121.554402,1.51));
#6653 = VECTOR('',#6654,1.);
#6654 = DIRECTION('',(0.,0.,1.));
#6655 = ORIENTED_EDGE('',*,*,#6656,.F.);
#6656 = EDGE_CURVE('',#6617,#6649,#6657,.T.);
#6657 = CIRCLE('',#6658,1.35800003022);
#6658 = AXIS2_PLACEMENT_3D('',#6659,#6660,#6661);
#6659 = CARTESIAN_POINT('',(135.61300003022,-122.9124020302,1.51));
#6660 = DIRECTION('',(0.,0.,-1.));
#6661 = DIRECTION('',(-1.,2.225358058052E-08,0.));
#6662 = CYLINDRICAL_SURFACE('',#6663,1.35800003022);
#6663 = AXIS2_PLACEMENT_3D('',#6664,#6665,#6666);
#6664 = CARTESIAN_POINT('',(135.61300003022,-122.9124020302,1.51));
#6665 = DIRECTION('',(0.,0.,-1.));
#6666 = DIRECTION('',(-1.,2.225358058052E-08,0.));
#6667 = ADVANCED_FACE('',(#6668),#6693,.T.);
#6668 = FACE_BOUND('',#6669,.T.);
#6669 = EDGE_LOOP('',(#6670,#6671,#6679,#6687));
#6670 = ORIENTED_EDGE('',*,*,#6648,.T.);
#6671 = ORIENTED_EDGE('',*,*,#6672,.T.);
#6672 = EDGE_CURVE('',#6640,#6673,#6675,.T.);
#6673 = VERTEX_POINT('',#6674);
#6674 = CARTESIAN_POINT('',(159.821505,-121.554401,1.545));
#6675 = LINE('',#6676,#6677);
#6676 = CARTESIAN_POINT('',(135.613,-121.554402,1.545));
#6677 = VECTOR('',#6678,1.);
#6678 = DIRECTION('',(1.,4.130779647381E-08,0.));
#6679 = ORIENTED_EDGE('',*,*,#6680,.F.);
#6680 = EDGE_CURVE('',#6681,#6673,#6683,.T.);
#6681 = VERTEX_POINT('',#6682);
#6682 = CARTESIAN_POINT('',(159.821505,-121.554401,1.51));
#6683 = LINE('',#6684,#6685);
#6684 = CARTESIAN_POINT('',(159.821505,-121.554401,1.51));
#6685 = VECTOR('',#6686,1.);
#6686 = DIRECTION('',(0.,0.,1.));
#6687 = ORIENTED_EDGE('',*,*,#6688,.F.);
#6688 = EDGE_CURVE('',#6649,#6681,#6689,.T.);
#6689 = LINE('',#6690,#6691);
#6690 = CARTESIAN_POINT('',(135.613,-121.554402,1.51));
#6691 = VECTOR('',#6692,1.);
#6692 = DIRECTION('',(1.,4.130779647381E-08,0.));
#6693 = PLANE('',#6694);
#6694 = AXIS2_PLACEMENT_3D('',#6695,#6696,#6697);
#6695 = CARTESIAN_POINT('',(135.613,-121.554402,1.51));
#6696 = DIRECTION('',(-4.130779647381E-08,1.,0.));
#6697 = DIRECTION('',(1.,4.130779647381E-08,0.));
#6698 = ADVANCED_FACE('',(#6699),#6726,.F.);
#6699 = FACE_BOUND('',#6700,.T.);
#6700 = EDGE_LOOP('',(#6701,#6702,#6711,#6719));
#6701 = ORIENTED_EDGE('',*,*,#6680,.T.);
#6702 = ORIENTED_EDGE('',*,*,#6703,.T.);
#6703 = EDGE_CURVE('',#6673,#6704,#6706,.T.);
#6704 = VERTEX_POINT('',#6705);
#6705 = CARTESIAN_POINT('',(160.594999,-120.780907,1.545));
#6706 = CIRCLE('',#6707,0.862152239152);
#6707 = AXIS2_PLACEMENT_3D('',#6708,#6709,#6710);
#6708 = CARTESIAN_POINT('',(159.73699835308,-120.696400353,1.545));
#6709 = DIRECTION('',(0.,0.,1.));
#6710 = DIRECTION('',(9.801824210963E-02,-0.995184618156,0.));
#6711 = ORIENTED_EDGE('',*,*,#6712,.F.);
#6712 = EDGE_CURVE('',#6713,#6704,#6715,.T.);
#6713 = VERTEX_POINT('',#6714);
#6714 = CARTESIAN_POINT('',(160.594999,-120.780907,1.51));
#6715 = LINE('',#6716,#6717);
#6716 = CARTESIAN_POINT('',(160.594999,-120.780907,1.51));
#6717 = VECTOR('',#6718,1.);
#6718 = DIRECTION('',(0.,0.,1.));
#6719 = ORIENTED_EDGE('',*,*,#6720,.F.);
#6720 = EDGE_CURVE('',#6681,#6713,#6721,.T.);
#6721 = CIRCLE('',#6722,0.862152239152);
#6722 = AXIS2_PLACEMENT_3D('',#6723,#6724,#6725);
#6723 = CARTESIAN_POINT('',(159.73699835308,-120.696400353,1.51));
#6724 = DIRECTION('',(0.,0.,1.));
#6725 = DIRECTION('',(9.801824210963E-02,-0.995184618156,0.));
#6726 = CYLINDRICAL_SURFACE('',#6727,0.862152239152);
#6727 = AXIS2_PLACEMENT_3D('',#6728,#6729,#6730);
#6728 = CARTESIAN_POINT('',(159.73699835308,-120.696400353,1.51));
#6729 = DIRECTION('',(-0.,-0.,-1.));
#6730 = DIRECTION('',(9.801824210963E-02,-0.995184618156,0.));
#6731 = ADVANCED_FACE('',(#6732),#6757,.T.);
#6732 = FACE_BOUND('',#6733,.T.);
#6733 = EDGE_LOOP('',(#6734,#6735,#6743,#6751));
#6734 = ORIENTED_EDGE('',*,*,#6712,.T.);
#6735 = ORIENTED_EDGE('',*,*,#6736,.T.);
#6736 = EDGE_CURVE('',#6704,#6737,#6739,.T.);
#6737 = VERTEX_POINT('',#6738);
#6738 = CARTESIAN_POINT('',(160.594999,-120.057897,1.545));
#6739 = LINE('',#6740,#6741);
#6740 = CARTESIAN_POINT('',(160.594999,-120.780907,1.545));
#6741 = VECTOR('',#6742,1.);
#6742 = DIRECTION('',(0.,1.,0.));
#6743 = ORIENTED_EDGE('',*,*,#6744,.F.);
#6744 = EDGE_CURVE('',#6745,#6737,#6747,.T.);
#6745 = VERTEX_POINT('',#6746);
#6746 = CARTESIAN_POINT('',(160.594999,-120.057897,1.51));
#6747 = LINE('',#6748,#6749);
#6748 = CARTESIAN_POINT('',(160.594999,-120.057897,1.51));
#6749 = VECTOR('',#6750,1.);
#6750 = DIRECTION('',(0.,0.,1.));
#6751 = ORIENTED_EDGE('',*,*,#6752,.F.);
#6752 = EDGE_CURVE('',#6713,#6745,#6753,.T.);
#6753 = LINE('',#6754,#6755);
#6754 = CARTESIAN_POINT('',(160.594999,-120.780907,1.51));
#6755 = VECTOR('',#6756,1.);
#6756 = DIRECTION('',(0.,1.,0.));
#6757 = PLANE('',#6758);
#6758 = AXIS2_PLACEMENT_3D('',#6759,#6760,#6761);
#6759 = CARTESIAN_POINT('',(160.594999,-120.780907,1.51));
#6760 = DIRECTION('',(-1.,0.,0.));
#6761 = DIRECTION('',(0.,1.,0.));
#6762 = ADVANCED_FACE('',(#6763),#6790,.F.);
#6763 = FACE_BOUND('',#6764,.T.);
#6764 = EDGE_LOOP('',(#6765,#6766,#6775,#6783));
#6765 = ORIENTED_EDGE('',*,*,#6744,.T.);
#6766 = ORIENTED_EDGE('',*,*,#6767,.T.);
#6767 = EDGE_CURVE('',#6737,#6768,#6770,.T.);
#6768 = VERTEX_POINT('',#6769);
#6769 = CARTESIAN_POINT('',(159.821505,-119.284403,1.545));
#6770 = CIRCLE('',#6771,0.862152239152);
#6771 = AXIS2_PLACEMENT_3D('',#6772,#6773,#6774);
#6772 = CARTESIAN_POINT('',(159.73699835308,-120.1424036469,1.545));
#6773 = DIRECTION('',(0.,0.,1.));
#6774 = DIRECTION('',(0.995184618156,9.801824210968E-02,-0.));
#6775 = ORIENTED_EDGE('',*,*,#6776,.F.);
#6776 = EDGE_CURVE('',#6777,#6768,#6779,.T.);
#6777 = VERTEX_POINT('',#6778);
#6778 = CARTESIAN_POINT('',(159.821505,-119.284403,1.51));
#6779 = LINE('',#6780,#6781);
#6780 = CARTESIAN_POINT('',(159.821505,-119.284403,1.51));
#6781 = VECTOR('',#6782,1.);
#6782 = DIRECTION('',(0.,0.,1.));
#6783 = ORIENTED_EDGE('',*,*,#6784,.F.);
#6784 = EDGE_CURVE('',#6745,#6777,#6785,.T.);
#6785 = CIRCLE('',#6786,0.862152239152);
#6786 = AXIS2_PLACEMENT_3D('',#6787,#6788,#6789);
#6787 = CARTESIAN_POINT('',(159.73699835308,-120.1424036469,1.51));
#6788 = DIRECTION('',(0.,0.,1.));
#6789 = DIRECTION('',(0.995184618156,9.801824210968E-02,-0.));
#6790 = CYLINDRICAL_SURFACE('',#6791,0.862152239152);
#6791 = AXIS2_PLACEMENT_3D('',#6792,#6793,#6794);
#6792 = CARTESIAN_POINT('',(159.73699835308,-120.1424036469,1.51));
#6793 = DIRECTION('',(-0.,-0.,-1.));
#6794 = DIRECTION('',(0.995184618156,9.801824210968E-02,-0.));
#6795 = ADVANCED_FACE('',(#6796),#6821,.T.);
#6796 = FACE_BOUND('',#6797,.T.);
#6797 = EDGE_LOOP('',(#6798,#6799,#6807,#6815));
#6798 = ORIENTED_EDGE('',*,*,#6776,.T.);
#6799 = ORIENTED_EDGE('',*,*,#6800,.T.);
#6800 = EDGE_CURVE('',#6768,#6801,#6803,.T.);
#6801 = VERTEX_POINT('',#6802);
#6802 = CARTESIAN_POINT('',(135.563,-119.284402,1.545));
#6803 = LINE('',#6804,#6805);
#6804 = CARTESIAN_POINT('',(159.821505,-119.284403,1.545));
#6805 = VECTOR('',#6806,1.);
#6806 = DIRECTION('',(-1.,4.122265562017E-08,0.));
#6807 = ORIENTED_EDGE('',*,*,#6808,.F.);
#6808 = EDGE_CURVE('',#6809,#6801,#6811,.T.);
#6809 = VERTEX_POINT('',#6810);
#6810 = CARTESIAN_POINT('',(135.563,-119.284402,1.51));
#6811 = LINE('',#6812,#6813);
#6812 = CARTESIAN_POINT('',(135.563,-119.284402,1.51));
#6813 = VECTOR('',#6814,1.);
#6814 = DIRECTION('',(0.,0.,1.));
#6815 = ORIENTED_EDGE('',*,*,#6816,.F.);
#6816 = EDGE_CURVE('',#6777,#6809,#6817,.T.);
#6817 = LINE('',#6818,#6819);
#6818 = CARTESIAN_POINT('',(159.821505,-119.284403,1.51));
#6819 = VECTOR('',#6820,1.);
#6820 = DIRECTION('',(-1.,4.122265562017E-08,0.));
#6821 = PLANE('',#6822);
#6822 = AXIS2_PLACEMENT_3D('',#6823,#6824,#6825);
#6823 = CARTESIAN_POINT('',(159.821505,-119.284403,1.51));
#6824 = DIRECTION('',(-4.122265562017E-08,-1.,0.));
#6825 = DIRECTION('',(-1.,4.122265562017E-08,0.));
#6826 = ADVANCED_FACE('',(#6827),#6854,.T.);
#6827 = FACE_BOUND('',#6828,.T.);
#6828 = EDGE_LOOP('',(#6829,#6830,#6839,#6847));
#6829 = ORIENTED_EDGE('',*,*,#6808,.T.);
#6830 = ORIENTED_EDGE('',*,*,#6831,.T.);
#6831 = EDGE_CURVE('',#6801,#6832,#6834,.T.);
#6832 = VERTEX_POINT('',#6833);
#6833 = CARTESIAN_POINT('',(134.205,-117.926402,1.545));
#6834 = CIRCLE('',#6835,1.35800003022);
#6835 = AXIS2_PLACEMENT_3D('',#6836,#6837,#6838);
#6836 = CARTESIAN_POINT('',(135.56300003022,-117.9264019697,1.545));
#6837 = DIRECTION('',(0.,0.,-1.));
#6838 = DIRECTION('',(-2.225357011597E-08,-1.,-0.));
#6839 = ORIENTED_EDGE('',*,*,#6840,.F.);
#6840 = EDGE_CURVE('',#6841,#6832,#6843,.T.);
#6841 = VERTEX_POINT('',#6842);
#6842 = CARTESIAN_POINT('',(134.205,-117.926402,1.51));
#6843 = LINE('',#6844,#6845);
#6844 = CARTESIAN_POINT('',(134.205,-117.926402,1.51));
#6845 = VECTOR('',#6846,1.);
#6846 = DIRECTION('',(0.,0.,1.));
#6847 = ORIENTED_EDGE('',*,*,#6848,.F.);
#6848 = EDGE_CURVE('',#6809,#6841,#6849,.T.);
#6849 = CIRCLE('',#6850,1.35800003022);
#6850 = AXIS2_PLACEMENT_3D('',#6851,#6852,#6853);
#6851 = CARTESIAN_POINT('',(135.56300003022,-117.9264019697,1.51));
#6852 = DIRECTION('',(0.,0.,-1.));
#6853 = DIRECTION('',(-2.225357011597E-08,-1.,-0.));
#6854 = CYLINDRICAL_SURFACE('',#6855,1.35800003022);
#6855 = AXIS2_PLACEMENT_3D('',#6856,#6857,#6858);
#6856 = CARTESIAN_POINT('',(135.56300003022,-117.9264019697,1.51));
#6857 = DIRECTION('',(0.,0.,-1.));
#6858 = DIRECTION('',(-2.225357011597E-08,-1.,-0.));
#6859 = ADVANCED_FACE('',(#6860),#6885,.T.);
#6860 = FACE_BOUND('',#6861,.T.);
#6861 = EDGE_LOOP('',(#6862,#6863,#6871,#6879));
#6862 = ORIENTED_EDGE('',*,*,#6840,.T.);
#6863 = ORIENTED_EDGE('',*,*,#6864,.T.);
#6864 = EDGE_CURVE('',#6832,#6865,#6867,.T.);
#6865 = VERTEX_POINT('',#6866);
#6866 = CARTESIAN_POINT('',(134.205,-117.372402,1.545));
#6867 = LINE('',#6868,#6869);
#6868 = CARTESIAN_POINT('',(134.205,-117.926402,1.545));
#6869 = VECTOR('',#6870,1.);
#6870 = DIRECTION('',(0.,1.,0.));
#6871 = ORIENTED_EDGE('',*,*,#6872,.F.);
#6872 = EDGE_CURVE('',#6873,#6865,#6875,.T.);
#6873 = VERTEX_POINT('',#6874);
#6874 = CARTESIAN_POINT('',(134.205,-117.372402,1.51));
#6875 = LINE('',#6876,#6877);
#6876 = CARTESIAN_POINT('',(134.205,-117.372402,1.51));
#6877 = VECTOR('',#6878,1.);
#6878 = DIRECTION('',(0.,0.,1.));
#6879 = ORIENTED_EDGE('',*,*,#6880,.F.);
#6880 = EDGE_CURVE('',#6841,#6873,#6881,.T.);
#6881 = LINE('',#6882,#6883);
#6882 = CARTESIAN_POINT('',(134.205,-117.926402,1.51));
#6883 = VECTOR('',#6884,1.);
#6884 = DIRECTION('',(0.,1.,0.));
#6885 = PLANE('',#6886);
#6886 = AXIS2_PLACEMENT_3D('',#6887,#6888,#6889);
#6887 = CARTESIAN_POINT('',(134.205,-117.926402,1.51));
#6888 = DIRECTION('',(-1.,0.,0.));
#6889 = DIRECTION('',(0.,1.,0.));
#6890 = ADVANCED_FACE('',(#6891),#6918,.T.);
#6891 = FACE_BOUND('',#6892,.T.);
#6892 = EDGE_LOOP('',(#6893,#6894,#6903,#6911));
#6893 = ORIENTED_EDGE('',*,*,#6872,.T.);
#6894 = ORIENTED_EDGE('',*,*,#6895,.T.);
#6895 = EDGE_CURVE('',#6865,#6896,#6898,.T.);
#6896 = VERTEX_POINT('',#6897);
#6897 = CARTESIAN_POINT('',(135.563,-116.014402,1.545));
#6898 = CIRCLE('',#6899,1.35800003022);
#6899 = AXIS2_PLACEMENT_3D('',#6900,#6901,#6902);
#6900 = CARTESIAN_POINT('',(135.56300003022,-117.3724020302,1.545));
#6901 = DIRECTION('',(0.,0.,-1.));
#6902 = DIRECTION('',(-1.,2.225352825778E-08,0.));
#6903 = ORIENTED_EDGE('',*,*,#6904,.F.);
#6904 = EDGE_CURVE('',#6905,#6896,#6907,.T.);
#6905 = VERTEX_POINT('',#6906);
#6906 = CARTESIAN_POINT('',(135.563,-116.014402,1.51));
#6907 = LINE('',#6908,#6909);
#6908 = CARTESIAN_POINT('',(135.563,-116.014402,1.51));
#6909 = VECTOR('',#6910,1.);
#6910 = DIRECTION('',(0.,0.,1.));
#6911 = ORIENTED_EDGE('',*,*,#6912,.F.);
#6912 = EDGE_CURVE('',#6873,#6905,#6913,.T.);
#6913 = CIRCLE('',#6914,1.35800003022);
#6914 = AXIS2_PLACEMENT_3D('',#6915,#6916,#6917);
#6915 = CARTESIAN_POINT('',(135.56300003022,-117.3724020302,1.51));
#6916 = DIRECTION('',(0.,0.,-1.));
#6917 = DIRECTION('',(-1.,2.225352825778E-08,0.));
#6918 = CYLINDRICAL_SURFACE('',#6919,1.35800003022);
#6919 = AXIS2_PLACEMENT_3D('',#6920,#6921,#6922);
#6920 = CARTESIAN_POINT('',(135.56300003022,-117.3724020302,1.51));
#6921 = DIRECTION('',(0.,0.,-1.));
#6922 = DIRECTION('',(-1.,2.225352825778E-08,0.));
#6923 = ADVANCED_FACE('',(#6924),#6949,.T.);
#6924 = FACE_BOUND('',#6925,.T.);
#6925 = EDGE_LOOP('',(#6926,#6927,#6935,#6943));
#6926 = ORIENTED_EDGE('',*,*,#6904,.T.);
#6927 = ORIENTED_EDGE('',*,*,#6928,.T.);
#6928 = EDGE_CURVE('',#6896,#6929,#6931,.T.);
#6929 = VERTEX_POINT('',#6930);
#6930 = CARTESIAN_POINT('',(159.821505,-116.014401,1.545));
#6931 = LINE('',#6932,#6933);
#6932 = CARTESIAN_POINT('',(135.563,-116.014402,1.545));
#6933 = VECTOR('',#6934,1.);
#6934 = DIRECTION('',(1.,4.122265562017E-08,0.));
#6935 = ORIENTED_EDGE('',*,*,#6936,.F.);
#6936 = EDGE_CURVE('',#6937,#6929,#6939,.T.);
#6937 = VERTEX_POINT('',#6938);
#6938 = CARTESIAN_POINT('',(159.821505,-116.014401,1.51));
#6939 = LINE('',#6940,#6941);
#6940 = CARTESIAN_POINT('',(159.821505,-116.014401,1.51));
#6941 = VECTOR('',#6942,1.);
#6942 = DIRECTION('',(0.,0.,1.));
#6943 = ORIENTED_EDGE('',*,*,#6944,.F.);
#6944 = EDGE_CURVE('',#6905,#6937,#6945,.T.);
#6945 = LINE('',#6946,#6947);
#6946 = CARTESIAN_POINT('',(135.563,-116.014402,1.51));
#6947 = VECTOR('',#6948,1.);
#6948 = DIRECTION('',(1.,4.122265562017E-08,0.));
#6949 = PLANE('',#6950);
#6950 = AXIS2_PLACEMENT_3D('',#6951,#6952,#6953);
#6951 = CARTESIAN_POINT('',(135.563,-116.014402,1.51));
#6952 = DIRECTION('',(-4.122265562017E-08,1.,0.));
#6953 = DIRECTION('',(1.,4.122265562017E-08,0.));
#6954 = ADVANCED_FACE('',(#6955),#6982,.F.);
#6955 = FACE_BOUND('',#6956,.T.);
#6956 = EDGE_LOOP('',(#6957,#6958,#6967,#6975));
#6957 = ORIENTED_EDGE('',*,*,#6936,.T.);
#6958 = ORIENTED_EDGE('',*,*,#6959,.T.);
#6959 = EDGE_CURVE('',#6929,#6960,#6962,.T.);
#6960 = VERTEX_POINT('',#6961);
#6961 = CARTESIAN_POINT('',(160.594999,-115.240907,1.545));
#6962 = CIRCLE('',#6963,0.862152239152);
#6963 = AXIS2_PLACEMENT_3D('',#6964,#6965,#6966);
#6964 = CARTESIAN_POINT('',(159.73699835308,-115.156400353,1.545));
#6965 = DIRECTION('',(0.,0.,1.));
#6966 = DIRECTION('',(9.801824210966E-02,-0.995184618156,0.));
#6967 = ORIENTED_EDGE('',*,*,#6968,.F.);
#6968 = EDGE_CURVE('',#6969,#6960,#6971,.T.);
#6969 = VERTEX_POINT('',#6970);
#6970 = CARTESIAN_POINT('',(160.594999,-115.240907,1.51));
#6971 = LINE('',#6972,#6973);
#6972 = CARTESIAN_POINT('',(160.594999,-115.240907,1.51));
#6973 = VECTOR('',#6974,1.);
#6974 = DIRECTION('',(0.,0.,1.));
#6975 = ORIENTED_EDGE('',*,*,#6976,.F.);
#6976 = EDGE_CURVE('',#6937,#6969,#6977,.T.);
#6977 = CIRCLE('',#6978,0.862152239152);
#6978 = AXIS2_PLACEMENT_3D('',#6979,#6980,#6981);
#6979 = CARTESIAN_POINT('',(159.73699835308,-115.156400353,1.51));
#6980 = DIRECTION('',(0.,0.,1.));
#6981 = DIRECTION('',(9.801824210966E-02,-0.995184618156,0.));
#6982 = CYLINDRICAL_SURFACE('',#6983,0.862152239152);
#6983 = AXIS2_PLACEMENT_3D('',#6984,#6985,#6986);
#6984 = CARTESIAN_POINT('',(159.73699835308,-115.156400353,1.51));
#6985 = DIRECTION('',(-0.,-0.,-1.));
#6986 = DIRECTION('',(9.801824210966E-02,-0.995184618156,0.));
#6987 = ADVANCED_FACE('',(#6988),#7013,.T.);
#6988 = FACE_BOUND('',#6989,.T.);
#6989 = EDGE_LOOP('',(#6990,#6991,#6999,#7007));
#6990 = ORIENTED_EDGE('',*,*,#6968,.T.);
#6991 = ORIENTED_EDGE('',*,*,#6992,.T.);
#6992 = EDGE_CURVE('',#6960,#6993,#6995,.T.);
#6993 = VERTEX_POINT('',#6994);
#6994 = CARTESIAN_POINT('',(160.594999,-114.517897,1.545));
#6995 = LINE('',#6996,#6997);
#6996 = CARTESIAN_POINT('',(160.594999,-115.240907,1.545));
#6997 = VECTOR('',#6998,1.);
#6998 = DIRECTION('',(0.,1.,0.));
#6999 = ORIENTED_EDGE('',*,*,#7000,.F.);
#7000 = EDGE_CURVE('',#7001,#6993,#7003,.T.);
#7001 = VERTEX_POINT('',#7002);
#7002 = CARTESIAN_POINT('',(160.594999,-114.517897,1.51));
#7003 = LINE('',#7004,#7005);
#7004 = CARTESIAN_POINT('',(160.594999,-114.517897,1.51));
#7005 = VECTOR('',#7006,1.);
#7006 = DIRECTION('',(0.,0.,1.));
#7007 = ORIENTED_EDGE('',*,*,#7008,.F.);
#7008 = EDGE_CURVE('',#6969,#7001,#7009,.T.);
#7009 = LINE('',#7010,#7011);
#7010 = CARTESIAN_POINT('',(160.594999,-115.240907,1.51));
#7011 = VECTOR('',#7012,1.);
#7012 = DIRECTION('',(0.,1.,0.));
#7013 = PLANE('',#7014);
#7014 = AXIS2_PLACEMENT_3D('',#7015,#7016,#7017);
#7015 = CARTESIAN_POINT('',(160.594999,-115.240907,1.51));
#7016 = DIRECTION('',(-1.,0.,0.));
#7017 = DIRECTION('',(0.,1.,0.));
#7018 = ADVANCED_FACE('',(#7019),#7046,.F.);
#7019 = FACE_BOUND('',#7020,.T.);
#7020 = EDGE_LOOP('',(#7021,#7022,#7031,#7039));
#7021 = ORIENTED_EDGE('',*,*,#7000,.T.);
#7022 = ORIENTED_EDGE('',*,*,#7023,.T.);
#7023 = EDGE_CURVE('',#6993,#7024,#7026,.T.);
#7024 = VERTEX_POINT('',#7025);
#7025 = CARTESIAN_POINT('',(159.821505,-113.744403,1.545));
#7026 = CIRCLE('',#7027,0.862152239152);
#7027 = AXIS2_PLACEMENT_3D('',#7028,#7029,#7030);
#7028 = CARTESIAN_POINT('',(159.73699835308,-114.6024036469,1.545));
#7029 = DIRECTION('',(0.,0.,1.));
#7030 = DIRECTION('',(0.995184618156,9.801824210965E-02,-0.));
#7031 = ORIENTED_EDGE('',*,*,#7032,.F.);
#7032 = EDGE_CURVE('',#7033,#7024,#7035,.T.);
#7033 = VERTEX_POINT('',#7034);
#7034 = CARTESIAN_POINT('',(159.821505,-113.744403,1.51));
#7035 = LINE('',#7036,#7037);
#7036 = CARTESIAN_POINT('',(159.821505,-113.744403,1.51));
#7037 = VECTOR('',#7038,1.);
#7038 = DIRECTION('',(0.,0.,1.));
#7039 = ORIENTED_EDGE('',*,*,#7040,.F.);
#7040 = EDGE_CURVE('',#7001,#7033,#7041,.T.);
#7041 = CIRCLE('',#7042,0.862152239152);
#7042 = AXIS2_PLACEMENT_3D('',#7043,#7044,#7045);
#7043 = CARTESIAN_POINT('',(159.73699835308,-114.6024036469,1.51));
#7044 = DIRECTION('',(0.,0.,1.));
#7045 = DIRECTION('',(0.995184618156,9.801824210965E-02,-0.));
#7046 = CYLINDRICAL_SURFACE('',#7047,0.862152239152);
#7047 = AXIS2_PLACEMENT_3D('',#7048,#7049,#7050);
#7048 = CARTESIAN_POINT('',(159.73699835308,-114.6024036469,1.51));
#7049 = DIRECTION('',(-0.,-0.,-1.));
#7050 = DIRECTION('',(0.995184618156,9.801824210965E-02,-0.));
#7051 = ADVANCED_FACE('',(#7052),#7077,.T.);
#7052 = FACE_BOUND('',#7053,.T.);
#7053 = EDGE_LOOP('',(#7054,#7055,#7063,#7071));
#7054 = ORIENTED_EDGE('',*,*,#7032,.T.);
#7055 = ORIENTED_EDGE('',*,*,#7056,.T.);
#7056 = EDGE_CURVE('',#7024,#7057,#7059,.T.);
#7057 = VERTEX_POINT('',#7058);
#7058 = CARTESIAN_POINT('',(135.513,-113.744402,1.545));
#7059 = LINE('',#7060,#7061);
#7060 = CARTESIAN_POINT('',(159.821505,-113.744403,1.545));
#7061 = VECTOR('',#7062,1.);
#7062 = DIRECTION('',(-1.,4.113786560243E-08,0.));
#7063 = ORIENTED_EDGE('',*,*,#7064,.F.);
#7064 = EDGE_CURVE('',#7065,#7057,#7067,.T.);
#7065 = VERTEX_POINT('',#7066);
#7066 = CARTESIAN_POINT('',(135.513,-113.744402,1.51));
#7067 = LINE('',#7068,#7069);
#7068 = CARTESIAN_POINT('',(135.513,-113.744402,1.51));
#7069 = VECTOR('',#7070,1.);
#7070 = DIRECTION('',(0.,0.,1.));
#7071 = ORIENTED_EDGE('',*,*,#7072,.F.);
#7072 = EDGE_CURVE('',#7033,#7065,#7073,.T.);
#7073 = LINE('',#7074,#7075);
#7074 = CARTESIAN_POINT('',(159.821505,-113.744403,1.51));
#7075 = VECTOR('',#7076,1.);
#7076 = DIRECTION('',(-1.,4.113786560243E-08,0.));
#7077 = PLANE('',#7078);
#7078 = AXIS2_PLACEMENT_3D('',#7079,#7080,#7081);
#7079 = CARTESIAN_POINT('',(159.821505,-113.744403,1.51));
#7080 = DIRECTION('',(-4.113786560243E-08,-1.,0.));
#7081 = DIRECTION('',(-1.,4.113786560243E-08,0.));
#7082 = ADVANCED_FACE('',(#7083),#7110,.T.);
#7083 = FACE_BOUND('',#7084,.T.);
#7084 = EDGE_LOOP('',(#7085,#7086,#7095,#7103));
#7085 = ORIENTED_EDGE('',*,*,#7064,.T.);
#7086 = ORIENTED_EDGE('',*,*,#7087,.T.);
#7087 = EDGE_CURVE('',#7057,#7088,#7090,.T.);
#7088 = VERTEX_POINT('',#7089);
#7089 = CARTESIAN_POINT('',(134.155,-112.386402,1.545));
#7090 = CIRCLE('',#7091,1.35800003022);
#7091 = AXIS2_PLACEMENT_3D('',#7092,#7093,#7094);
#7092 = CARTESIAN_POINT('',(135.51300003022,-112.3864019697,1.545));
#7093 = DIRECTION('',(0.,0.,-1.));
#7094 = DIRECTION('',(-2.225352825778E-08,-1.,-0.));
#7095 = ORIENTED_EDGE('',*,*,#7096,.F.);
#7096 = EDGE_CURVE('',#7097,#7088,#7099,.T.);
#7097 = VERTEX_POINT('',#7098);
#7098 = CARTESIAN_POINT('',(134.155,-112.386402,1.51));
#7099 = LINE('',#7100,#7101);
#7100 = CARTESIAN_POINT('',(134.155,-112.386402,1.51));
#7101 = VECTOR('',#7102,1.);
#7102 = DIRECTION('',(0.,0.,1.));
#7103 = ORIENTED_EDGE('',*,*,#7104,.F.);
#7104 = EDGE_CURVE('',#7065,#7097,#7105,.T.);
#7105 = CIRCLE('',#7106,1.35800003022);
#7106 = AXIS2_PLACEMENT_3D('',#7107,#7108,#7109);
#7107 = CARTESIAN_POINT('',(135.51300003022,-112.3864019697,1.51));
#7108 = DIRECTION('',(0.,0.,-1.));
#7109 = DIRECTION('',(-2.225352825778E-08,-1.,-0.));
#7110 = CYLINDRICAL_SURFACE('',#7111,1.35800003022);
#7111 = AXIS2_PLACEMENT_3D('',#7112,#7113,#7114);
#7112 = CARTESIAN_POINT('',(135.51300003022,-112.3864019697,1.51));
#7113 = DIRECTION('',(0.,0.,-1.));
#7114 = DIRECTION('',(-2.225352825778E-08,-1.,-0.));
#7115 = ADVANCED_FACE('',(#7116),#7141,.T.);
#7116 = FACE_BOUND('',#7117,.T.);
#7117 = EDGE_LOOP('',(#7118,#7119,#7127,#7135));
#7118 = ORIENTED_EDGE('',*,*,#7096,.T.);
#7119 = ORIENTED_EDGE('',*,*,#7120,.T.);
#7120 = EDGE_CURVE('',#7088,#7121,#7123,.T.);
#7121 = VERTEX_POINT('',#7122);
#7122 = CARTESIAN_POINT('',(134.155,-111.832402,1.545));
#7123 = LINE('',#7124,#7125);
#7124 = CARTESIAN_POINT('',(134.155,-112.386402,1.545));
#7125 = VECTOR('',#7126,1.);
#7126 = DIRECTION('',(0.,1.,0.));
#7127 = ORIENTED_EDGE('',*,*,#7128,.F.);
#7128 = EDGE_CURVE('',#7129,#7121,#7131,.T.);
#7129 = VERTEX_POINT('',#7130);
#7130 = CARTESIAN_POINT('',(134.155,-111.832402,1.51));
#7131 = LINE('',#7132,#7133);
#7132 = CARTESIAN_POINT('',(134.155,-111.832402,1.51));
#7133 = VECTOR('',#7134,1.);
#7134 = DIRECTION('',(0.,0.,1.));
#7135 = ORIENTED_EDGE('',*,*,#7136,.F.);
#7136 = EDGE_CURVE('',#7097,#7129,#7137,.T.);
#7137 = LINE('',#7138,#7139);
#7138 = CARTESIAN_POINT('',(134.155,-112.386402,1.51));
#7139 = VECTOR('',#7140,1.);
#7140 = DIRECTION('',(0.,1.,0.));
#7141 = PLANE('',#7142);
#7142 = AXIS2_PLACEMENT_3D('',#7143,#7144,#7145);
#7143 = CARTESIAN_POINT('',(134.155,-112.386402,1.51));
#7144 = DIRECTION('',(-1.,0.,0.));
#7145 = DIRECTION('',(0.,1.,0.));
#7146 = ADVANCED_FACE('',(#7147),#7174,.T.);
#7147 = FACE_BOUND('',#7148,.T.);
#7148 = EDGE_LOOP('',(#7149,#7150,#7159,#7167));
#7149 = ORIENTED_EDGE('',*,*,#7128,.T.);
#7150 = ORIENTED_EDGE('',*,*,#7151,.T.);
#7151 = EDGE_CURVE('',#7121,#7152,#7154,.T.);
#7152 = VERTEX_POINT('',#7153);
#7153 = CARTESIAN_POINT('',(135.513,-110.474402,1.545));
#7154 = CIRCLE('',#7155,1.35800003022);
#7155 = AXIS2_PLACEMENT_3D('',#7156,#7157,#7158);
#7156 = CARTESIAN_POINT('',(135.51300003022,-111.8324020302,1.545));
#7157 = DIRECTION('',(0.,0.,-1.));
#7158 = DIRECTION('',(-1.,2.225355965142E-08,0.));
#7159 = ORIENTED_EDGE('',*,*,#7160,.F.);
#7160 = EDGE_CURVE('',#7161,#7152,#7163,.T.);
#7161 = VERTEX_POINT('',#7162);
#7162 = CARTESIAN_POINT('',(135.513,-110.474402,1.51));
#7163 = LINE('',#7164,#7165);
#7164 = CARTESIAN_POINT('',(135.513,-110.474402,1.51));
#7165 = VECTOR('',#7166,1.);
#7166 = DIRECTION('',(0.,0.,1.));
#7167 = ORIENTED_EDGE('',*,*,#7168,.F.);
#7168 = EDGE_CURVE('',#7129,#7161,#7169,.T.);
#7169 = CIRCLE('',#7170,1.35800003022);
#7170 = AXIS2_PLACEMENT_3D('',#7171,#7172,#7173);
#7171 = CARTESIAN_POINT('',(135.51300003022,-111.8324020302,1.51));
#7172 = DIRECTION('',(0.,0.,-1.));
#7173 = DIRECTION('',(-1.,2.225355965142E-08,0.));
#7174 = CYLINDRICAL_SURFACE('',#7175,1.35800003022);
#7175 = AXIS2_PLACEMENT_3D('',#7176,#7177,#7178);
#7176 = CARTESIAN_POINT('',(135.51300003022,-111.8324020302,1.51));
#7177 = DIRECTION('',(0.,0.,-1.));
#7178 = DIRECTION('',(-1.,2.225355965142E-08,0.));
#7179 = ADVANCED_FACE('',(#7180),#7205,.T.);
#7180 = FACE_BOUND('',#7181,.T.);
#7181 = EDGE_LOOP('',(#7182,#7183,#7191,#7199));
#7182 = ORIENTED_EDGE('',*,*,#7160,.T.);
#7183 = ORIENTED_EDGE('',*,*,#7184,.T.);
#7184 = EDGE_CURVE('',#7152,#7185,#7187,.T.);
#7185 = VERTEX_POINT('',#7186);
#7186 = CARTESIAN_POINT('',(159.821505,-110.474401,1.545));
#7187 = LINE('',#7188,#7189);
#7188 = CARTESIAN_POINT('',(135.513,-110.474402,1.545));
#7189 = VECTOR('',#7190,1.);
#7190 = DIRECTION('',(1.,4.113786501783E-08,0.));
#7191 = ORIENTED_EDGE('',*,*,#7192,.F.);
#7192 = EDGE_CURVE('',#7193,#7185,#7195,.T.);
#7193 = VERTEX_POINT('',#7194);
#7194 = CARTESIAN_POINT('',(159.821505,-110.474401,1.51));
#7195 = LINE('',#7196,#7197);
#7196 = CARTESIAN_POINT('',(159.821505,-110.474401,1.51));
#7197 = VECTOR('',#7198,1.);
#7198 = DIRECTION('',(0.,0.,1.));
#7199 = ORIENTED_EDGE('',*,*,#7200,.F.);
#7200 = EDGE_CURVE('',#7161,#7193,#7201,.T.);
#7201 = LINE('',#7202,#7203);
#7202 = CARTESIAN_POINT('',(135.513,-110.474402,1.51));
#7203 = VECTOR('',#7204,1.);
#7204 = DIRECTION('',(1.,4.113786501783E-08,0.));
#7205 = PLANE('',#7206);
#7206 = AXIS2_PLACEMENT_3D('',#7207,#7208,#7209);
#7207 = CARTESIAN_POINT('',(135.513,-110.474402,1.51));
#7208 = DIRECTION('',(-4.113786501783E-08,1.,0.));
#7209 = DIRECTION('',(1.,4.113786501783E-08,0.));
#7210 = ADVANCED_FACE('',(#7211),#7238,.F.);
#7211 = FACE_BOUND('',#7212,.T.);
#7212 = EDGE_LOOP('',(#7213,#7214,#7223,#7231));
#7213 = ORIENTED_EDGE('',*,*,#7192,.T.);
#7214 = ORIENTED_EDGE('',*,*,#7215,.T.);
#7215 = EDGE_CURVE('',#7185,#7216,#7218,.T.);
#7216 = VERTEX_POINT('',#7217);
#7217 = CARTESIAN_POINT('',(160.594999,-109.700907,1.545));
#7218 = CIRCLE('',#7219,0.862152239152);
#7219 = AXIS2_PLACEMENT_3D('',#7220,#7221,#7222);
#7220 = CARTESIAN_POINT('',(159.73699835308,-109.616400353,1.545));
#7221 = DIRECTION('',(0.,0.,1.));
#7222 = DIRECTION('',(9.801824210963E-02,-0.995184618156,0.));
#7223 = ORIENTED_EDGE('',*,*,#7224,.F.);
#7224 = EDGE_CURVE('',#7225,#7216,#7227,.T.);
#7225 = VERTEX_POINT('',#7226);
#7226 = CARTESIAN_POINT('',(160.594999,-109.700907,1.51));
#7227 = LINE('',#7228,#7229);
#7228 = CARTESIAN_POINT('',(160.594999,-109.700907,1.51));
#7229 = VECTOR('',#7230,1.);
#7230 = DIRECTION('',(0.,0.,1.));
#7231 = ORIENTED_EDGE('',*,*,#7232,.F.);
#7232 = EDGE_CURVE('',#7193,#7225,#7233,.T.);
#7233 = CIRCLE('',#7234,0.862152239152);
#7234 = AXIS2_PLACEMENT_3D('',#7235,#7236,#7237);
#7235 = CARTESIAN_POINT('',(159.73699835308,-109.616400353,1.51));
#7236 = DIRECTION('',(0.,0.,1.));
#7237 = DIRECTION('',(9.801824210963E-02,-0.995184618156,0.));
#7238 = CYLINDRICAL_SURFACE('',#7239,0.862152239152);
#7239 = AXIS2_PLACEMENT_3D('',#7240,#7241,#7242);
#7240 = CARTESIAN_POINT('',(159.73699835308,-109.616400353,1.51));
#7241 = DIRECTION('',(-0.,-0.,-1.));
#7242 = DIRECTION('',(9.801824210963E-02,-0.995184618156,0.));
#7243 = ADVANCED_FACE('',(#7244),#7269,.T.);
#7244 = FACE_BOUND('',#7245,.T.);
#7245 = EDGE_LOOP('',(#7246,#7247,#7255,#7263));
#7246 = ORIENTED_EDGE('',*,*,#7224,.T.);
#7247 = ORIENTED_EDGE('',*,*,#7248,.T.);
#7248 = EDGE_CURVE('',#7216,#7249,#7251,.T.);
#7249 = VERTEX_POINT('',#7250);
#7250 = CARTESIAN_POINT('',(160.594999,-108.977897,1.545));
#7251 = LINE('',#7252,#7253);
#7252 = CARTESIAN_POINT('',(160.594999,-109.700907,1.545));
#7253 = VECTOR('',#7254,1.);
#7254 = DIRECTION('',(0.,1.,0.));
#7255 = ORIENTED_EDGE('',*,*,#7256,.F.);
#7256 = EDGE_CURVE('',#7257,#7249,#7259,.T.);
#7257 = VERTEX_POINT('',#7258);
#7258 = CARTESIAN_POINT('',(160.594999,-108.977897,1.51));
#7259 = LINE('',#7260,#7261);
#7260 = CARTESIAN_POINT('',(160.594999,-108.977897,1.51));
#7261 = VECTOR('',#7262,1.);
#7262 = DIRECTION('',(0.,0.,1.));
#7263 = ORIENTED_EDGE('',*,*,#7264,.F.);
#7264 = EDGE_CURVE('',#7225,#7257,#7265,.T.);
#7265 = LINE('',#7266,#7267);
#7266 = CARTESIAN_POINT('',(160.594999,-109.700907,1.51));
#7267 = VECTOR('',#7268,1.);
#7268 = DIRECTION('',(0.,1.,0.));
#7269 = PLANE('',#7270);
#7270 = AXIS2_PLACEMENT_3D('',#7271,#7272,#7273);
#7271 = CARTESIAN_POINT('',(160.594999,-109.700907,1.51));
#7272 = DIRECTION('',(-1.,0.,0.));
#7273 = DIRECTION('',(0.,1.,0.));
#7274 = ADVANCED_FACE('',(#7275),#7302,.F.);
#7275 = FACE_BOUND('',#7276,.T.);
#7276 = EDGE_LOOP('',(#7277,#7278,#7287,#7295));
#7277 = ORIENTED_EDGE('',*,*,#7256,.T.);
#7278 = ORIENTED_EDGE('',*,*,#7279,.T.);
#7279 = EDGE_CURVE('',#7249,#7280,#7282,.T.);
#7280 = VERTEX_POINT('',#7281);
#7281 = CARTESIAN_POINT('',(159.821505,-108.204403,1.545));
#7282 = CIRCLE('',#7283,0.862152239152);
#7283 = AXIS2_PLACEMENT_3D('',#7284,#7285,#7286);
#7284 = CARTESIAN_POINT('',(159.73699835308,-109.0624036469,1.545));
#7285 = DIRECTION('',(0.,0.,1.));
#7286 = DIRECTION('',(0.995184618156,9.801824210968E-02,-0.));
#7287 = ORIENTED_EDGE('',*,*,#7288,.F.);
#7288 = EDGE_CURVE('',#7289,#7280,#7291,.T.);
#7289 = VERTEX_POINT('',#7290);
#7290 = CARTESIAN_POINT('',(159.821505,-108.204403,1.51));
#7291 = LINE('',#7292,#7293);
#7292 = CARTESIAN_POINT('',(159.821505,-108.204403,1.51));
#7293 = VECTOR('',#7294,1.);
#7294 = DIRECTION('',(0.,0.,1.));
#7295 = ORIENTED_EDGE('',*,*,#7296,.F.);
#7296 = EDGE_CURVE('',#7257,#7289,#7297,.T.);
#7297 = CIRCLE('',#7298,0.862152239152);
#7298 = AXIS2_PLACEMENT_3D('',#7299,#7300,#7301);
#7299 = CARTESIAN_POINT('',(159.73699835308,-109.0624036469,1.51));
#7300 = DIRECTION('',(0.,0.,1.));
#7301 = DIRECTION('',(0.995184618156,9.801824210968E-02,-0.));
#7302 = CYLINDRICAL_SURFACE('',#7303,0.862152239152);
#7303 = AXIS2_PLACEMENT_3D('',#7304,#7305,#7306);
#7304 = CARTESIAN_POINT('',(159.73699835308,-109.0624036469,1.51));
#7305 = DIRECTION('',(-0.,-0.,-1.));
#7306 = DIRECTION('',(0.995184618156,9.801824210968E-02,-0.));
#7307 = ADVANCED_FACE('',(#7308),#7333,.T.);
#7308 = FACE_BOUND('',#7309,.T.);
#7309 = EDGE_LOOP('',(#7310,#7311,#7319,#7327));
#7310 = ORIENTED_EDGE('',*,*,#7288,.T.);
#7311 = ORIENTED_EDGE('',*,*,#7312,.T.);
#7312 = EDGE_CURVE('',#7280,#7313,#7315,.T.);
#7313 = VERTEX_POINT('',#7314);
#7314 = CARTESIAN_POINT('',(135.513,-108.204402,1.545));
#7315 = LINE('',#7316,#7317);
#7316 = CARTESIAN_POINT('',(159.821505,-108.204403,1.545));
#7317 = VECTOR('',#7318,1.);
#7318 = DIRECTION('',(-1.,4.113786501783E-08,0.));
#7319 = ORIENTED_EDGE('',*,*,#7320,.F.);
#7320 = EDGE_CURVE('',#7321,#7313,#7323,.T.);
#7321 = VERTEX_POINT('',#7322);
#7322 = CARTESIAN_POINT('',(135.513,-108.204402,1.51));
#7323 = LINE('',#7324,#7325);
#7324 = CARTESIAN_POINT('',(135.513,-108.204402,1.51));
#7325 = VECTOR('',#7326,1.);
#7326 = DIRECTION('',(0.,0.,1.));
#7327 = ORIENTED_EDGE('',*,*,#7328,.F.);
#7328 = EDGE_CURVE('',#7289,#7321,#7329,.T.);
#7329 = LINE('',#7330,#7331);
#7330 = CARTESIAN_POINT('',(159.821505,-108.204403,1.51));
#7331 = VECTOR('',#7332,1.);
#7332 = DIRECTION('',(-1.,4.113786501783E-08,0.));
#7333 = PLANE('',#7334);
#7334 = AXIS2_PLACEMENT_3D('',#7335,#7336,#7337);
#7335 = CARTESIAN_POINT('',(159.821505,-108.204403,1.51));
#7336 = DIRECTION('',(-4.113786501783E-08,-1.,0.));
#7337 = DIRECTION('',(-1.,4.113786501783E-08,0.));
#7338 = ADVANCED_FACE('',(#7339),#7366,.T.);
#7339 = FACE_BOUND('',#7340,.T.);
#7340 = EDGE_LOOP('',(#7341,#7342,#7351,#7359));
#7341 = ORIENTED_EDGE('',*,*,#7320,.T.);
#7342 = ORIENTED_EDGE('',*,*,#7343,.T.);
#7343 = EDGE_CURVE('',#7313,#7344,#7346,.T.);
#7344 = VERTEX_POINT('',#7345);
#7345 = CARTESIAN_POINT('',(134.155,-106.846402,1.545));
#7346 = CIRCLE('',#7347,1.35800003022);
#7347 = AXIS2_PLACEMENT_3D('',#7348,#7349,#7350);
#7348 = CARTESIAN_POINT('',(135.51300003022,-106.8464019697,1.545));
#7349 = DIRECTION('',(0.,0.,-1.));
#7350 = DIRECTION('',(-2.225354918688E-08,-1.,-0.));
#7351 = ORIENTED_EDGE('',*,*,#7352,.F.);
#7352 = EDGE_CURVE('',#7353,#7344,#7355,.T.);
#7353 = VERTEX_POINT('',#7354);
#7354 = CARTESIAN_POINT('',(134.155,-106.846402,1.51));
#7355 = LINE('',#7356,#7357);
#7356 = CARTESIAN_POINT('',(134.155,-106.846402,1.51));
#7357 = VECTOR('',#7358,1.);
#7358 = DIRECTION('',(0.,0.,1.));
#7359 = ORIENTED_EDGE('',*,*,#7360,.F.);
#7360 = EDGE_CURVE('',#7321,#7353,#7361,.T.);
#7361 = CIRCLE('',#7362,1.35800003022);
#7362 = AXIS2_PLACEMENT_3D('',#7363,#7364,#7365);
#7363 = CARTESIAN_POINT('',(135.51300003022,-106.8464019697,1.51));
#7364 = DIRECTION('',(0.,0.,-1.));
#7365 = DIRECTION('',(-2.225354918688E-08,-1.,-0.));
#7366 = CYLINDRICAL_SURFACE('',#7367,1.35800003022);
#7367 = AXIS2_PLACEMENT_3D('',#7368,#7369,#7370);
#7368 = CARTESIAN_POINT('',(135.51300003022,-106.8464019697,1.51));
#7369 = DIRECTION('',(0.,0.,-1.));
#7370 = DIRECTION('',(-2.225354918688E-08,-1.,-0.));
#7371 = ADVANCED_FACE('',(#7372),#7397,.T.);
#7372 = FACE_BOUND('',#7373,.T.);
#7373 = EDGE_LOOP('',(#7374,#7375,#7383,#7391));
#7374 = ORIENTED_EDGE('',*,*,#7352,.T.);
#7375 = ORIENTED_EDGE('',*,*,#7376,.T.);
#7376 = EDGE_CURVE('',#7344,#7377,#7379,.T.);
#7377 = VERTEX_POINT('',#7378);
#7378 = CARTESIAN_POINT('',(134.155,-106.292402,1.545));
#7379 = LINE('',#7380,#7381);
#7380 = CARTESIAN_POINT('',(134.155,-106.846402,1.545));
#7381 = VECTOR('',#7382,1.);
#7382 = DIRECTION('',(0.,1.,0.));
#7383 = ORIENTED_EDGE('',*,*,#7384,.F.);
#7384 = EDGE_CURVE('',#7385,#7377,#7387,.T.);
#7385 = VERTEX_POINT('',#7386);
#7386 = CARTESIAN_POINT('',(134.155,-106.292402,1.51));
#7387 = LINE('',#7388,#7389);
#7388 = CARTESIAN_POINT('',(134.155,-106.292402,1.51));
#7389 = VECTOR('',#7390,1.);
#7390 = DIRECTION('',(0.,0.,1.));
#7391 = ORIENTED_EDGE('',*,*,#7392,.F.);
#7392 = EDGE_CURVE('',#7353,#7385,#7393,.T.);
#7393 = LINE('',#7394,#7395);
#7394 = CARTESIAN_POINT('',(134.155,-106.846402,1.51));
#7395 = VECTOR('',#7396,1.);
#7396 = DIRECTION('',(0.,1.,0.));
#7397 = PLANE('',#7398);
#7398 = AXIS2_PLACEMENT_3D('',#7399,#7400,#7401);
#7399 = CARTESIAN_POINT('',(134.155,-106.846402,1.51));
#7400 = DIRECTION('',(-1.,0.,0.));
#7401 = DIRECTION('',(0.,1.,0.));
#7402 = ADVANCED_FACE('',(#7403),#7430,.T.);
#7403 = FACE_BOUND('',#7404,.T.);
#7404 = EDGE_LOOP('',(#7405,#7406,#7415,#7423));
#7405 = ORIENTED_EDGE('',*,*,#7384,.T.);
#7406 = ORIENTED_EDGE('',*,*,#7407,.T.);
#7407 = EDGE_CURVE('',#7377,#7408,#7410,.T.);
#7408 = VERTEX_POINT('',#7409);
#7409 = CARTESIAN_POINT('',(135.513,-104.934402,1.545));
#7410 = CIRCLE('',#7411,1.35800003022);
#7411 = AXIS2_PLACEMENT_3D('',#7412,#7413,#7414);
#7412 = CARTESIAN_POINT('',(135.51300003022,-106.2924020302,1.545));
#7413 = DIRECTION('',(0.,0.,-1.));
#7414 = DIRECTION('',(-1.,2.225354918688E-08,0.));
#7415 = ORIENTED_EDGE('',*,*,#7416,.F.);
#7416 = EDGE_CURVE('',#7417,#7408,#7419,.T.);
#7417 = VERTEX_POINT('',#7418);
#7418 = CARTESIAN_POINT('',(135.513,-104.934402,1.51));
#7419 = LINE('',#7420,#7421);
#7420 = CARTESIAN_POINT('',(135.513,-104.934402,1.51));
#7421 = VECTOR('',#7422,1.);
#7422 = DIRECTION('',(0.,0.,1.));
#7423 = ORIENTED_EDGE('',*,*,#7424,.F.);
#7424 = EDGE_CURVE('',#7385,#7417,#7425,.T.);
#7425 = CIRCLE('',#7426,1.35800003022);
#7426 = AXIS2_PLACEMENT_3D('',#7427,#7428,#7429);
#7427 = CARTESIAN_POINT('',(135.51300003022,-106.2924020302,1.51));
#7428 = DIRECTION('',(0.,0.,-1.));
#7429 = DIRECTION('',(-1.,2.225354918688E-08,0.));
#7430 = CYLINDRICAL_SURFACE('',#7431,1.35800003022);
#7431 = AXIS2_PLACEMENT_3D('',#7432,#7433,#7434);
#7432 = CARTESIAN_POINT('',(135.51300003022,-106.2924020302,1.51));
#7433 = DIRECTION('',(0.,0.,-1.));
#7434 = DIRECTION('',(-1.,2.225354918688E-08,0.));
#7435 = ADVANCED_FACE('',(#7436),#7461,.T.);
#7436 = FACE_BOUND('',#7437,.T.);
#7437 = EDGE_LOOP('',(#7438,#7439,#7447,#7455));
#7438 = ORIENTED_EDGE('',*,*,#7416,.T.);
#7439 = ORIENTED_EDGE('',*,*,#7440,.T.);
#7440 = EDGE_CURVE('',#7408,#7441,#7443,.T.);
#7441 = VERTEX_POINT('',#7442);
#7442 = CARTESIAN_POINT('',(159.821505,-104.934401,1.545));
#7443 = LINE('',#7444,#7445);
#7444 = CARTESIAN_POINT('',(135.513,-104.934402,1.545));
#7445 = VECTOR('',#7446,1.);
#7446 = DIRECTION('',(1.,4.113786560243E-08,0.));
#7447 = ORIENTED_EDGE('',*,*,#7448,.F.);
#7448 = EDGE_CURVE('',#7449,#7441,#7451,.T.);
#7449 = VERTEX_POINT('',#7450);
#7450 = CARTESIAN_POINT('',(159.821505,-104.934401,1.51));
#7451 = LINE('',#7452,#7453);
#7452 = CARTESIAN_POINT('',(159.821505,-104.934401,1.51));
#7453 = VECTOR('',#7454,1.);
#7454 = DIRECTION('',(0.,0.,1.));
#7455 = ORIENTED_EDGE('',*,*,#7456,.F.);
#7456 = EDGE_CURVE('',#7417,#7449,#7457,.T.);
#7457 = LINE('',#7458,#7459);
#7458 = CARTESIAN_POINT('',(135.513,-104.934402,1.51));
#7459 = VECTOR('',#7460,1.);
#7460 = DIRECTION('',(1.,4.113786560243E-08,0.));
#7461 = PLANE('',#7462);
#7462 = AXIS2_PLACEMENT_3D('',#7463,#7464,#7465);
#7463 = CARTESIAN_POINT('',(135.513,-104.934402,1.51));
#7464 = DIRECTION('',(-4.113786560243E-08,1.,0.));
#7465 = DIRECTION('',(1.,4.113786560243E-08,0.));
#7466 = ADVANCED_FACE('',(#7467),#7494,.F.);
#7467 = FACE_BOUND('',#7468,.T.);
#7468 = EDGE_LOOP('',(#7469,#7470,#7479,#7487));
#7469 = ORIENTED_EDGE('',*,*,#7448,.T.);
#7470 = ORIENTED_EDGE('',*,*,#7471,.T.);
#7471 = EDGE_CURVE('',#7441,#7472,#7474,.T.);
#7472 = VERTEX_POINT('',#7473);
#7473 = CARTESIAN_POINT('',(160.594999,-104.160907,1.545));
#7474 = CIRCLE('',#7475,0.862152239152);
#7475 = AXIS2_PLACEMENT_3D('',#7476,#7477,#7478);
#7476 = CARTESIAN_POINT('',(159.73699835308,-104.076400353,1.545));
#7477 = DIRECTION('',(0.,0.,1.));
#7478 = DIRECTION('',(9.801824210963E-02,-0.995184618156,0.));
#7479 = ORIENTED_EDGE('',*,*,#7480,.F.);
#7480 = EDGE_CURVE('',#7481,#7472,#7483,.T.);
#7481 = VERTEX_POINT('',#7482);
#7482 = CARTESIAN_POINT('',(160.594999,-104.160907,1.51));
#7483 = LINE('',#7484,#7485);
#7484 = CARTESIAN_POINT('',(160.594999,-104.160907,1.51));
#7485 = VECTOR('',#7486,1.);
#7486 = DIRECTION('',(0.,0.,1.));
#7487 = ORIENTED_EDGE('',*,*,#7488,.F.);
#7488 = EDGE_CURVE('',#7449,#7481,#7489,.T.);
#7489 = CIRCLE('',#7490,0.862152239152);
#7490 = AXIS2_PLACEMENT_3D('',#7491,#7492,#7493);
#7491 = CARTESIAN_POINT('',(159.73699835308,-104.076400353,1.51));
#7492 = DIRECTION('',(0.,0.,1.));
#7493 = DIRECTION('',(9.801824210963E-02,-0.995184618156,0.));
#7494 = CYLINDRICAL_SURFACE('',#7495,0.862152239152);
#7495 = AXIS2_PLACEMENT_3D('',#7496,#7497,#7498);
#7496 = CARTESIAN_POINT('',(159.73699835308,-104.076400353,1.51));
#7497 = DIRECTION('',(-0.,-0.,-1.));
#7498 = DIRECTION('',(9.801824210963E-02,-0.995184618156,0.));
#7499 = ADVANCED_FACE('',(#7500),#7525,.T.);
#7500 = FACE_BOUND('',#7501,.T.);
#7501 = EDGE_LOOP('',(#7502,#7503,#7511,#7519));
#7502 = ORIENTED_EDGE('',*,*,#7480,.T.);
#7503 = ORIENTED_EDGE('',*,*,#7504,.T.);
#7504 = EDGE_CURVE('',#7472,#7505,#7507,.T.);
#7505 = VERTEX_POINT('',#7506);
#7506 = CARTESIAN_POINT('',(160.594999,-103.437897,1.545));
#7507 = LINE('',#7508,#7509);
#7508 = CARTESIAN_POINT('',(160.594999,-104.160907,1.545));
#7509 = VECTOR('',#7510,1.);
#7510 = DIRECTION('',(0.,1.,0.));
#7511 = ORIENTED_EDGE('',*,*,#7512,.F.);
#7512 = EDGE_CURVE('',#7513,#7505,#7515,.T.);
#7513 = VERTEX_POINT('',#7514);
#7514 = CARTESIAN_POINT('',(160.594999,-103.437897,1.51));
#7515 = LINE('',#7516,#7517);
#7516 = CARTESIAN_POINT('',(160.594999,-103.437897,1.51));
#7517 = VECTOR('',#7518,1.);
#7518 = DIRECTION('',(0.,0.,1.));
#7519 = ORIENTED_EDGE('',*,*,#7520,.F.);
#7520 = EDGE_CURVE('',#7481,#7513,#7521,.T.);
#7521 = LINE('',#7522,#7523);
#7522 = CARTESIAN_POINT('',(160.594999,-104.160907,1.51));
#7523 = VECTOR('',#7524,1.);
#7524 = DIRECTION('',(0.,1.,0.));
#7525 = PLANE('',#7526);
#7526 = AXIS2_PLACEMENT_3D('',#7527,#7528,#7529);
#7527 = CARTESIAN_POINT('',(160.594999,-104.160907,1.51));
#7528 = DIRECTION('',(-1.,0.,0.));
#7529 = DIRECTION('',(0.,1.,0.));
#7530 = ADVANCED_FACE('',(#7531),#7558,.F.);
#7531 = FACE_BOUND('',#7532,.T.);
#7532 = EDGE_LOOP('',(#7533,#7534,#7543,#7551));
#7533 = ORIENTED_EDGE('',*,*,#7512,.T.);
#7534 = ORIENTED_EDGE('',*,*,#7535,.T.);
#7535 = EDGE_CURVE('',#7505,#7536,#7538,.T.);
#7536 = VERTEX_POINT('',#7537);
#7537 = CARTESIAN_POINT('',(159.821505,-102.664403,1.545));
#7538 = CIRCLE('',#7539,0.862152239152);
#7539 = AXIS2_PLACEMENT_3D('',#7540,#7541,#7542);
#7540 = CARTESIAN_POINT('',(159.73699835308,-103.5224036469,1.545));
#7541 = DIRECTION('',(0.,0.,1.));
#7542 = DIRECTION('',(0.995184618156,9.801824210968E-02,-0.));
#7543 = ORIENTED_EDGE('',*,*,#7544,.F.);
#7544 = EDGE_CURVE('',#7545,#7536,#7547,.T.);
#7545 = VERTEX_POINT('',#7546);
#7546 = CARTESIAN_POINT('',(159.821505,-102.664403,1.51));
#7547 = LINE('',#7548,#7549);
#7548 = CARTESIAN_POINT('',(159.821505,-102.664403,1.51));
#7549 = VECTOR('',#7550,1.);
#7550 = DIRECTION('',(0.,0.,1.));
#7551 = ORIENTED_EDGE('',*,*,#7552,.F.);
#7552 = EDGE_CURVE('',#7513,#7545,#7553,.T.);
#7553 = CIRCLE('',#7554,0.862152239152);
#7554 = AXIS2_PLACEMENT_3D('',#7555,#7556,#7557);
#7555 = CARTESIAN_POINT('',(159.73699835308,-103.5224036469,1.51));
#7556 = DIRECTION('',(0.,0.,1.));
#7557 = DIRECTION('',(0.995184618156,9.801824210968E-02,-0.));
#7558 = CYLINDRICAL_SURFACE('',#7559,0.862152239152);
#7559 = AXIS2_PLACEMENT_3D('',#7560,#7561,#7562);
#7560 = CARTESIAN_POINT('',(159.73699835308,-103.5224036469,1.51));
#7561 = DIRECTION('',(-0.,-0.,-1.));
#7562 = DIRECTION('',(0.995184618156,9.801824210968E-02,-0.));
#7563 = ADVANCED_FACE('',(#7564),#7589,.T.);
#7564 = FACE_BOUND('',#7565,.T.);
#7565 = EDGE_LOOP('',(#7566,#7567,#7575,#7583));
#7566 = ORIENTED_EDGE('',*,*,#7544,.T.);
#7567 = ORIENTED_EDGE('',*,*,#7568,.T.);
#7568 = EDGE_CURVE('',#7536,#7569,#7571,.T.);
#7569 = VERTEX_POINT('',#7570);
#7570 = CARTESIAN_POINT('',(135.463,-102.664402,1.545));
#7571 = LINE('',#7572,#7573);
#7572 = CARTESIAN_POINT('',(159.821505,-102.664403,1.545));
#7573 = VECTOR('',#7574,1.);
#7574 = DIRECTION('',(-1.,4.105342250993E-08,0.));
#7575 = ORIENTED_EDGE('',*,*,#7576,.F.);
#7576 = EDGE_CURVE('',#7577,#7569,#7579,.T.);
#7577 = VERTEX_POINT('',#7578);
#7578 = CARTESIAN_POINT('',(135.463,-102.664402,1.51));
#7579 = LINE('',#7580,#7581);
#7580 = CARTESIAN_POINT('',(135.463,-102.664402,1.51));
#7581 = VECTOR('',#7582,1.);
#7582 = DIRECTION('',(0.,0.,1.));
#7583 = ORIENTED_EDGE('',*,*,#7584,.F.);
#7584 = EDGE_CURVE('',#7545,#7577,#7585,.T.);
#7585 = LINE('',#7586,#7587);
#7586 = CARTESIAN_POINT('',(159.821505,-102.664403,1.51));
#7587 = VECTOR('',#7588,1.);
#7588 = DIRECTION('',(-1.,4.105342250993E-08,0.));
#7589 = PLANE('',#7590);
#7590 = AXIS2_PLACEMENT_3D('',#7591,#7592,#7593);
#7591 = CARTESIAN_POINT('',(159.821505,-102.664403,1.51));
#7592 = DIRECTION('',(-4.105342250993E-08,-1.,0.));
#7593 = DIRECTION('',(-1.,4.105342250993E-08,0.));
#7594 = ADVANCED_FACE('',(#7595),#7622,.T.);
#7595 = FACE_BOUND('',#7596,.T.);
#7596 = EDGE_LOOP('',(#7597,#7598,#7607,#7615));
#7597 = ORIENTED_EDGE('',*,*,#7576,.T.);
#7598 = ORIENTED_EDGE('',*,*,#7599,.T.);
#7599 = EDGE_CURVE('',#7569,#7600,#7602,.T.);
#7600 = VERTEX_POINT('',#7601);
#7601 = CARTESIAN_POINT('',(134.105,-101.306402,1.545));
#7602 = CIRCLE('',#7603,1.35800003022);
#7603 = AXIS2_PLACEMENT_3D('',#7604,#7605,#7606);
#7604 = CARTESIAN_POINT('',(135.46300003022,-101.3064019697,1.545));
#7605 = DIRECTION('',(0.,0.,-1.));
#7606 = DIRECTION('',(-2.225354918688E-08,-1.,-0.));
#7607 = ORIENTED_EDGE('',*,*,#7608,.F.);
#7608 = EDGE_CURVE('',#7609,#7600,#7611,.T.);
#7609 = VERTEX_POINT('',#7610);
#7610 = CARTESIAN_POINT('',(134.105,-101.306402,1.51));
#7611 = LINE('',#7612,#7613);
#7612 = CARTESIAN_POINT('',(134.105,-101.306402,1.51));
#7613 = VECTOR('',#7614,1.);
#7614 = DIRECTION('',(0.,0.,1.));
#7615 = ORIENTED_EDGE('',*,*,#7616,.F.);
#7616 = EDGE_CURVE('',#7577,#7609,#7617,.T.);
#7617 = CIRCLE('',#7618,1.35800003022);
#7618 = AXIS2_PLACEMENT_3D('',#7619,#7620,#7621);
#7619 = CARTESIAN_POINT('',(135.46300003022,-101.3064019697,1.51));
#7620 = DIRECTION('',(0.,0.,-1.));
#7621 = DIRECTION('',(-2.225354918688E-08,-1.,-0.));
#7622 = CYLINDRICAL_SURFACE('',#7623,1.35800003022);
#7623 = AXIS2_PLACEMENT_3D('',#7624,#7625,#7626);
#7624 = CARTESIAN_POINT('',(135.46300003022,-101.3064019697,1.51));
#7625 = DIRECTION('',(0.,0.,-1.));
#7626 = DIRECTION('',(-2.225354918688E-08,-1.,-0.));
#7627 = ADVANCED_FACE('',(#7628),#7653,.T.);
#7628 = FACE_BOUND('',#7629,.T.);
#7629 = EDGE_LOOP('',(#7630,#7631,#7639,#7647));
#7630 = ORIENTED_EDGE('',*,*,#7608,.T.);
#7631 = ORIENTED_EDGE('',*,*,#7632,.T.);
#7632 = EDGE_CURVE('',#7600,#7633,#7635,.T.);
#7633 = VERTEX_POINT('',#7634);
#7634 = CARTESIAN_POINT('',(134.105,-100.752402,1.545));
#7635 = LINE('',#7636,#7637);
#7636 = CARTESIAN_POINT('',(134.105,-101.306402,1.545));
#7637 = VECTOR('',#7638,1.);
#7638 = DIRECTION('',(0.,1.,0.));
#7639 = ORIENTED_EDGE('',*,*,#7640,.F.);
#7640 = EDGE_CURVE('',#7641,#7633,#7643,.T.);
#7641 = VERTEX_POINT('',#7642);
#7642 = CARTESIAN_POINT('',(134.105,-100.752402,1.51));
#7643 = LINE('',#7644,#7645);
#7644 = CARTESIAN_POINT('',(134.105,-100.752402,1.51));
#7645 = VECTOR('',#7646,1.);
#7646 = DIRECTION('',(0.,0.,1.));
#7647 = ORIENTED_EDGE('',*,*,#7648,.F.);
#7648 = EDGE_CURVE('',#7609,#7641,#7649,.T.);
#7649 = LINE('',#7650,#7651);
#7650 = CARTESIAN_POINT('',(134.105,-101.306402,1.51));
#7651 = VECTOR('',#7652,1.);
#7652 = DIRECTION('',(0.,1.,0.));
#7653 = PLANE('',#7654);
#7654 = AXIS2_PLACEMENT_3D('',#7655,#7656,#7657);
#7655 = CARTESIAN_POINT('',(134.105,-101.306402,1.51));
#7656 = DIRECTION('',(-1.,0.,0.));
#7657 = DIRECTION('',(0.,1.,0.));
#7658 = ADVANCED_FACE('',(#7659),#7686,.T.);
#7659 = FACE_BOUND('',#7660,.T.);
#7660 = EDGE_LOOP('',(#7661,#7662,#7671,#7679));
#7661 = ORIENTED_EDGE('',*,*,#7640,.T.);
#7662 = ORIENTED_EDGE('',*,*,#7663,.T.);
#7663 = EDGE_CURVE('',#7633,#7664,#7666,.T.);
#7664 = VERTEX_POINT('',#7665);
#7665 = CARTESIAN_POINT('',(135.463,-99.394402,1.545));
#7666 = CIRCLE('',#7667,1.35800003022);
#7667 = AXIS2_PLACEMENT_3D('',#7668,#7669,#7670);
#7668 = CARTESIAN_POINT('',(135.46300003022,-100.7524020302,1.545));
#7669 = DIRECTION('',(0.,0.,-1.));
#7670 = DIRECTION('',(-1.,2.225355965142E-08,0.));
#7671 = ORIENTED_EDGE('',*,*,#7672,.F.);
#7672 = EDGE_CURVE('',#7673,#7664,#7675,.T.);
#7673 = VERTEX_POINT('',#7674);
#7674 = CARTESIAN_POINT('',(135.463,-99.394402,1.51));
#7675 = LINE('',#7676,#7677);
#7676 = CARTESIAN_POINT('',(135.463,-99.394402,1.51));
#7677 = VECTOR('',#7678,1.);
#7678 = DIRECTION('',(0.,0.,1.));
#7679 = ORIENTED_EDGE('',*,*,#7680,.F.);
#7680 = EDGE_CURVE('',#7641,#7673,#7681,.T.);
#7681 = CIRCLE('',#7682,1.35800003022);
#7682 = AXIS2_PLACEMENT_3D('',#7683,#7684,#7685);
#7683 = CARTESIAN_POINT('',(135.46300003022,-100.7524020302,1.51));
#7684 = DIRECTION('',(0.,0.,-1.));
#7685 = DIRECTION('',(-1.,2.225355965142E-08,0.));
#7686 = CYLINDRICAL_SURFACE('',#7687,1.35800003022);
#7687 = AXIS2_PLACEMENT_3D('',#7688,#7689,#7690);
#7688 = CARTESIAN_POINT('',(135.46300003022,-100.7524020302,1.51));
#7689 = DIRECTION('',(0.,0.,-1.));
#7690 = DIRECTION('',(-1.,2.225355965142E-08,0.));
#7691 = ADVANCED_FACE('',(#7692),#7717,.T.);
#7692 = FACE_BOUND('',#7693,.T.);
#7693 = EDGE_LOOP('',(#7694,#7695,#7703,#7711));
#7694 = ORIENTED_EDGE('',*,*,#7672,.T.);
#7695 = ORIENTED_EDGE('',*,*,#7696,.T.);
#7696 = EDGE_CURVE('',#7664,#7697,#7699,.T.);
#7697 = VERTEX_POINT('',#7698);
#7698 = CARTESIAN_POINT('',(159.821505,-99.394401,1.545));
#7699 = LINE('',#7700,#7701);
#7700 = CARTESIAN_POINT('',(135.463,-99.394402,1.545));
#7701 = VECTOR('',#7702,1.);
#7702 = DIRECTION('',(1.,4.105342250993E-08,0.));
#7703 = ORIENTED_EDGE('',*,*,#7704,.F.);
#7704 = EDGE_CURVE('',#7705,#7697,#7707,.T.);
#7705 = VERTEX_POINT('',#7706);
#7706 = CARTESIAN_POINT('',(159.821505,-99.394401,1.51));
#7707 = LINE('',#7708,#7709);
#7708 = CARTESIAN_POINT('',(159.821505,-99.394401,1.51));
#7709 = VECTOR('',#7710,1.);
#7710 = DIRECTION('',(0.,0.,1.));
#7711 = ORIENTED_EDGE('',*,*,#7712,.F.);
#7712 = EDGE_CURVE('',#7673,#7705,#7713,.T.);
#7713 = LINE('',#7714,#7715);
#7714 = CARTESIAN_POINT('',(135.463,-99.394402,1.51));
#7715 = VECTOR('',#7716,1.);
#7716 = DIRECTION('',(1.,4.105342250993E-08,0.));
#7717 = PLANE('',#7718);
#7718 = AXIS2_PLACEMENT_3D('',#7719,#7720,#7721);
#7719 = CARTESIAN_POINT('',(135.463,-99.394402,1.51));
#7720 = DIRECTION('',(-4.105342250993E-08,1.,0.));
#7721 = DIRECTION('',(1.,4.105342250993E-08,0.));
#7722 = ADVANCED_FACE('',(#7723),#7750,.F.);
#7723 = FACE_BOUND('',#7724,.T.);
#7724 = EDGE_LOOP('',(#7725,#7726,#7735,#7743));
#7725 = ORIENTED_EDGE('',*,*,#7704,.T.);
#7726 = ORIENTED_EDGE('',*,*,#7727,.T.);
#7727 = EDGE_CURVE('',#7697,#7728,#7730,.T.);
#7728 = VERTEX_POINT('',#7729);
#7729 = CARTESIAN_POINT('',(160.594999,-98.620907,1.545));
#7730 = CIRCLE('',#7731,0.862152239152);
#7731 = AXIS2_PLACEMENT_3D('',#7732,#7733,#7734);
#7732 = CARTESIAN_POINT('',(159.73699835308,-98.53640035308,1.545));
#7733 = DIRECTION('',(0.,0.,1.));
#7734 = DIRECTION('',(9.801824210963E-02,-0.995184618156,0.));
#7735 = ORIENTED_EDGE('',*,*,#7736,.F.);
#7736 = EDGE_CURVE('',#7737,#7728,#7739,.T.);
#7737 = VERTEX_POINT('',#7738);
#7738 = CARTESIAN_POINT('',(160.594999,-98.620907,1.51));
#7739 = LINE('',#7740,#7741);
#7740 = CARTESIAN_POINT('',(160.594999,-98.620907,1.51));
#7741 = VECTOR('',#7742,1.);
#7742 = DIRECTION('',(0.,0.,1.));
#7743 = ORIENTED_EDGE('',*,*,#7744,.F.);
#7744 = EDGE_CURVE('',#7705,#7737,#7745,.T.);
#7745 = CIRCLE('',#7746,0.862152239152);
#7746 = AXIS2_PLACEMENT_3D('',#7747,#7748,#7749);
#7747 = CARTESIAN_POINT('',(159.73699835308,-98.53640035308,1.51));
#7748 = DIRECTION('',(0.,0.,1.));
#7749 = DIRECTION('',(9.801824210963E-02,-0.995184618156,0.));
#7750 = CYLINDRICAL_SURFACE('',#7751,0.862152239152);
#7751 = AXIS2_PLACEMENT_3D('',#7752,#7753,#7754);
#7752 = CARTESIAN_POINT('',(159.73699835308,-98.53640035308,1.51));
#7753 = DIRECTION('',(-0.,-0.,-1.));
#7754 = DIRECTION('',(9.801824210963E-02,-0.995184618156,0.));
#7755 = ADVANCED_FACE('',(#7756),#7781,.T.);
#7756 = FACE_BOUND('',#7757,.T.);
#7757 = EDGE_LOOP('',(#7758,#7759,#7767,#7775));
#7758 = ORIENTED_EDGE('',*,*,#7736,.T.);
#7759 = ORIENTED_EDGE('',*,*,#7760,.T.);
#7760 = EDGE_CURVE('',#7728,#7761,#7763,.T.);
#7761 = VERTEX_POINT('',#7762);
#7762 = CARTESIAN_POINT('',(160.594999,-97.897897,1.545));
#7763 = LINE('',#7764,#7765);
#7764 = CARTESIAN_POINT('',(160.594999,-98.620907,1.545));
#7765 = VECTOR('',#7766,1.);
#7766 = DIRECTION('',(0.,1.,0.));
#7767 = ORIENTED_EDGE('',*,*,#7768,.F.);
#7768 = EDGE_CURVE('',#7769,#7761,#7771,.T.);
#7769 = VERTEX_POINT('',#7770);
#7770 = CARTESIAN_POINT('',(160.594999,-97.897897,1.51));
#7771 = LINE('',#7772,#7773);
#7772 = CARTESIAN_POINT('',(160.594999,-97.897897,1.51));
#7773 = VECTOR('',#7774,1.);
#7774 = DIRECTION('',(0.,0.,1.));
#7775 = ORIENTED_EDGE('',*,*,#7776,.F.);
#7776 = EDGE_CURVE('',#7737,#7769,#7777,.T.);
#7777 = LINE('',#7778,#7779);
#7778 = CARTESIAN_POINT('',(160.594999,-98.620907,1.51));
#7779 = VECTOR('',#7780,1.);
#7780 = DIRECTION('',(0.,1.,0.));
#7781 = PLANE('',#7782);
#7782 = AXIS2_PLACEMENT_3D('',#7783,#7784,#7785);
#7783 = CARTESIAN_POINT('',(160.594999,-98.620907,1.51));
#7784 = DIRECTION('',(-1.,0.,0.));
#7785 = DIRECTION('',(0.,1.,0.));
#7786 = ADVANCED_FACE('',(#7787),#7814,.F.);
#7787 = FACE_BOUND('',#7788,.T.);
#7788 = EDGE_LOOP('',(#7789,#7790,#7799,#7807));
#7789 = ORIENTED_EDGE('',*,*,#7768,.T.);
#7790 = ORIENTED_EDGE('',*,*,#7791,.T.);
#7791 = EDGE_CURVE('',#7761,#7792,#7794,.T.);
#7792 = VERTEX_POINT('',#7793);
#7793 = CARTESIAN_POINT('',(159.821505,-97.124403,1.545));
#7794 = CIRCLE('',#7795,0.862152239152);
#7795 = AXIS2_PLACEMENT_3D('',#7796,#7797,#7798);
#7796 = CARTESIAN_POINT('',(159.73699835308,-97.98240364691,1.545));
#7797 = DIRECTION('',(0.,0.,1.));
#7798 = DIRECTION('',(0.995184618156,9.801824210968E-02,-0.));
#7799 = ORIENTED_EDGE('',*,*,#7800,.F.);
#7800 = EDGE_CURVE('',#7801,#7792,#7803,.T.);
#7801 = VERTEX_POINT('',#7802);
#7802 = CARTESIAN_POINT('',(159.821505,-97.124403,1.51));
#7803 = LINE('',#7804,#7805);
#7804 = CARTESIAN_POINT('',(159.821505,-97.124403,1.51));
#7805 = VECTOR('',#7806,1.);
#7806 = DIRECTION('',(0.,0.,1.));
#7807 = ORIENTED_EDGE('',*,*,#7808,.F.);
#7808 = EDGE_CURVE('',#7769,#7801,#7809,.T.);
#7809 = CIRCLE('',#7810,0.862152239152);
#7810 = AXIS2_PLACEMENT_3D('',#7811,#7812,#7813);
#7811 = CARTESIAN_POINT('',(159.73699835308,-97.98240364691,1.51));
#7812 = DIRECTION('',(0.,0.,1.));
#7813 = DIRECTION('',(0.995184618156,9.801824210968E-02,-0.));
#7814 = CYLINDRICAL_SURFACE('',#7815,0.862152239152);
#7815 = AXIS2_PLACEMENT_3D('',#7816,#7817,#7818);
#7816 = CARTESIAN_POINT('',(159.73699835308,-97.98240364691,1.51));
#7817 = DIRECTION('',(-0.,-0.,-1.));
#7818 = DIRECTION('',(0.995184618156,9.801824210968E-02,-0.));
#7819 = ADVANCED_FACE('',(#7820),#7845,.T.);
#7820 = FACE_BOUND('',#7821,.T.);
#7821 = EDGE_LOOP('',(#7822,#7823,#7831,#7839));
#7822 = ORIENTED_EDGE('',*,*,#7800,.T.);
#7823 = ORIENTED_EDGE('',*,*,#7824,.T.);
#7824 = EDGE_CURVE('',#7792,#7825,#7827,.T.);
#7825 = VERTEX_POINT('',#7826);
#7826 = CARTESIAN_POINT('',(135.413,-97.124402,1.545));
#7827 = LINE('',#7828,#7829);
#7828 = CARTESIAN_POINT('',(159.821505,-97.124403,1.545));
#7829 = VECTOR('',#7830,1.);
#7830 = DIRECTION('',(-1.,4.096932595729E-08,0.));
#7831 = ORIENTED_EDGE('',*,*,#7832,.F.);
#7832 = EDGE_CURVE('',#7833,#7825,#7835,.T.);
#7833 = VERTEX_POINT('',#7834);
#7834 = CARTESIAN_POINT('',(135.413,-97.124402,1.51));
#7835 = LINE('',#7836,#7837);
#7836 = CARTESIAN_POINT('',(135.413,-97.124402,1.51));
#7837 = VECTOR('',#7838,1.);
#7838 = DIRECTION('',(0.,0.,1.));
#7839 = ORIENTED_EDGE('',*,*,#7840,.F.);
#7840 = EDGE_CURVE('',#7801,#7833,#7841,.T.);
#7841 = LINE('',#7842,#7843);
#7842 = CARTESIAN_POINT('',(159.821505,-97.124403,1.51));
#7843 = VECTOR('',#7844,1.);
#7844 = DIRECTION('',(-1.,4.096932595729E-08,0.));
#7845 = PLANE('',#7846);
#7846 = AXIS2_PLACEMENT_3D('',#7847,#7848,#7849);
#7847 = CARTESIAN_POINT('',(159.821505,-97.124403,1.51));
#7848 = DIRECTION('',(-4.096932595729E-08,-1.,0.));
#7849 = DIRECTION('',(-1.,4.096932595729E-08,0.));
#7850 = ADVANCED_FACE('',(#7851),#7878,.T.);
#7851 = FACE_BOUND('',#7852,.T.);
#7852 = EDGE_LOOP('',(#7853,#7854,#7863,#7871));
#7853 = ORIENTED_EDGE('',*,*,#7832,.T.);
#7854 = ORIENTED_EDGE('',*,*,#7855,.T.);
#7855 = EDGE_CURVE('',#7825,#7856,#7858,.T.);
#7856 = VERTEX_POINT('',#7857);
#7857 = CARTESIAN_POINT('',(134.055,-95.766402,1.545));
#7858 = CIRCLE('',#7859,1.35800003022);
#7859 = AXIS2_PLACEMENT_3D('',#7860,#7861,#7862);
#7860 = CARTESIAN_POINT('',(135.41300003022,-95.76640196978,1.545));
#7861 = DIRECTION('',(0.,0.,-1.));
#7862 = DIRECTION('',(-2.225359104506E-08,-1.,-0.));
#7863 = ORIENTED_EDGE('',*,*,#7864,.F.);
#7864 = EDGE_CURVE('',#7865,#7856,#7867,.T.);
#7865 = VERTEX_POINT('',#7866);
#7866 = CARTESIAN_POINT('',(134.055,-95.766402,1.51));
#7867 = LINE('',#7868,#7869);
#7868 = CARTESIAN_POINT('',(134.055,-95.766402,1.51));
#7869 = VECTOR('',#7870,1.);
#7870 = DIRECTION('',(0.,0.,1.));
#7871 = ORIENTED_EDGE('',*,*,#7872,.F.);
#7872 = EDGE_CURVE('',#7833,#7865,#7873,.T.);
#7873 = CIRCLE('',#7874,1.35800003022);
#7874 = AXIS2_PLACEMENT_3D('',#7875,#7876,#7877);
#7875 = CARTESIAN_POINT('',(135.41300003022,-95.76640196978,1.51));
#7876 = DIRECTION('',(0.,0.,-1.));
#7877 = DIRECTION('',(-2.225359104506E-08,-1.,-0.));
#7878 = CYLINDRICAL_SURFACE('',#7879,1.35800003022);
#7879 = AXIS2_PLACEMENT_3D('',#7880,#7881,#7882);
#7880 = CARTESIAN_POINT('',(135.41300003022,-95.76640196978,1.51));
#7881 = DIRECTION('',(0.,0.,-1.));
#7882 = DIRECTION('',(-2.225359104506E-08,-1.,-0.));
#7883 = ADVANCED_FACE('',(#7884),#7909,.T.);
#7884 = FACE_BOUND('',#7885,.T.);
#7885 = EDGE_LOOP('',(#7886,#7887,#7895,#7903));
#7886 = ORIENTED_EDGE('',*,*,#7864,.T.);
#7887 = ORIENTED_EDGE('',*,*,#7888,.T.);
#7888 = EDGE_CURVE('',#7856,#7889,#7891,.T.);
#7889 = VERTEX_POINT('',#7890);
#7890 = CARTESIAN_POINT('',(134.055,-95.212402,1.545));
#7891 = LINE('',#7892,#7893);
#7892 = CARTESIAN_POINT('',(134.055,-95.766402,1.545));
#7893 = VECTOR('',#7894,1.);
#7894 = DIRECTION('',(0.,1.,0.));
#7895 = ORIENTED_EDGE('',*,*,#7896,.F.);
#7896 = EDGE_CURVE('',#7897,#7889,#7899,.T.);
#7897 = VERTEX_POINT('',#7898);
#7898 = CARTESIAN_POINT('',(134.055,-95.212402,1.51));
#7899 = LINE('',#7900,#7901);
#7900 = CARTESIAN_POINT('',(134.055,-95.212402,1.51));
#7901 = VECTOR('',#7902,1.);
#7902 = DIRECTION('',(0.,0.,1.));
#7903 = ORIENTED_EDGE('',*,*,#7904,.F.);
#7904 = EDGE_CURVE('',#7865,#7897,#7905,.T.);
#7905 = LINE('',#7906,#7907);
#7906 = CARTESIAN_POINT('',(134.055,-95.766402,1.51));
#7907 = VECTOR('',#7908,1.);
#7908 = DIRECTION('',(0.,1.,0.));
#7909 = PLANE('',#7910);
#7910 = AXIS2_PLACEMENT_3D('',#7911,#7912,#7913);
#7911 = CARTESIAN_POINT('',(134.055,-95.766402,1.51));
#7912 = DIRECTION('',(-1.,0.,0.));
#7913 = DIRECTION('',(0.,1.,0.));
#7914 = ADVANCED_FACE('',(#7915),#7942,.T.);
#7915 = FACE_BOUND('',#7916,.T.);
#7916 = EDGE_LOOP('',(#7917,#7918,#7927,#7935));
#7917 = ORIENTED_EDGE('',*,*,#7896,.T.);
#7918 = ORIENTED_EDGE('',*,*,#7919,.T.);
#7919 = EDGE_CURVE('',#7889,#7920,#7922,.T.);
#7920 = VERTEX_POINT('',#7921);
#7921 = CARTESIAN_POINT('',(135.413,-93.854402,1.545));
#7922 = CIRCLE('',#7923,1.35800003022);
#7923 = AXIS2_PLACEMENT_3D('',#7924,#7925,#7926);
#7924 = CARTESIAN_POINT('',(135.41300003022,-95.21240203022,1.545));
#7925 = DIRECTION('',(0.,0.,-1.));
#7926 = DIRECTION('',(-1.,2.225358058052E-08,0.));
#7927 = ORIENTED_EDGE('',*,*,#7928,.F.);
#7928 = EDGE_CURVE('',#7929,#7920,#7931,.T.);
#7929 = VERTEX_POINT('',#7930);
#7930 = CARTESIAN_POINT('',(135.413,-93.854402,1.51));
#7931 = LINE('',#7932,#7933);
#7932 = CARTESIAN_POINT('',(135.413,-93.854402,1.51));
#7933 = VECTOR('',#7934,1.);
#7934 = DIRECTION('',(0.,0.,1.));
#7935 = ORIENTED_EDGE('',*,*,#7936,.F.);
#7936 = EDGE_CURVE('',#7897,#7929,#7937,.T.);
#7937 = CIRCLE('',#7938,1.35800003022);
#7938 = AXIS2_PLACEMENT_3D('',#7939,#7940,#7941);
#7939 = CARTESIAN_POINT('',(135.41300003022,-95.21240203022,1.51));
#7940 = DIRECTION('',(0.,0.,-1.));
#7941 = DIRECTION('',(-1.,2.225358058052E-08,0.));
#7942 = CYLINDRICAL_SURFACE('',#7943,1.35800003022);
#7943 = AXIS2_PLACEMENT_3D('',#7944,#7945,#7946);
#7944 = CARTESIAN_POINT('',(135.41300003022,-95.21240203022,1.51));
#7945 = DIRECTION('',(0.,0.,-1.));
#7946 = DIRECTION('',(-1.,2.225358058052E-08,0.));
#7947 = ADVANCED_FACE('',(#7948),#7973,.T.);
#7948 = FACE_BOUND('',#7949,.T.);
#7949 = EDGE_LOOP('',(#7950,#7951,#7959,#7967));
#7950 = ORIENTED_EDGE('',*,*,#7928,.T.);
#7951 = ORIENTED_EDGE('',*,*,#7952,.T.);
#7952 = EDGE_CURVE('',#7920,#7953,#7955,.T.);
#7953 = VERTEX_POINT('',#7954);
#7954 = CARTESIAN_POINT('',(159.821505,-93.854401,1.545));
#7955 = LINE('',#7956,#7957);
#7956 = CARTESIAN_POINT('',(135.413,-93.854402,1.545));
#7957 = VECTOR('',#7958,1.);
#7958 = DIRECTION('',(1.,4.096932595729E-08,0.));
#7959 = ORIENTED_EDGE('',*,*,#7960,.F.);
#7960 = EDGE_CURVE('',#7961,#7953,#7963,.T.);
#7961 = VERTEX_POINT('',#7962);
#7962 = CARTESIAN_POINT('',(159.821505,-93.854401,1.51));
#7963 = LINE('',#7964,#7965);
#7964 = CARTESIAN_POINT('',(159.821505,-93.854401,1.51));
#7965 = VECTOR('',#7966,1.);
#7966 = DIRECTION('',(0.,0.,1.));
#7967 = ORIENTED_EDGE('',*,*,#7968,.F.);
#7968 = EDGE_CURVE('',#7929,#7961,#7969,.T.);
#7969 = LINE('',#7970,#7971);
#7970 = CARTESIAN_POINT('',(135.413,-93.854402,1.51));
#7971 = VECTOR('',#7972,1.);
#7972 = DIRECTION('',(1.,4.096932595729E-08,0.));
#7973 = PLANE('',#7974);
#7974 = AXIS2_PLACEMENT_3D('',#7975,#7976,#7977);
#7975 = CARTESIAN_POINT('',(135.413,-93.854402,1.51));
#7976 = DIRECTION('',(-4.096932595729E-08,1.,0.));
#7977 = DIRECTION('',(1.,4.096932595729E-08,0.));
#7978 = ADVANCED_FACE('',(#7979),#8006,.F.);
#7979 = FACE_BOUND('',#7980,.T.);
#7980 = EDGE_LOOP('',(#7981,#7982,#7991,#7999));
#7981 = ORIENTED_EDGE('',*,*,#7960,.T.);
#7982 = ORIENTED_EDGE('',*,*,#7983,.T.);
#7983 = EDGE_CURVE('',#7953,#7984,#7986,.T.);
#7984 = VERTEX_POINT('',#7985);
#7985 = CARTESIAN_POINT('',(160.594999,-93.080907,1.545));
#7986 = CIRCLE('',#7987,0.862152239152);
#7987 = AXIS2_PLACEMENT_3D('',#7988,#7989,#7990);
#7988 = CARTESIAN_POINT('',(159.73699835308,-92.99640035308,1.545));
#7989 = DIRECTION('',(0.,0.,1.));
#7990 = DIRECTION('',(9.801824210963E-02,-0.995184618156,0.));
#7991 = ORIENTED_EDGE('',*,*,#7992,.F.);
#7992 = EDGE_CURVE('',#7993,#7984,#7995,.T.);
#7993 = VERTEX_POINT('',#7994);
#7994 = CARTESIAN_POINT('',(160.594999,-93.080907,1.51));
#7995 = LINE('',#7996,#7997);
#7996 = CARTESIAN_POINT('',(160.594999,-93.080907,1.51));
#7997 = VECTOR('',#7998,1.);
#7998 = DIRECTION('',(0.,0.,1.));
#7999 = ORIENTED_EDGE('',*,*,#8000,.F.);
#8000 = EDGE_CURVE('',#7961,#7993,#8001,.T.);
#8001 = CIRCLE('',#8002,0.862152239152);
#8002 = AXIS2_PLACEMENT_3D('',#8003,#8004,#8005);
#8003 = CARTESIAN_POINT('',(159.73699835308,-92.99640035308,1.51));
#8004 = DIRECTION('',(0.,0.,1.));
#8005 = DIRECTION('',(9.801824210963E-02,-0.995184618156,0.));
#8006 = CYLINDRICAL_SURFACE('',#8007,0.862152239152);
#8007 = AXIS2_PLACEMENT_3D('',#8008,#8009,#8010);
#8008 = CARTESIAN_POINT('',(159.73699835308,-92.99640035308,1.51));
#8009 = DIRECTION('',(-0.,-0.,-1.));
#8010 = DIRECTION('',(9.801824210963E-02,-0.995184618156,0.));
#8011 = ADVANCED_FACE('',(#8012),#8037,.T.);
#8012 = FACE_BOUND('',#8013,.T.);
#8013 = EDGE_LOOP('',(#8014,#8015,#8023,#8031));
#8014 = ORIENTED_EDGE('',*,*,#7992,.T.);
#8015 = ORIENTED_EDGE('',*,*,#8016,.T.);
#8016 = EDGE_CURVE('',#7984,#8017,#8019,.T.);
#8017 = VERTEX_POINT('',#8018);
#8018 = CARTESIAN_POINT('',(160.594999,-92.357897,1.545));
#8019 = LINE('',#8020,#8021);
#8020 = CARTESIAN_POINT('',(160.594999,-93.080907,1.545));
#8021 = VECTOR('',#8022,1.);
#8022 = DIRECTION('',(0.,1.,0.));
#8023 = ORIENTED_EDGE('',*,*,#8024,.F.);
#8024 = EDGE_CURVE('',#8025,#8017,#8027,.T.);
#8025 = VERTEX_POINT('',#8026);
#8026 = CARTESIAN_POINT('',(160.594999,-92.357897,1.51));
#8027 = LINE('',#8028,#8029);
#8028 = CARTESIAN_POINT('',(160.594999,-92.357897,1.51));
#8029 = VECTOR('',#8030,1.);
#8030 = DIRECTION('',(0.,0.,1.));
#8031 = ORIENTED_EDGE('',*,*,#8032,.F.);
#8032 = EDGE_CURVE('',#7993,#8025,#8033,.T.);
#8033 = LINE('',#8034,#8035);
#8034 = CARTESIAN_POINT('',(160.594999,-93.080907,1.51));
#8035 = VECTOR('',#8036,1.);
#8036 = DIRECTION('',(0.,1.,0.));
#8037 = PLANE('',#8038);
#8038 = AXIS2_PLACEMENT_3D('',#8039,#8040,#8041);
#8039 = CARTESIAN_POINT('',(160.594999,-93.080907,1.51));
#8040 = DIRECTION('',(-1.,0.,0.));
#8041 = DIRECTION('',(0.,1.,0.));
#8042 = ADVANCED_FACE('',(#8043),#8070,.F.);
#8043 = FACE_BOUND('',#8044,.T.);
#8044 = EDGE_LOOP('',(#8045,#8046,#8055,#8063));
#8045 = ORIENTED_EDGE('',*,*,#8024,.T.);
#8046 = ORIENTED_EDGE('',*,*,#8047,.T.);
#8047 = EDGE_CURVE('',#8017,#8048,#8050,.T.);
#8048 = VERTEX_POINT('',#8049);
#8049 = CARTESIAN_POINT('',(159.821505,-91.584403,1.545));
#8050 = CIRCLE('',#8051,0.862152239152);
#8051 = AXIS2_PLACEMENT_3D('',#8052,#8053,#8054);
#8052 = CARTESIAN_POINT('',(159.73699835308,-92.44240364691,1.545));
#8053 = DIRECTION('',(0.,0.,1.));
#8054 = DIRECTION('',(0.995184618156,9.801824210968E-02,-0.));
#8055 = ORIENTED_EDGE('',*,*,#8056,.F.);
#8056 = EDGE_CURVE('',#8057,#8048,#8059,.T.);
#8057 = VERTEX_POINT('',#8058);
#8058 = CARTESIAN_POINT('',(159.821505,-91.584403,1.51));
#8059 = LINE('',#8060,#8061);
#8060 = CARTESIAN_POINT('',(159.821505,-91.584403,1.51));
#8061 = VECTOR('',#8062,1.);
#8062 = DIRECTION('',(0.,0.,1.));
#8063 = ORIENTED_EDGE('',*,*,#8064,.F.);
#8064 = EDGE_CURVE('',#8025,#8057,#8065,.T.);
#8065 = CIRCLE('',#8066,0.862152239152);
#8066 = AXIS2_PLACEMENT_3D('',#8067,#8068,#8069);
#8067 = CARTESIAN_POINT('',(159.73699835308,-92.44240364691,1.51));
#8068 = DIRECTION('',(0.,0.,1.));
#8069 = DIRECTION('',(0.995184618156,9.801824210968E-02,-0.));
#8070 = CYLINDRICAL_SURFACE('',#8071,0.862152239152);
#8071 = AXIS2_PLACEMENT_3D('',#8072,#8073,#8074);
#8072 = CARTESIAN_POINT('',(159.73699835308,-92.44240364691,1.51));
#8073 = DIRECTION('',(-0.,-0.,-1.));
#8074 = DIRECTION('',(0.995184618156,9.801824210968E-02,-0.));
#8075 = ADVANCED_FACE('',(#8076),#8101,.T.);
#8076 = FACE_BOUND('',#8077,.T.);
#8077 = EDGE_LOOP('',(#8078,#8079,#8087,#8095));
#8078 = ORIENTED_EDGE('',*,*,#8056,.T.);
#8079 = ORIENTED_EDGE('',*,*,#8080,.T.);
#8080 = EDGE_CURVE('',#8048,#8081,#8083,.T.);
#8081 = VERTEX_POINT('',#8082);
#8082 = CARTESIAN_POINT('',(135.363,-91.584402,1.545));
#8083 = LINE('',#8084,#8085);
#8084 = CARTESIAN_POINT('',(159.821505,-91.584403,1.545));
#8085 = VECTOR('',#8086,1.);
#8086 = DIRECTION('',(-1.,4.088557323824E-08,0.));
#8087 = ORIENTED_EDGE('',*,*,#8088,.F.);
#8088 = EDGE_CURVE('',#8089,#8081,#8091,.T.);
#8089 = VERTEX_POINT('',#8090);
#8090 = CARTESIAN_POINT('',(135.363,-91.584402,1.51));
#8091 = LINE('',#8092,#8093);
#8092 = CARTESIAN_POINT('',(135.363,-91.584402,1.51));
#8093 = VECTOR('',#8094,1.);
#8094 = DIRECTION('',(0.,0.,1.));
#8095 = ORIENTED_EDGE('',*,*,#8096,.F.);
#8096 = EDGE_CURVE('',#8057,#8089,#8097,.T.);
#8097 = LINE('',#8098,#8099);
#8098 = CARTESIAN_POINT('',(159.821505,-91.584403,1.51));
#8099 = VECTOR('',#8100,1.);
#8100 = DIRECTION('',(-1.,4.088557323824E-08,0.));
#8101 = PLANE('',#8102);
#8102 = AXIS2_PLACEMENT_3D('',#8103,#8104,#8105);
#8103 = CARTESIAN_POINT('',(159.821505,-91.584403,1.51));
#8104 = DIRECTION('',(-4.088557323824E-08,-1.,0.));
#8105 = DIRECTION('',(-1.,4.088557323824E-08,0.));
#8106 = ADVANCED_FACE('',(#8107),#8134,.T.);
#8107 = FACE_BOUND('',#8108,.T.);
#8108 = EDGE_LOOP('',(#8109,#8110,#8119,#8127));
#8109 = ORIENTED_EDGE('',*,*,#8088,.T.);
#8110 = ORIENTED_EDGE('',*,*,#8111,.T.);
#8111 = EDGE_CURVE('',#8081,#8112,#8114,.T.);
#8112 = VERTEX_POINT('',#8113);
#8113 = CARTESIAN_POINT('',(134.005,-90.226402,1.545));
#8114 = CIRCLE('',#8115,1.35800003022);
#8115 = AXIS2_PLACEMENT_3D('',#8116,#8117,#8118);
#8116 = CARTESIAN_POINT('',(135.36300003022,-90.22640196978,1.545));
#8117 = DIRECTION('',(0.,0.,-1.));
#8118 = DIRECTION('',(-2.225357011597E-08,-1.,-0.));
#8119 = ORIENTED_EDGE('',*,*,#8120,.F.);
#8120 = EDGE_CURVE('',#8121,#8112,#8123,.T.);
#8121 = VERTEX_POINT('',#8122);
#8122 = CARTESIAN_POINT('',(134.005,-90.226402,1.51));
#8123 = LINE('',#8124,#8125);
#8124 = CARTESIAN_POINT('',(134.005,-90.226402,1.51));
#8125 = VECTOR('',#8126,1.);
#8126 = DIRECTION('',(0.,0.,1.));
#8127 = ORIENTED_EDGE('',*,*,#8128,.F.);
#8128 = EDGE_CURVE('',#8089,#8121,#8129,.T.);
#8129 = CIRCLE('',#8130,1.35800003022);
#8130 = AXIS2_PLACEMENT_3D('',#8131,#8132,#8133);
#8131 = CARTESIAN_POINT('',(135.36300003022,-90.22640196978,1.51));
#8132 = DIRECTION('',(0.,0.,-1.));
#8133 = DIRECTION('',(-2.225357011597E-08,-1.,-0.));
#8134 = CYLINDRICAL_SURFACE('',#8135,1.35800003022);
#8135 = AXIS2_PLACEMENT_3D('',#8136,#8137,#8138);
#8136 = CARTESIAN_POINT('',(135.36300003022,-90.22640196978,1.51));
#8137 = DIRECTION('',(0.,0.,-1.));
#8138 = DIRECTION('',(-2.225357011597E-08,-1.,-0.));
#8139 = ADVANCED_FACE('',(#8140),#8165,.T.);
#8140 = FACE_BOUND('',#8141,.T.);
#8141 = EDGE_LOOP('',(#8142,#8143,#8151,#8159));
#8142 = ORIENTED_EDGE('',*,*,#8120,.T.);
#8143 = ORIENTED_EDGE('',*,*,#8144,.T.);
#8144 = EDGE_CURVE('',#8112,#8145,#8147,.T.);
#8145 = VERTEX_POINT('',#8146);
#8146 = CARTESIAN_POINT('',(134.005,-89.672402,1.545));
#8147 = LINE('',#8148,#8149);
#8148 = CARTESIAN_POINT('',(134.005,-90.226402,1.545));
#8149 = VECTOR('',#8150,1.);
#8150 = DIRECTION('',(0.,1.,0.));
#8151 = ORIENTED_EDGE('',*,*,#8152,.F.);
#8152 = EDGE_CURVE('',#8153,#8145,#8155,.T.);
#8153 = VERTEX_POINT('',#8154);
#8154 = CARTESIAN_POINT('',(134.005,-89.672402,1.51));
#8155 = LINE('',#8156,#8157);
#8156 = CARTESIAN_POINT('',(134.005,-89.672402,1.51));
#8157 = VECTOR('',#8158,1.);
#8158 = DIRECTION('',(0.,0.,1.));
#8159 = ORIENTED_EDGE('',*,*,#8160,.F.);
#8160 = EDGE_CURVE('',#8121,#8153,#8161,.T.);
#8161 = LINE('',#8162,#8163);
#8162 = CARTESIAN_POINT('',(134.005,-90.226402,1.51));
#8163 = VECTOR('',#8164,1.);
#8164 = DIRECTION('',(0.,1.,0.));
#8165 = PLANE('',#8166);
#8166 = AXIS2_PLACEMENT_3D('',#8167,#8168,#8169);
#8167 = CARTESIAN_POINT('',(134.005,-90.226402,1.51));
#8168 = DIRECTION('',(-1.,0.,0.));
#8169 = DIRECTION('',(0.,1.,0.));
#8170 = ADVANCED_FACE('',(#8171),#8198,.T.);
#8171 = FACE_BOUND('',#8172,.T.);
#8172 = EDGE_LOOP('',(#8173,#8174,#8183,#8191));
#8173 = ORIENTED_EDGE('',*,*,#8152,.T.);
#8174 = ORIENTED_EDGE('',*,*,#8175,.T.);
#8175 = EDGE_CURVE('',#8145,#8176,#8178,.T.);
#8176 = VERTEX_POINT('',#8177);
#8177 = CARTESIAN_POINT('',(135.363,-88.314402,1.545));
#8178 = CIRCLE('',#8179,1.35800003022);
#8179 = AXIS2_PLACEMENT_3D('',#8180,#8181,#8182);
#8180 = CARTESIAN_POINT('',(135.36300003022,-89.67240203022,1.545));
#8181 = DIRECTION('',(0.,0.,-1.));
#8182 = DIRECTION('',(-1.,2.225358058052E-08,0.));
#8183 = ORIENTED_EDGE('',*,*,#8184,.F.);
#8184 = EDGE_CURVE('',#8185,#8176,#8187,.T.);
#8185 = VERTEX_POINT('',#8186);
#8186 = CARTESIAN_POINT('',(135.363,-88.314402,1.51));
#8187 = LINE('',#8188,#8189);
#8188 = CARTESIAN_POINT('',(135.363,-88.314402,1.51));
#8189 = VECTOR('',#8190,1.);
#8190 = DIRECTION('',(0.,0.,1.));
#8191 = ORIENTED_EDGE('',*,*,#8192,.F.);
#8192 = EDGE_CURVE('',#8153,#8185,#8193,.T.);
#8193 = CIRCLE('',#8194,1.35800003022);
#8194 = AXIS2_PLACEMENT_3D('',#8195,#8196,#8197);
#8195 = CARTESIAN_POINT('',(135.36300003022,-89.67240203022,1.51));
#8196 = DIRECTION('',(0.,0.,-1.));
#8197 = DIRECTION('',(-1.,2.225358058052E-08,0.));
#8198 = CYLINDRICAL_SURFACE('',#8199,1.35800003022);
#8199 = AXIS2_PLACEMENT_3D('',#8200,#8201,#8202);
#8200 = CARTESIAN_POINT('',(135.36300003022,-89.67240203022,1.51));
#8201 = DIRECTION('',(0.,0.,-1.));
#8202 = DIRECTION('',(-1.,2.225358058052E-08,0.));
#8203 = ADVANCED_FACE('',(#8204),#8229,.T.);
#8204 = FACE_BOUND('',#8205,.T.);
#8205 = EDGE_LOOP('',(#8206,#8207,#8215,#8223));
#8206 = ORIENTED_EDGE('',*,*,#8184,.T.);
#8207 = ORIENTED_EDGE('',*,*,#8208,.T.);
#8208 = EDGE_CURVE('',#8176,#8209,#8211,.T.);
#8209 = VERTEX_POINT('',#8210);
#8210 = CARTESIAN_POINT('',(159.821505,-88.314401,1.545));
#8211 = LINE('',#8212,#8213);
#8212 = CARTESIAN_POINT('',(135.363,-88.314402,1.545));
#8213 = VECTOR('',#8214,1.);
#8214 = DIRECTION('',(1.,4.088557323824E-08,0.));
#8215 = ORIENTED_EDGE('',*,*,#8216,.F.);
#8216 = EDGE_CURVE('',#8217,#8209,#8219,.T.);
#8217 = VERTEX_POINT('',#8218);
#8218 = CARTESIAN_POINT('',(159.821505,-88.314401,1.51));
#8219 = LINE('',#8220,#8221);
#8220 = CARTESIAN_POINT('',(159.821505,-88.314401,1.51));
#8221 = VECTOR('',#8222,1.);
#8222 = DIRECTION('',(0.,0.,1.));
#8223 = ORIENTED_EDGE('',*,*,#8224,.F.);
#8224 = EDGE_CURVE('',#8185,#8217,#8225,.T.);
#8225 = LINE('',#8226,#8227);
#8226 = CARTESIAN_POINT('',(135.363,-88.314402,1.51));
#8227 = VECTOR('',#8228,1.);
#8228 = DIRECTION('',(1.,4.088557323824E-08,0.));
#8229 = PLANE('',#8230);
#8230 = AXIS2_PLACEMENT_3D('',#8231,#8232,#8233);
#8231 = CARTESIAN_POINT('',(135.363,-88.314402,1.51));
#8232 = DIRECTION('',(-4.088557323824E-08,1.,0.));
#8233 = DIRECTION('',(1.,4.088557323824E-08,0.));
#8234 = ADVANCED_FACE('',(#8235),#8262,.F.);
#8235 = FACE_BOUND('',#8236,.T.);
#8236 = EDGE_LOOP('',(#8237,#8238,#8247,#8255));
#8237 = ORIENTED_EDGE('',*,*,#8216,.T.);
#8238 = ORIENTED_EDGE('',*,*,#8239,.T.);
#8239 = EDGE_CURVE('',#8209,#8240,#8242,.T.);
#8240 = VERTEX_POINT('',#8241);
#8241 = CARTESIAN_POINT('',(160.594999,-87.540907,1.545));
#8242 = CIRCLE('',#8243,0.862152239152);
#8243 = AXIS2_PLACEMENT_3D('',#8244,#8245,#8246);
#8244 = CARTESIAN_POINT('',(159.73699835308,-87.45640035308,1.545));
#8245 = DIRECTION('',(0.,0.,1.));
#8246 = DIRECTION('',(9.801824210963E-02,-0.995184618156,0.));
#8247 = ORIENTED_EDGE('',*,*,#8248,.F.);
#8248 = EDGE_CURVE('',#8249,#8240,#8251,.T.);
#8249 = VERTEX_POINT('',#8250);
#8250 = CARTESIAN_POINT('',(160.594999,-87.540907,1.51));
#8251 = LINE('',#8252,#8253);
#8252 = CARTESIAN_POINT('',(160.594999,-87.540907,1.51));
#8253 = VECTOR('',#8254,1.);
#8254 = DIRECTION('',(0.,0.,1.));
#8255 = ORIENTED_EDGE('',*,*,#8256,.F.);
#8256 = EDGE_CURVE('',#8217,#8249,#8257,.T.);
#8257 = CIRCLE('',#8258,0.862152239152);
#8258 = AXIS2_PLACEMENT_3D('',#8259,#8260,#8261);
#8259 = CARTESIAN_POINT('',(159.73699835308,-87.45640035308,1.51));
#8260 = DIRECTION('',(0.,0.,1.));
#8261 = DIRECTION('',(9.801824210963E-02,-0.995184618156,0.));
#8262 = CYLINDRICAL_SURFACE('',#8263,0.862152239152);
#8263 = AXIS2_PLACEMENT_3D('',#8264,#8265,#8266);
#8264 = CARTESIAN_POINT('',(159.73699835308,-87.45640035308,1.51));
#8265 = DIRECTION('',(-0.,-0.,-1.));
#8266 = DIRECTION('',(9.801824210963E-02,-0.995184618156,0.));
#8267 = ADVANCED_FACE('',(#8268),#8293,.T.);
#8268 = FACE_BOUND('',#8269,.T.);
#8269 = EDGE_LOOP('',(#8270,#8271,#8279,#8287));
#8270 = ORIENTED_EDGE('',*,*,#8248,.T.);
#8271 = ORIENTED_EDGE('',*,*,#8272,.T.);
#8272 = EDGE_CURVE('',#8240,#8273,#8275,.T.);
#8273 = VERTEX_POINT('',#8274);
#8274 = CARTESIAN_POINT('',(160.594999,-86.817897,1.545));
#8275 = LINE('',#8276,#8277);
#8276 = CARTESIAN_POINT('',(160.594999,-87.540907,1.545));
#8277 = VECTOR('',#8278,1.);
#8278 = DIRECTION('',(0.,1.,0.));
#8279 = ORIENTED_EDGE('',*,*,#8280,.F.);
#8280 = EDGE_CURVE('',#8281,#8273,#8283,.T.);
#8281 = VERTEX_POINT('',#8282);
#8282 = CARTESIAN_POINT('',(160.594999,-86.817897,1.51));
#8283 = LINE('',#8284,#8285);
#8284 = CARTESIAN_POINT('',(160.594999,-86.817897,1.51));
#8285 = VECTOR('',#8286,1.);
#8286 = DIRECTION('',(0.,0.,1.));
#8287 = ORIENTED_EDGE('',*,*,#8288,.F.);
#8288 = EDGE_CURVE('',#8249,#8281,#8289,.T.);
#8289 = LINE('',#8290,#8291);
#8290 = CARTESIAN_POINT('',(160.594999,-87.540907,1.51));
#8291 = VECTOR('',#8292,1.);
#8292 = DIRECTION('',(0.,1.,0.));
#8293 = PLANE('',#8294);
#8294 = AXIS2_PLACEMENT_3D('',#8295,#8296,#8297);
#8295 = CARTESIAN_POINT('',(160.594999,-87.540907,1.51));
#8296 = DIRECTION('',(-1.,0.,0.));
#8297 = DIRECTION('',(0.,1.,0.));
#8298 = ADVANCED_FACE('',(#8299),#8326,.F.);
#8299 = FACE_BOUND('',#8300,.T.);
#8300 = EDGE_LOOP('',(#8301,#8302,#8311,#8319));
#8301 = ORIENTED_EDGE('',*,*,#8280,.T.);
#8302 = ORIENTED_EDGE('',*,*,#8303,.T.);
#8303 = EDGE_CURVE('',#8273,#8304,#8306,.T.);
#8304 = VERTEX_POINT('',#8305);
#8305 = CARTESIAN_POINT('',(159.821505,-86.044403,1.545));
#8306 = CIRCLE('',#8307,0.862152239152);
#8307 = AXIS2_PLACEMENT_3D('',#8308,#8309,#8310);
#8308 = CARTESIAN_POINT('',(159.73699835308,-86.90240364691,1.545));
#8309 = DIRECTION('',(0.,0.,1.));
#8310 = DIRECTION('',(0.995184618156,9.801824210966E-02,-0.));
#8311 = ORIENTED_EDGE('',*,*,#8312,.F.);
#8312 = EDGE_CURVE('',#8313,#8304,#8315,.T.);
#8313 = VERTEX_POINT('',#8314);
#8314 = CARTESIAN_POINT('',(159.821505,-86.044403,1.51));
#8315 = LINE('',#8316,#8317);
#8316 = CARTESIAN_POINT('',(159.821505,-86.044403,1.51));
#8317 = VECTOR('',#8318,1.);
#8318 = DIRECTION('',(0.,0.,1.));
#8319 = ORIENTED_EDGE('',*,*,#8320,.F.);
#8320 = EDGE_CURVE('',#8281,#8313,#8321,.T.);
#8321 = CIRCLE('',#8322,0.862152239152);
#8322 = AXIS2_PLACEMENT_3D('',#8323,#8324,#8325);
#8323 = CARTESIAN_POINT('',(159.73699835308,-86.90240364691,1.51));
#8324 = DIRECTION('',(0.,0.,1.));
#8325 = DIRECTION('',(0.995184618156,9.801824210966E-02,-0.));
#8326 = CYLINDRICAL_SURFACE('',#8327,0.862152239152);
#8327 = AXIS2_PLACEMENT_3D('',#8328,#8329,#8330);
#8328 = CARTESIAN_POINT('',(159.73699835308,-86.90240364691,1.51));
#8329 = DIRECTION('',(-0.,-0.,-1.));
#8330 = DIRECTION('',(0.995184618156,9.801824210966E-02,-0.));
#8331 = ADVANCED_FACE('',(#8332),#8357,.T.);
#8332 = FACE_BOUND('',#8333,.T.);
#8333 = EDGE_LOOP('',(#8334,#8335,#8343,#8351));
#8334 = ORIENTED_EDGE('',*,*,#8312,.T.);
#8335 = ORIENTED_EDGE('',*,*,#8336,.T.);
#8336 = EDGE_CURVE('',#8304,#8337,#8339,.T.);
#8337 = VERTEX_POINT('',#8338);
#8338 = CARTESIAN_POINT('',(135.363,-86.044402,1.545));
#8339 = LINE('',#8340,#8341);
#8340 = CARTESIAN_POINT('',(159.821505,-86.044403,1.545));
#8341 = VECTOR('',#8342,1.);
#8342 = DIRECTION('',(-1.,4.088557323824E-08,0.));
#8343 = ORIENTED_EDGE('',*,*,#8344,.F.);
#8344 = EDGE_CURVE('',#8345,#8337,#8347,.T.);
#8345 = VERTEX_POINT('',#8346);
#8346 = CARTESIAN_POINT('',(135.363,-86.044402,1.51));
#8347 = LINE('',#8348,#8349);
#8348 = CARTESIAN_POINT('',(135.363,-86.044402,1.51));
#8349 = VECTOR('',#8350,1.);
#8350 = DIRECTION('',(0.,0.,1.));
#8351 = ORIENTED_EDGE('',*,*,#8352,.F.);
#8352 = EDGE_CURVE('',#8313,#8345,#8353,.T.);
#8353 = LINE('',#8354,#8355);
#8354 = CARTESIAN_POINT('',(159.821505,-86.044403,1.51));
#8355 = VECTOR('',#8356,1.);
#8356 = DIRECTION('',(-1.,4.088557323824E-08,0.));
#8357 = PLANE('',#8358);
#8358 = AXIS2_PLACEMENT_3D('',#8359,#8360,#8361);
#8359 = CARTESIAN_POINT('',(159.821505,-86.044403,1.51));
#8360 = DIRECTION('',(-4.088557323824E-08,-1.,0.));
#8361 = DIRECTION('',(-1.,4.088557323824E-08,0.));
#8362 = ADVANCED_FACE('',(#8363),#8390,.T.);
#8363 = FACE_BOUND('',#8364,.T.);
#8364 = EDGE_LOOP('',(#8365,#8366,#8375,#8383));
#8365 = ORIENTED_EDGE('',*,*,#8344,.T.);
#8366 = ORIENTED_EDGE('',*,*,#8367,.T.);
#8367 = EDGE_CURVE('',#8337,#8368,#8370,.T.);
#8368 = VERTEX_POINT('',#8369);
#8369 = CARTESIAN_POINT('',(134.005,-84.686402,1.545));
#8370 = CIRCLE('',#8371,1.35800003022);
#8371 = AXIS2_PLACEMENT_3D('',#8372,#8373,#8374);
#8372 = CARTESIAN_POINT('',(135.36300003022,-84.68640196978,1.545));
#8373 = DIRECTION('',(0.,0.,-1.));
#8374 = DIRECTION('',(-2.225359104506E-08,-1.,-0.));
#8375 = ORIENTED_EDGE('',*,*,#8376,.F.);
#8376 = EDGE_CURVE('',#8377,#8368,#8379,.T.);
#8377 = VERTEX_POINT('',#8378);
#8378 = CARTESIAN_POINT('',(134.005,-84.686402,1.51));
#8379 = LINE('',#8380,#8381);
#8380 = CARTESIAN_POINT('',(134.005,-84.686402,1.51));
#8381 = VECTOR('',#8382,1.);
#8382 = DIRECTION('',(0.,0.,1.));
#8383 = ORIENTED_EDGE('',*,*,#8384,.F.);
#8384 = EDGE_CURVE('',#8345,#8377,#8385,.T.);
#8385 = CIRCLE('',#8386,1.35800003022);
#8386 = AXIS2_PLACEMENT_3D('',#8387,#8388,#8389);
#8387 = CARTESIAN_POINT('',(135.36300003022,-84.68640196978,1.51));
#8388 = DIRECTION('',(0.,0.,-1.));
#8389 = DIRECTION('',(-2.225359104506E-08,-1.,-0.));
#8390 = CYLINDRICAL_SURFACE('',#8391,1.35800003022);
#8391 = AXIS2_PLACEMENT_3D('',#8392,#8393,#8394);
#8392 = CARTESIAN_POINT('',(135.36300003022,-84.68640196978,1.51));
#8393 = DIRECTION('',(0.,0.,-1.));
#8394 = DIRECTION('',(-2.225359104506E-08,-1.,-0.));
#8395 = ADVANCED_FACE('',(#8396),#8421,.T.);
#8396 = FACE_BOUND('',#8397,.T.);
#8397 = EDGE_LOOP('',(#8398,#8399,#8407,#8415));
#8398 = ORIENTED_EDGE('',*,*,#8376,.T.);
#8399 = ORIENTED_EDGE('',*,*,#8400,.T.);
#8400 = EDGE_CURVE('',#8368,#8401,#8403,.T.);
#8401 = VERTEX_POINT('',#8402);
#8402 = CARTESIAN_POINT('',(134.005,-84.132402,1.545));
#8403 = LINE('',#8404,#8405);
#8404 = CARTESIAN_POINT('',(134.005,-84.686402,1.545));
#8405 = VECTOR('',#8406,1.);
#8406 = DIRECTION('',(0.,1.,0.));
#8407 = ORIENTED_EDGE('',*,*,#8408,.F.);
#8408 = EDGE_CURVE('',#8409,#8401,#8411,.T.);
#8409 = VERTEX_POINT('',#8410);
#8410 = CARTESIAN_POINT('',(134.005,-84.132402,1.51));
#8411 = LINE('',#8412,#8413);
#8412 = CARTESIAN_POINT('',(134.005,-84.132402,1.51));
#8413 = VECTOR('',#8414,1.);
#8414 = DIRECTION('',(0.,0.,1.));
#8415 = ORIENTED_EDGE('',*,*,#8416,.F.);
#8416 = EDGE_CURVE('',#8377,#8409,#8417,.T.);
#8417 = LINE('',#8418,#8419);
#8418 = CARTESIAN_POINT('',(134.005,-84.686402,1.51));
#8419 = VECTOR('',#8420,1.);
#8420 = DIRECTION('',(0.,1.,0.));
#8421 = PLANE('',#8422);
#8422 = AXIS2_PLACEMENT_3D('',#8423,#8424,#8425);
#8423 = CARTESIAN_POINT('',(134.005,-84.686402,1.51));
#8424 = DIRECTION('',(-1.,0.,0.));
#8425 = DIRECTION('',(0.,1.,0.));
#8426 = ADVANCED_FACE('',(#8427),#8454,.T.);
#8427 = FACE_BOUND('',#8428,.T.);
#8428 = EDGE_LOOP('',(#8429,#8430,#8439,#8447));
#8429 = ORIENTED_EDGE('',*,*,#8408,.T.);
#8430 = ORIENTED_EDGE('',*,*,#8431,.T.);
#8431 = EDGE_CURVE('',#8401,#8432,#8434,.T.);
#8432 = VERTEX_POINT('',#8433);
#8433 = CARTESIAN_POINT('',(135.363,-82.774402,1.545));
#8434 = CIRCLE('',#8435,1.35800003022);
#8435 = AXIS2_PLACEMENT_3D('',#8436,#8437,#8438);
#8436 = CARTESIAN_POINT('',(135.36300003022,-84.13240203022,1.545));
#8437 = DIRECTION('',(0.,0.,-1.));
#8438 = DIRECTION('',(-1.,2.225358058052E-08,0.));
#8439 = ORIENTED_EDGE('',*,*,#8440,.F.);
#8440 = EDGE_CURVE('',#8441,#8432,#8443,.T.);
#8441 = VERTEX_POINT('',#8442);
#8442 = CARTESIAN_POINT('',(135.363,-82.774402,1.51));
#8443 = LINE('',#8444,#8445);
#8444 = CARTESIAN_POINT('',(135.363,-82.774402,1.51));
#8445 = VECTOR('',#8446,1.);
#8446 = DIRECTION('',(0.,0.,1.));
#8447 = ORIENTED_EDGE('',*,*,#8448,.F.);
#8448 = EDGE_CURVE('',#8409,#8441,#8449,.T.);
#8449 = CIRCLE('',#8450,1.35800003022);
#8450 = AXIS2_PLACEMENT_3D('',#8451,#8452,#8453);
#8451 = CARTESIAN_POINT('',(135.36300003022,-84.13240203022,1.51));
#8452 = DIRECTION('',(0.,0.,-1.));
#8453 = DIRECTION('',(-1.,2.225358058052E-08,0.));
#8454 = CYLINDRICAL_SURFACE('',#8455,1.35800003022);
#8455 = AXIS2_PLACEMENT_3D('',#8456,#8457,#8458);
#8456 = CARTESIAN_POINT('',(135.36300003022,-84.13240203022,1.51));
#8457 = DIRECTION('',(0.,0.,-1.));
#8458 = DIRECTION('',(-1.,2.225358058052E-08,0.));
#8459 = ADVANCED_FACE('',(#8460),#8485,.T.);
#8460 = FACE_BOUND('',#8461,.T.);
#8461 = EDGE_LOOP('',(#8462,#8463,#8471,#8479));
#8462 = ORIENTED_EDGE('',*,*,#8440,.T.);
#8463 = ORIENTED_EDGE('',*,*,#8464,.T.);
#8464 = EDGE_CURVE('',#8432,#8465,#8467,.T.);
#8465 = VERTEX_POINT('',#8466);
#8466 = CARTESIAN_POINT('',(159.821505,-82.774401,1.545));
#8467 = LINE('',#8468,#8469);
#8468 = CARTESIAN_POINT('',(135.363,-82.774402,1.545));
#8469 = VECTOR('',#8470,1.);
#8470 = DIRECTION('',(1.,4.088557323824E-08,0.));
#8471 = ORIENTED_EDGE('',*,*,#8472,.F.);
#8472 = EDGE_CURVE('',#8473,#8465,#8475,.T.);
#8473 = VERTEX_POINT('',#8474);
#8474 = CARTESIAN_POINT('',(159.821505,-82.774401,1.51));
#8475 = LINE('',#8476,#8477);
#8476 = CARTESIAN_POINT('',(159.821505,-82.774401,1.51));
#8477 = VECTOR('',#8478,1.);
#8478 = DIRECTION('',(0.,0.,1.));
#8479 = ORIENTED_EDGE('',*,*,#8480,.F.);
#8480 = EDGE_CURVE('',#8441,#8473,#8481,.T.);
#8481 = LINE('',#8482,#8483);
#8482 = CARTESIAN_POINT('',(135.363,-82.774402,1.51));
#8483 = VECTOR('',#8484,1.);
#8484 = DIRECTION('',(1.,4.088557323824E-08,0.));
#8485 = PLANE('',#8486);
#8486 = AXIS2_PLACEMENT_3D('',#8487,#8488,#8489);
#8487 = CARTESIAN_POINT('',(135.363,-82.774402,1.51));
#8488 = DIRECTION('',(-4.088557323824E-08,1.,0.));
#8489 = DIRECTION('',(1.,4.088557323824E-08,0.));
#8490 = ADVANCED_FACE('',(#8491),#8518,.F.);
#8491 = FACE_BOUND('',#8492,.T.);
#8492 = EDGE_LOOP('',(#8493,#8494,#8503,#8511));
#8493 = ORIENTED_EDGE('',*,*,#8472,.T.);
#8494 = ORIENTED_EDGE('',*,*,#8495,.T.);
#8495 = EDGE_CURVE('',#8465,#8496,#8498,.T.);
#8496 = VERTEX_POINT('',#8497);
#8497 = CARTESIAN_POINT('',(160.594999,-82.000907,1.545));
#8498 = CIRCLE('',#8499,0.862152239152);
#8499 = AXIS2_PLACEMENT_3D('',#8500,#8501,#8502);
#8500 = CARTESIAN_POINT('',(159.73699835308,-81.91640035308,1.545));
#8501 = DIRECTION('',(0.,0.,1.));
#8502 = DIRECTION('',(9.801824210963E-02,-0.995184618156,0.));
#8503 = ORIENTED_EDGE('',*,*,#8504,.F.);
#8504 = EDGE_CURVE('',#8505,#8496,#8507,.T.);
#8505 = VERTEX_POINT('',#8506);
#8506 = CARTESIAN_POINT('',(160.594999,-82.000907,1.51));
#8507 = LINE('',#8508,#8509);
#8508 = CARTESIAN_POINT('',(160.594999,-82.000907,1.51));
#8509 = VECTOR('',#8510,1.);
#8510 = DIRECTION('',(0.,0.,1.));
#8511 = ORIENTED_EDGE('',*,*,#8512,.F.);
#8512 = EDGE_CURVE('',#8473,#8505,#8513,.T.);
#8513 = CIRCLE('',#8514,0.862152239152);
#8514 = AXIS2_PLACEMENT_3D('',#8515,#8516,#8517);
#8515 = CARTESIAN_POINT('',(159.73699835308,-81.91640035308,1.51));
#8516 = DIRECTION('',(0.,0.,1.));
#8517 = DIRECTION('',(9.801824210963E-02,-0.995184618156,0.));
#8518 = CYLINDRICAL_SURFACE('',#8519,0.862152239152);
#8519 = AXIS2_PLACEMENT_3D('',#8520,#8521,#8522);
#8520 = CARTESIAN_POINT('',(159.73699835308,-81.91640035308,1.51));
#8521 = DIRECTION('',(-0.,-0.,-1.));
#8522 = DIRECTION('',(9.801824210963E-02,-0.995184618156,0.));
#8523 = ADVANCED_FACE('',(#8524),#8549,.T.);
#8524 = FACE_BOUND('',#8525,.T.);
#8525 = EDGE_LOOP('',(#8526,#8527,#8535,#8543));
#8526 = ORIENTED_EDGE('',*,*,#8504,.T.);
#8527 = ORIENTED_EDGE('',*,*,#8528,.T.);
#8528 = EDGE_CURVE('',#8496,#8529,#8531,.T.);
#8529 = VERTEX_POINT('',#8530);
#8530 = CARTESIAN_POINT('',(160.594999,-81.277897,1.545));
#8531 = LINE('',#8532,#8533);
#8532 = CARTESIAN_POINT('',(160.594999,-82.000907,1.545));
#8533 = VECTOR('',#8534,1.);
#8534 = DIRECTION('',(0.,1.,0.));
#8535 = ORIENTED_EDGE('',*,*,#8536,.F.);
#8536 = EDGE_CURVE('',#8537,#8529,#8539,.T.);
#8537 = VERTEX_POINT('',#8538);
#8538 = CARTESIAN_POINT('',(160.594999,-81.277897,1.51));
#8539 = LINE('',#8540,#8541);
#8540 = CARTESIAN_POINT('',(160.594999,-81.277897,1.51));
#8541 = VECTOR('',#8542,1.);
#8542 = DIRECTION('',(0.,0.,1.));
#8543 = ORIENTED_EDGE('',*,*,#8544,.F.);
#8544 = EDGE_CURVE('',#8505,#8537,#8545,.T.);
#8545 = LINE('',#8546,#8547);
#8546 = CARTESIAN_POINT('',(160.594999,-82.000907,1.51));
#8547 = VECTOR('',#8548,1.);
#8548 = DIRECTION('',(0.,1.,0.));
#8549 = PLANE('',#8550);
#8550 = AXIS2_PLACEMENT_3D('',#8551,#8552,#8553);
#8551 = CARTESIAN_POINT('',(160.594999,-82.000907,1.51));
#8552 = DIRECTION('',(-1.,0.,0.));
#8553 = DIRECTION('',(0.,1.,0.));
#8554 = ADVANCED_FACE('',(#8555),#8582,.F.);
#8555 = FACE_BOUND('',#8556,.T.);
#8556 = EDGE_LOOP('',(#8557,#8558,#8567,#8575));
#8557 = ORIENTED_EDGE('',*,*,#8536,.T.);
#8558 = ORIENTED_EDGE('',*,*,#8559,.T.);
#8559 = EDGE_CURVE('',#8529,#8560,#8562,.T.);
#8560 = VERTEX_POINT('',#8561);
#8561 = CARTESIAN_POINT('',(159.821505,-80.504403,1.545));
#8562 = CIRCLE('',#8563,0.862152239152);
#8563 = AXIS2_PLACEMENT_3D('',#8564,#8565,#8566);
#8564 = CARTESIAN_POINT('',(159.73699835308,-81.36240364691,1.545));
#8565 = DIRECTION('',(0.,0.,1.));
#8566 = DIRECTION('',(0.995184618156,9.801824210968E-02,-0.));
#8567 = ORIENTED_EDGE('',*,*,#8568,.F.);
#8568 = EDGE_CURVE('',#8569,#8560,#8571,.T.);
#8569 = VERTEX_POINT('',#8570);
#8570 = CARTESIAN_POINT('',(159.821505,-80.504403,1.51));
#8571 = LINE('',#8572,#8573);
#8572 = CARTESIAN_POINT('',(159.821505,-80.504403,1.51));
#8573 = VECTOR('',#8574,1.);
#8574 = DIRECTION('',(0.,0.,1.));
#8575 = ORIENTED_EDGE('',*,*,#8576,.F.);
#8576 = EDGE_CURVE('',#8537,#8569,#8577,.T.);
#8577 = CIRCLE('',#8578,0.862152239152);
#8578 = AXIS2_PLACEMENT_3D('',#8579,#8580,#8581);
#8579 = CARTESIAN_POINT('',(159.73699835308,-81.36240364691,1.51));
#8580 = DIRECTION('',(0.,0.,1.));
#8581 = DIRECTION('',(0.995184618156,9.801824210968E-02,-0.));
#8582 = CYLINDRICAL_SURFACE('',#8583,0.862152239152);
#8583 = AXIS2_PLACEMENT_3D('',#8584,#8585,#8586);
#8584 = CARTESIAN_POINT('',(159.73699835308,-81.36240364691,1.51));
#8585 = DIRECTION('',(-0.,-0.,-1.));
#8586 = DIRECTION('',(0.995184618156,9.801824210968E-02,-0.));
#8587 = ADVANCED_FACE('',(#8588),#8613,.T.);
#8588 = FACE_BOUND('',#8589,.T.);
#8589 = EDGE_LOOP('',(#8590,#8591,#8599,#8607));
#8590 = ORIENTED_EDGE('',*,*,#8568,.T.);
#8591 = ORIENTED_EDGE('',*,*,#8592,.T.);
#8592 = EDGE_CURVE('',#8560,#8593,#8595,.T.);
#8593 = VERTEX_POINT('',#8594);
#8594 = CARTESIAN_POINT('',(135.313,-80.504402,1.545));
#8595 = LINE('',#8596,#8597);
#8596 = CARTESIAN_POINT('',(159.821505,-80.504403,1.545));
#8597 = VECTOR('',#8598,1.);
#8598 = DIRECTION('',(-1.,4.080216224838E-08,0.));
#8599 = ORIENTED_EDGE('',*,*,#8600,.F.);
#8600 = EDGE_CURVE('',#8601,#8593,#8603,.T.);
#8601 = VERTEX_POINT('',#8602);
#8602 = CARTESIAN_POINT('',(135.313,-80.504402,1.51));
#8603 = LINE('',#8604,#8605);
#8604 = CARTESIAN_POINT('',(135.313,-80.504402,1.51));
#8605 = VECTOR('',#8606,1.);
#8606 = DIRECTION('',(0.,0.,1.));
#8607 = ORIENTED_EDGE('',*,*,#8608,.F.);
#8608 = EDGE_CURVE('',#8569,#8601,#8609,.T.);
#8609 = LINE('',#8610,#8611);
#8610 = CARTESIAN_POINT('',(159.821505,-80.504403,1.51));
#8611 = VECTOR('',#8612,1.);
#8612 = DIRECTION('',(-1.,4.080216224838E-08,0.));
#8613 = PLANE('',#8614);
#8614 = AXIS2_PLACEMENT_3D('',#8615,#8616,#8617);
#8615 = CARTESIAN_POINT('',(159.821505,-80.504403,1.51));
#8616 = DIRECTION('',(-4.080216224838E-08,-1.,0.));
#8617 = DIRECTION('',(-1.,4.080216224838E-08,0.));
#8618 = ADVANCED_FACE('',(#8619),#8646,.T.);
#8619 = FACE_BOUND('',#8620,.T.);
#8620 = EDGE_LOOP('',(#8621,#8622,#8631,#8639));
#8621 = ORIENTED_EDGE('',*,*,#8600,.T.);
#8622 = ORIENTED_EDGE('',*,*,#8623,.T.);
#8623 = EDGE_CURVE('',#8593,#8624,#8626,.T.);
#8624 = VERTEX_POINT('',#8625);
#8625 = CARTESIAN_POINT('',(133.955,-79.146402,1.545));
#8626 = CIRCLE('',#8627,1.35800003022);
#8627 = AXIS2_PLACEMENT_3D('',#8628,#8629,#8630);
#8628 = CARTESIAN_POINT('',(135.31300003022,-79.14640196978,1.545));
#8629 = DIRECTION('',(0.,0.,-1.));
#8630 = DIRECTION('',(-2.225357011597E-08,-1.,-0.));
#8631 = ORIENTED_EDGE('',*,*,#8632,.F.);
#8632 = EDGE_CURVE('',#8633,#8624,#8635,.T.);
#8633 = VERTEX_POINT('',#8634);
#8634 = CARTESIAN_POINT('',(133.955,-79.146402,1.51));
#8635 = LINE('',#8636,#8637);
#8636 = CARTESIAN_POINT('',(133.955,-79.146402,1.51));
#8637 = VECTOR('',#8638,1.);
#8638 = DIRECTION('',(0.,0.,1.));
#8639 = ORIENTED_EDGE('',*,*,#8640,.F.);
#8640 = EDGE_CURVE('',#8601,#8633,#8641,.T.);
#8641 = CIRCLE('',#8642,1.35800003022);
#8642 = AXIS2_PLACEMENT_3D('',#8643,#8644,#8645);
#8643 = CARTESIAN_POINT('',(135.31300003022,-79.14640196978,1.51));
#8644 = DIRECTION('',(0.,0.,-1.));
#8645 = DIRECTION('',(-2.225357011597E-08,-1.,-0.));
#8646 = CYLINDRICAL_SURFACE('',#8647,1.35800003022);
#8647 = AXIS2_PLACEMENT_3D('',#8648,#8649,#8650);
#8648 = CARTESIAN_POINT('',(135.31300003022,-79.14640196978,1.51));
#8649 = DIRECTION('',(0.,0.,-1.));
#8650 = DIRECTION('',(-2.225357011597E-08,-1.,-0.));
#8651 = ADVANCED_FACE('',(#8652),#8677,.T.);
#8652 = FACE_BOUND('',#8653,.T.);
#8653 = EDGE_LOOP('',(#8654,#8655,#8663,#8671));
#8654 = ORIENTED_EDGE('',*,*,#8632,.T.);
#8655 = ORIENTED_EDGE('',*,*,#8656,.T.);
#8656 = EDGE_CURVE('',#8624,#8657,#8659,.T.);
#8657 = VERTEX_POINT('',#8658);
#8658 = CARTESIAN_POINT('',(133.955,-78.592402,1.545));
#8659 = LINE('',#8660,#8661);
#8660 = CARTESIAN_POINT('',(133.955,-79.146402,1.545));
#8661 = VECTOR('',#8662,1.);
#8662 = DIRECTION('',(0.,1.,0.));
#8663 = ORIENTED_EDGE('',*,*,#8664,.F.);
#8664 = EDGE_CURVE('',#8665,#8657,#8667,.T.);
#8665 = VERTEX_POINT('',#8666);
#8666 = CARTESIAN_POINT('',(133.955,-78.592402,1.51));
#8667 = LINE('',#8668,#8669);
#8668 = CARTESIAN_POINT('',(133.955,-78.592402,1.51));
#8669 = VECTOR('',#8670,1.);
#8670 = DIRECTION('',(0.,0.,1.));
#8671 = ORIENTED_EDGE('',*,*,#8672,.F.);
#8672 = EDGE_CURVE('',#8633,#8665,#8673,.T.);
#8673 = LINE('',#8674,#8675);
#8674 = CARTESIAN_POINT('',(133.955,-79.146402,1.51));
#8675 = VECTOR('',#8676,1.);
#8676 = DIRECTION('',(0.,1.,0.));
#8677 = PLANE('',#8678);
#8678 = AXIS2_PLACEMENT_3D('',#8679,#8680,#8681);
#8679 = CARTESIAN_POINT('',(133.955,-79.146402,1.51));
#8680 = DIRECTION('',(-1.,0.,0.));
#8681 = DIRECTION('',(0.,1.,0.));
#8682 = ADVANCED_FACE('',(#8683),#8710,.T.);
#8683 = FACE_BOUND('',#8684,.T.);
#8684 = EDGE_LOOP('',(#8685,#8686,#8695,#8703));
#8685 = ORIENTED_EDGE('',*,*,#8664,.T.);
#8686 = ORIENTED_EDGE('',*,*,#8687,.T.);
#8687 = EDGE_CURVE('',#8657,#8688,#8690,.T.);
#8688 = VERTEX_POINT('',#8689);
#8689 = CARTESIAN_POINT('',(135.313,-77.234402,1.545));
#8690 = CIRCLE('',#8691,1.35800003022);
#8691 = AXIS2_PLACEMENT_3D('',#8692,#8693,#8694);
#8692 = CARTESIAN_POINT('',(135.31300003022,-78.59240203022,1.545));
#8693 = DIRECTION('',(0.,0.,-1.));
#8694 = DIRECTION('',(-1.,2.225352825778E-08,0.));
#8695 = ORIENTED_EDGE('',*,*,#8696,.F.);
#8696 = EDGE_CURVE('',#8697,#8688,#8699,.T.);
#8697 = VERTEX_POINT('',#8698);
#8698 = CARTESIAN_POINT('',(135.313,-77.234402,1.51));
#8699 = LINE('',#8700,#8701);
#8700 = CARTESIAN_POINT('',(135.313,-77.234402,1.51));
#8701 = VECTOR('',#8702,1.);
#8702 = DIRECTION('',(0.,0.,1.));
#8703 = ORIENTED_EDGE('',*,*,#8704,.F.);
#8704 = EDGE_CURVE('',#8665,#8697,#8705,.T.);
#8705 = CIRCLE('',#8706,1.35800003022);
#8706 = AXIS2_PLACEMENT_3D('',#8707,#8708,#8709);
#8707 = CARTESIAN_POINT('',(135.31300003022,-78.59240203022,1.51));
#8708 = DIRECTION('',(0.,0.,-1.));
#8709 = DIRECTION('',(-1.,2.225352825778E-08,0.));
#8710 = CYLINDRICAL_SURFACE('',#8711,1.35800003022);
#8711 = AXIS2_PLACEMENT_3D('',#8712,#8713,#8714);
#8712 = CARTESIAN_POINT('',(135.31300003022,-78.59240203022,1.51));
#8713 = DIRECTION('',(0.,0.,-1.));
#8714 = DIRECTION('',(-1.,2.225352825778E-08,0.));
#8715 = ADVANCED_FACE('',(#8716),#8741,.T.);
#8716 = FACE_BOUND('',#8717,.T.);
#8717 = EDGE_LOOP('',(#8718,#8719,#8727,#8735));
#8718 = ORIENTED_EDGE('',*,*,#8696,.T.);
#8719 = ORIENTED_EDGE('',*,*,#8720,.T.);
#8720 = EDGE_CURVE('',#8688,#8721,#8723,.T.);
#8721 = VERTEX_POINT('',#8722);
#8722 = CARTESIAN_POINT('',(159.821505,-77.234401,1.545));
#8723 = LINE('',#8724,#8725);
#8724 = CARTESIAN_POINT('',(135.313,-77.234402,1.545));
#8725 = VECTOR('',#8726,1.);
#8726 = DIRECTION('',(1.,4.080216224838E-08,0.));
#8727 = ORIENTED_EDGE('',*,*,#8728,.F.);
#8728 = EDGE_CURVE('',#8729,#8721,#8731,.T.);
#8729 = VERTEX_POINT('',#8730);
#8730 = CARTESIAN_POINT('',(159.821505,-77.234401,1.51));
#8731 = LINE('',#8732,#8733);
#8732 = CARTESIAN_POINT('',(159.821505,-77.234401,1.51));
#8733 = VECTOR('',#8734,1.);
#8734 = DIRECTION('',(0.,0.,1.));
#8735 = ORIENTED_EDGE('',*,*,#8736,.F.);
#8736 = EDGE_CURVE('',#8697,#8729,#8737,.T.);
#8737 = LINE('',#8738,#8739);
#8738 = CARTESIAN_POINT('',(135.313,-77.234402,1.51));
#8739 = VECTOR('',#8740,1.);
#8740 = DIRECTION('',(1.,4.080216224838E-08,0.));
#8741 = PLANE('',#8742);
#8742 = AXIS2_PLACEMENT_3D('',#8743,#8744,#8745);
#8743 = CARTESIAN_POINT('',(135.313,-77.234402,1.51));
#8744 = DIRECTION('',(-4.080216224838E-08,1.,0.));
#8745 = DIRECTION('',(1.,4.080216224838E-08,0.));
#8746 = ADVANCED_FACE('',(#8747),#8774,.F.);
#8747 = FACE_BOUND('',#8748,.T.);
#8748 = EDGE_LOOP('',(#8749,#8750,#8759,#8767));
#8749 = ORIENTED_EDGE('',*,*,#8728,.T.);
#8750 = ORIENTED_EDGE('',*,*,#8751,.T.);
#8751 = EDGE_CURVE('',#8721,#8752,#8754,.T.);
#8752 = VERTEX_POINT('',#8753);
#8753 = CARTESIAN_POINT('',(160.594999,-76.460907,1.545));
#8754 = CIRCLE('',#8755,0.862152239152);
#8755 = AXIS2_PLACEMENT_3D('',#8756,#8757,#8758);
#8756 = CARTESIAN_POINT('',(159.73699835308,-76.37640035308,1.545));
#8757 = DIRECTION('',(0.,0.,1.));
#8758 = DIRECTION('',(9.801824210966E-02,-0.995184618156,0.));
#8759 = ORIENTED_EDGE('',*,*,#8760,.F.);
#8760 = EDGE_CURVE('',#8761,#8752,#8763,.T.);
#8761 = VERTEX_POINT('',#8762);
#8762 = CARTESIAN_POINT('',(160.594999,-76.460907,1.51));
#8763 = LINE('',#8764,#8765);
#8764 = CARTESIAN_POINT('',(160.594999,-76.460907,1.51));
#8765 = VECTOR('',#8766,1.);
#8766 = DIRECTION('',(0.,0.,1.));
#8767 = ORIENTED_EDGE('',*,*,#8768,.F.);
#8768 = EDGE_CURVE('',#8729,#8761,#8769,.T.);
#8769 = CIRCLE('',#8770,0.862152239152);
#8770 = AXIS2_PLACEMENT_3D('',#8771,#8772,#8773);
#8771 = CARTESIAN_POINT('',(159.73699835308,-76.37640035308,1.51));
#8772 = DIRECTION('',(0.,0.,1.));
#8773 = DIRECTION('',(9.801824210966E-02,-0.995184618156,0.));
#8774 = CYLINDRICAL_SURFACE('',#8775,0.862152239152);
#8775 = AXIS2_PLACEMENT_3D('',#8776,#8777,#8778);
#8776 = CARTESIAN_POINT('',(159.73699835308,-76.37640035308,1.51));
#8777 = DIRECTION('',(-0.,-0.,-1.));
#8778 = DIRECTION('',(9.801824210966E-02,-0.995184618156,0.));
#8779 = ADVANCED_FACE('',(#8780),#8805,.T.);
#8780 = FACE_BOUND('',#8781,.T.);
#8781 = EDGE_LOOP('',(#8782,#8783,#8791,#8799));
#8782 = ORIENTED_EDGE('',*,*,#8760,.T.);
#8783 = ORIENTED_EDGE('',*,*,#8784,.T.);
#8784 = EDGE_CURVE('',#8752,#8785,#8787,.T.);
#8785 = VERTEX_POINT('',#8786);
#8786 = CARTESIAN_POINT('',(160.594999,-75.737897,1.545));
#8787 = LINE('',#8788,#8789);
#8788 = CARTESIAN_POINT('',(160.594999,-76.460907,1.545));
#8789 = VECTOR('',#8790,1.);
#8790 = DIRECTION('',(0.,1.,0.));
#8791 = ORIENTED_EDGE('',*,*,#8792,.F.);
#8792 = EDGE_CURVE('',#8793,#8785,#8795,.T.);
#8793 = VERTEX_POINT('',#8794);
#8794 = CARTESIAN_POINT('',(160.594999,-75.737897,1.51));
#8795 = LINE('',#8796,#8797);
#8796 = CARTESIAN_POINT('',(160.594999,-75.737897,1.51));
#8797 = VECTOR('',#8798,1.);
#8798 = DIRECTION('',(0.,0.,1.));
#8799 = ORIENTED_EDGE('',*,*,#8800,.F.);
#8800 = EDGE_CURVE('',#8761,#8793,#8801,.T.);
#8801 = LINE('',#8802,#8803);
#8802 = CARTESIAN_POINT('',(160.594999,-76.460907,1.51));
#8803 = VECTOR('',#8804,1.);
#8804 = DIRECTION('',(0.,1.,0.));
#8805 = PLANE('',#8806);
#8806 = AXIS2_PLACEMENT_3D('',#8807,#8808,#8809);
#8807 = CARTESIAN_POINT('',(160.594999,-76.460907,1.51));
#8808 = DIRECTION('',(-1.,0.,0.));
#8809 = DIRECTION('',(0.,1.,0.));
#8810 = ADVANCED_FACE('',(#8811),#8838,.F.);
#8811 = FACE_BOUND('',#8812,.T.);
#8812 = EDGE_LOOP('',(#8813,#8814,#8823,#8831));
#8813 = ORIENTED_EDGE('',*,*,#8792,.T.);
#8814 = ORIENTED_EDGE('',*,*,#8815,.T.);
#8815 = EDGE_CURVE('',#8785,#8816,#8818,.T.);
#8816 = VERTEX_POINT('',#8817);
#8817 = CARTESIAN_POINT('',(159.821505,-74.964403,1.545));
#8818 = CIRCLE('',#8819,0.862152239152);
#8819 = AXIS2_PLACEMENT_3D('',#8820,#8821,#8822);
#8820 = CARTESIAN_POINT('',(159.73699835308,-75.82240364691,1.545));
#8821 = DIRECTION('',(0.,0.,1.));
#8822 = DIRECTION('',(0.995184618156,9.801824210965E-02,-0.));
#8823 = ORIENTED_EDGE('',*,*,#8824,.F.);
#8824 = EDGE_CURVE('',#8825,#8816,#8827,.T.);
#8825 = VERTEX_POINT('',#8826);
#8826 = CARTESIAN_POINT('',(159.821505,-74.964403,1.51));
#8827 = LINE('',#8828,#8829);
#8828 = CARTESIAN_POINT('',(159.821505,-74.964403,1.51));
#8829 = VECTOR('',#8830,1.);
#8830 = DIRECTION('',(0.,0.,1.));
#8831 = ORIENTED_EDGE('',*,*,#8832,.F.);
#8832 = EDGE_CURVE('',#8793,#8825,#8833,.T.);
#8833 = CIRCLE('',#8834,0.862152239152);
#8834 = AXIS2_PLACEMENT_3D('',#8835,#8836,#8837);
#8835 = CARTESIAN_POINT('',(159.73699835308,-75.82240364691,1.51));
#8836 = DIRECTION('',(0.,0.,1.));
#8837 = DIRECTION('',(0.995184618156,9.801824210965E-02,-0.));
#8838 = CYLINDRICAL_SURFACE('',#8839,0.862152239152);
#8839 = AXIS2_PLACEMENT_3D('',#8840,#8841,#8842);
#8840 = CARTESIAN_POINT('',(159.73699835308,-75.82240364691,1.51));
#8841 = DIRECTION('',(-0.,-0.,-1.));
#8842 = DIRECTION('',(0.995184618156,9.801824210965E-02,-0.));
#8843 = ADVANCED_FACE('',(#8844),#8869,.T.);
#8844 = FACE_BOUND('',#8845,.T.);
#8845 = EDGE_LOOP('',(#8846,#8847,#8855,#8863));
#8846 = ORIENTED_EDGE('',*,*,#8824,.T.);
#8847 = ORIENTED_EDGE('',*,*,#8848,.T.);
#8848 = EDGE_CURVE('',#8816,#8849,#8851,.T.);
#8849 = VERTEX_POINT('',#8850);
#8850 = CARTESIAN_POINT('',(135.263,-74.964402,1.545));
#8851 = LINE('',#8852,#8853);
#8852 = CARTESIAN_POINT('',(159.821505,-74.964403,1.545));
#8853 = VECTOR('',#8854,1.);
#8854 = DIRECTION('',(-1.,4.071909090049E-08,0.));
#8855 = ORIENTED_EDGE('',*,*,#8856,.F.);
#8856 = EDGE_CURVE('',#8857,#8849,#8859,.T.);
#8857 = VERTEX_POINT('',#8858);
#8858 = CARTESIAN_POINT('',(135.263,-74.964402,1.51));
#8859 = LINE('',#8860,#8861);
#8860 = CARTESIAN_POINT('',(135.263,-74.964402,1.51));
#8861 = VECTOR('',#8862,1.);
#8862 = DIRECTION('',(0.,0.,1.));
#8863 = ORIENTED_EDGE('',*,*,#8864,.F.);
#8864 = EDGE_CURVE('',#8825,#8857,#8865,.T.);
#8865 = LINE('',#8866,#8867);
#8866 = CARTESIAN_POINT('',(159.821505,-74.964403,1.51));
#8867 = VECTOR('',#8868,1.);
#8868 = DIRECTION('',(-1.,4.071909090049E-08,0.));
#8869 = PLANE('',#8870);
#8870 = AXIS2_PLACEMENT_3D('',#8871,#8872,#8873);
#8871 = CARTESIAN_POINT('',(159.821505,-74.964403,1.51));
#8872 = DIRECTION('',(-4.071909090049E-08,-1.,0.));
#8873 = DIRECTION('',(-1.,4.071909090049E-08,0.));
#8874 = ADVANCED_FACE('',(#8875),#8902,.T.);
#8875 = FACE_BOUND('',#8876,.T.);
#8876 = EDGE_LOOP('',(#8877,#8878,#8887,#8895));
#8877 = ORIENTED_EDGE('',*,*,#8856,.T.);
#8878 = ORIENTED_EDGE('',*,*,#8879,.T.);
#8879 = EDGE_CURVE('',#8849,#8880,#8882,.T.);
#8880 = VERTEX_POINT('',#8881);
#8881 = CARTESIAN_POINT('',(133.905,-73.606402,1.545));
#8882 = CIRCLE('',#8883,1.35800003022);
#8883 = AXIS2_PLACEMENT_3D('',#8884,#8885,#8886);
#8884 = CARTESIAN_POINT('',(135.26300003022,-73.60640196978,1.545));
#8885 = DIRECTION('',(0.,0.,-1.));
#8886 = DIRECTION('',(-2.225354918688E-08,-1.,-0.));
#8887 = ORIENTED_EDGE('',*,*,#8888,.F.);
#8888 = EDGE_CURVE('',#8889,#8880,#8891,.T.);
#8889 = VERTEX_POINT('',#8890);
#8890 = CARTESIAN_POINT('',(133.905,-73.606402,1.51));
#8891 = LINE('',#8892,#8893);
#8892 = CARTESIAN_POINT('',(133.905,-73.606402,1.51));
#8893 = VECTOR('',#8894,1.);
#8894 = DIRECTION('',(0.,0.,1.));
#8895 = ORIENTED_EDGE('',*,*,#8896,.F.);
#8896 = EDGE_CURVE('',#8857,#8889,#8897,.T.);
#8897 = CIRCLE('',#8898,1.35800003022);
#8898 = AXIS2_PLACEMENT_3D('',#8899,#8900,#8901);
#8899 = CARTESIAN_POINT('',(135.26300003022,-73.60640196978,1.51));
#8900 = DIRECTION('',(0.,0.,-1.));
#8901 = DIRECTION('',(-2.225354918688E-08,-1.,-0.));
#8902 = CYLINDRICAL_SURFACE('',#8903,1.35800003022);
#8903 = AXIS2_PLACEMENT_3D('',#8904,#8905,#8906);
#8904 = CARTESIAN_POINT('',(135.26300003022,-73.60640196978,1.51));
#8905 = DIRECTION('',(0.,0.,-1.));
#8906 = DIRECTION('',(-2.225354918688E-08,-1.,-0.));
#8907 = ADVANCED_FACE('',(#8908),#8933,.T.);
#8908 = FACE_BOUND('',#8909,.T.);
#8909 = EDGE_LOOP('',(#8910,#8911,#8919,#8927));
#8910 = ORIENTED_EDGE('',*,*,#8888,.T.);
#8911 = ORIENTED_EDGE('',*,*,#8912,.T.);
#8912 = EDGE_CURVE('',#8880,#8913,#8915,.T.);
#8913 = VERTEX_POINT('',#8914);
#8914 = CARTESIAN_POINT('',(133.905,-73.052402,1.545));
#8915 = LINE('',#8916,#8917);
#8916 = CARTESIAN_POINT('',(133.905,-73.606402,1.545));
#8917 = VECTOR('',#8918,1.);
#8918 = DIRECTION('',(0.,1.,0.));
#8919 = ORIENTED_EDGE('',*,*,#8920,.F.);
#8920 = EDGE_CURVE('',#8921,#8913,#8923,.T.);
#8921 = VERTEX_POINT('',#8922);
#8922 = CARTESIAN_POINT('',(133.905,-73.052402,1.51));
#8923 = LINE('',#8924,#8925);
#8924 = CARTESIAN_POINT('',(133.905,-73.052402,1.51));
#8925 = VECTOR('',#8926,1.);
#8926 = DIRECTION('',(0.,0.,1.));
#8927 = ORIENTED_EDGE('',*,*,#8928,.F.);
#8928 = EDGE_CURVE('',#8889,#8921,#8929,.T.);
#8929 = LINE('',#8930,#8931);
#8930 = CARTESIAN_POINT('',(133.905,-73.606402,1.51));
#8931 = VECTOR('',#8932,1.);
#8932 = DIRECTION('',(0.,1.,0.));
#8933 = PLANE('',#8934);
#8934 = AXIS2_PLACEMENT_3D('',#8935,#8936,#8937);
#8935 = CARTESIAN_POINT('',(133.905,-73.606402,1.51));
#8936 = DIRECTION('',(-1.,0.,0.));
#8937 = DIRECTION('',(0.,1.,0.));
#8938 = ADVANCED_FACE('',(#8939),#8966,.T.);
#8939 = FACE_BOUND('',#8940,.T.);
#8940 = EDGE_LOOP('',(#8941,#8942,#8951,#8959));
#8941 = ORIENTED_EDGE('',*,*,#8920,.T.);
#8942 = ORIENTED_EDGE('',*,*,#8943,.T.);
#8943 = EDGE_CURVE('',#8913,#8944,#8946,.T.);
#8944 = VERTEX_POINT('',#8945);
#8945 = CARTESIAN_POINT('',(135.263,-71.694402,1.545));
#8946 = CIRCLE('',#8947,1.35800003022);
#8947 = AXIS2_PLACEMENT_3D('',#8948,#8949,#8950);
#8948 = CARTESIAN_POINT('',(135.26300003022,-73.05240203022,1.545));
#8949 = DIRECTION('',(0.,0.,-1.));
#8950 = DIRECTION('',(-1.,2.225355965142E-08,0.));
#8951 = ORIENTED_EDGE('',*,*,#8952,.F.);
#8952 = EDGE_CURVE('',#8953,#8944,#8955,.T.);
#8953 = VERTEX_POINT('',#8954);
#8954 = CARTESIAN_POINT('',(135.263,-71.694402,1.51));
#8955 = LINE('',#8956,#8957);
#8956 = CARTESIAN_POINT('',(135.263,-71.694402,1.51));
#8957 = VECTOR('',#8958,1.);
#8958 = DIRECTION('',(0.,0.,1.));
#8959 = ORIENTED_EDGE('',*,*,#8960,.F.);
#8960 = EDGE_CURVE('',#8921,#8953,#8961,.T.);
#8961 = CIRCLE('',#8962,1.35800003022);
#8962 = AXIS2_PLACEMENT_3D('',#8963,#8964,#8965);
#8963 = CARTESIAN_POINT('',(135.26300003022,-73.05240203022,1.51));
#8964 = DIRECTION('',(0.,0.,-1.));
#8965 = DIRECTION('',(-1.,2.225355965142E-08,0.));
#8966 = CYLINDRICAL_SURFACE('',#8967,1.35800003022);
#8967 = AXIS2_PLACEMENT_3D('',#8968,#8969,#8970);
#8968 = CARTESIAN_POINT('',(135.26300003022,-73.05240203022,1.51));
#8969 = DIRECTION('',(0.,0.,-1.));
#8970 = DIRECTION('',(-1.,2.225355965142E-08,0.));
#8971 = ADVANCED_FACE('',(#8972),#8997,.T.);
#8972 = FACE_BOUND('',#8973,.T.);
#8973 = EDGE_LOOP('',(#8974,#8975,#8983,#8991));
#8974 = ORIENTED_EDGE('',*,*,#8952,.T.);
#8975 = ORIENTED_EDGE('',*,*,#8976,.T.);
#8976 = EDGE_CURVE('',#8944,#8977,#8979,.T.);
#8977 = VERTEX_POINT('',#8978);
#8978 = CARTESIAN_POINT('',(159.821505,-71.694401,1.545));
#8979 = LINE('',#8980,#8981);
#8980 = CARTESIAN_POINT('',(135.263,-71.694402,1.545));
#8981 = VECTOR('',#8982,1.);
#8982 = DIRECTION('',(1.,4.071909090049E-08,0.));
#8983 = ORIENTED_EDGE('',*,*,#8984,.F.);
#8984 = EDGE_CURVE('',#8985,#8977,#8987,.T.);
#8985 = VERTEX_POINT('',#8986);
#8986 = CARTESIAN_POINT('',(159.821505,-71.694401,1.51));
#8987 = LINE('',#8988,#8989);
#8988 = CARTESIAN_POINT('',(159.821505,-71.694401,1.51));
#8989 = VECTOR('',#8990,1.);
#8990 = DIRECTION('',(0.,0.,1.));
#8991 = ORIENTED_EDGE('',*,*,#8992,.F.);
#8992 = EDGE_CURVE('',#8953,#8985,#8993,.T.);
#8993 = LINE('',#8994,#8995);
#8994 = CARTESIAN_POINT('',(135.263,-71.694402,1.51));
#8995 = VECTOR('',#8996,1.);
#8996 = DIRECTION('',(1.,4.071909090049E-08,0.));
#8997 = PLANE('',#8998);
#8998 = AXIS2_PLACEMENT_3D('',#8999,#9000,#9001);
#8999 = CARTESIAN_POINT('',(135.263,-71.694402,1.51));
#9000 = DIRECTION('',(-4.071909090049E-08,1.,0.));
#9001 = DIRECTION('',(1.,4.071909090049E-08,0.));
#9002 = ADVANCED_FACE('',(#9003),#9030,.F.);
#9003 = FACE_BOUND('',#9004,.T.);
#9004 = EDGE_LOOP('',(#9005,#9006,#9015,#9023));
#9005 = ORIENTED_EDGE('',*,*,#8984,.T.);
#9006 = ORIENTED_EDGE('',*,*,#9007,.T.);
#9007 = EDGE_CURVE('',#8977,#9008,#9010,.T.);
#9008 = VERTEX_POINT('',#9009);
#9009 = CARTESIAN_POINT('',(160.594999,-70.920907,1.545));
#9010 = CIRCLE('',#9011,0.862152239152);
#9011 = AXIS2_PLACEMENT_3D('',#9012,#9013,#9014);
#9012 = CARTESIAN_POINT('',(159.73699835308,-70.83640035308,1.545));
#9013 = DIRECTION('',(0.,0.,1.));
#9014 = DIRECTION('',(9.801824210963E-02,-0.995184618156,0.));
#9015 = ORIENTED_EDGE('',*,*,#9016,.F.);
#9016 = EDGE_CURVE('',#9017,#9008,#9019,.T.);
#9017 = VERTEX_POINT('',#9018);
#9018 = CARTESIAN_POINT('',(160.594999,-70.920907,1.51));
#9019 = LINE('',#9020,#9021);
#9020 = CARTESIAN_POINT('',(160.594999,-70.920907,1.51));
#9021 = VECTOR('',#9022,1.);
#9022 = DIRECTION('',(0.,0.,1.));
#9023 = ORIENTED_EDGE('',*,*,#9024,.F.);
#9024 = EDGE_CURVE('',#8985,#9017,#9025,.T.);
#9025 = CIRCLE('',#9026,0.862152239152);
#9026 = AXIS2_PLACEMENT_3D('',#9027,#9028,#9029);
#9027 = CARTESIAN_POINT('',(159.73699835308,-70.83640035308,1.51));
#9028 = DIRECTION('',(0.,0.,1.));
#9029 = DIRECTION('',(9.801824210963E-02,-0.995184618156,0.));
#9030 = CYLINDRICAL_SURFACE('',#9031,0.862152239152);
#9031 = AXIS2_PLACEMENT_3D('',#9032,#9033,#9034);
#9032 = CARTESIAN_POINT('',(159.73699835308,-70.83640035308,1.51));
#9033 = DIRECTION('',(-0.,-0.,-1.));
#9034 = DIRECTION('',(9.801824210963E-02,-0.995184618156,0.));
#9035 = ADVANCED_FACE('',(#9036),#9061,.T.);
#9036 = FACE_BOUND('',#9037,.T.);
#9037 = EDGE_LOOP('',(#9038,#9039,#9047,#9055));
#9038 = ORIENTED_EDGE('',*,*,#9016,.T.);
#9039 = ORIENTED_EDGE('',*,*,#9040,.T.);
#9040 = EDGE_CURVE('',#9008,#9041,#9043,.T.);
#9041 = VERTEX_POINT('',#9042);
#9042 = CARTESIAN_POINT('',(160.594999,-70.197897,1.545));
#9043 = LINE('',#9044,#9045);
#9044 = CARTESIAN_POINT('',(160.594999,-70.920907,1.545));
#9045 = VECTOR('',#9046,1.);
#9046 = DIRECTION('',(0.,1.,0.));
#9047 = ORIENTED_EDGE('',*,*,#9048,.F.);
#9048 = EDGE_CURVE('',#9049,#9041,#9051,.T.);
#9049 = VERTEX_POINT('',#9050);
#9050 = CARTESIAN_POINT('',(160.594999,-70.197897,1.51));
#9051 = LINE('',#9052,#9053);
#9052 = CARTESIAN_POINT('',(160.594999,-70.197897,1.51));
#9053 = VECTOR('',#9054,1.);
#9054 = DIRECTION('',(0.,0.,1.));
#9055 = ORIENTED_EDGE('',*,*,#9056,.F.);
#9056 = EDGE_CURVE('',#9017,#9049,#9057,.T.);
#9057 = LINE('',#9058,#9059);
#9058 = CARTESIAN_POINT('',(160.594999,-70.920907,1.51));
#9059 = VECTOR('',#9060,1.);
#9060 = DIRECTION('',(0.,1.,0.));
#9061 = PLANE('',#9062);
#9062 = AXIS2_PLACEMENT_3D('',#9063,#9064,#9065);
#9063 = CARTESIAN_POINT('',(160.594999,-70.920907,1.51));
#9064 = DIRECTION('',(-1.,0.,0.));
#9065 = DIRECTION('',(0.,1.,0.));
#9066 = ADVANCED_FACE('',(#9067),#9094,.F.);
#9067 = FACE_BOUND('',#9068,.T.);
#9068 = EDGE_LOOP('',(#9069,#9070,#9079,#9087));
#9069 = ORIENTED_EDGE('',*,*,#9048,.T.);
#9070 = ORIENTED_EDGE('',*,*,#9071,.T.);
#9071 = EDGE_CURVE('',#9041,#9072,#9074,.T.);
#9072 = VERTEX_POINT('',#9073);
#9073 = CARTESIAN_POINT('',(159.821505,-69.424403,1.545));
#9074 = CIRCLE('',#9075,0.862152239152);
#9075 = AXIS2_PLACEMENT_3D('',#9076,#9077,#9078);
#9076 = CARTESIAN_POINT('',(159.73699835308,-70.28240364691,1.545));
#9077 = DIRECTION('',(0.,0.,1.));
#9078 = DIRECTION('',(0.995184618156,9.801824210968E-02,-0.));
#9079 = ORIENTED_EDGE('',*,*,#9080,.F.);
#9080 = EDGE_CURVE('',#9081,#9072,#9083,.T.);
#9081 = VERTEX_POINT('',#9082);
#9082 = CARTESIAN_POINT('',(159.821505,-69.424403,1.51));
#9083 = LINE('',#9084,#9085);
#9084 = CARTESIAN_POINT('',(159.821505,-69.424403,1.51));
#9085 = VECTOR('',#9086,1.);
#9086 = DIRECTION('',(0.,0.,1.));
#9087 = ORIENTED_EDGE('',*,*,#9088,.F.);
#9088 = EDGE_CURVE('',#9049,#9081,#9089,.T.);
#9089 = CIRCLE('',#9090,0.862152239152);
#9090 = AXIS2_PLACEMENT_3D('',#9091,#9092,#9093);
#9091 = CARTESIAN_POINT('',(159.73699835308,-70.28240364691,1.51));
#9092 = DIRECTION('',(0.,0.,1.));
#9093 = DIRECTION('',(0.995184618156,9.801824210968E-02,-0.));
#9094 = CYLINDRICAL_SURFACE('',#9095,0.862152239152);
#9095 = AXIS2_PLACEMENT_3D('',#9096,#9097,#9098);
#9096 = CARTESIAN_POINT('',(159.73699835308,-70.28240364691,1.51));
#9097 = DIRECTION('',(-0.,-0.,-1.));
#9098 = DIRECTION('',(0.995184618156,9.801824210968E-02,-0.));
#9099 = ADVANCED_FACE('',(#9100),#9125,.T.);
#9100 = FACE_BOUND('',#9101,.T.);
#9101 = EDGE_LOOP('',(#9102,#9103,#9111,#9119));
#9102 = ORIENTED_EDGE('',*,*,#9080,.T.);
#9103 = ORIENTED_EDGE('',*,*,#9104,.T.);
#9104 = EDGE_CURVE('',#9072,#9105,#9107,.T.);
#9105 = VERTEX_POINT('',#9106);
#9106 = CARTESIAN_POINT('',(135.213,-69.424402,1.545));
#9107 = LINE('',#9108,#9109);
#9108 = CARTESIAN_POINT('',(159.821505,-69.424403,1.545));
#9109 = VECTOR('',#9110,1.);
#9110 = DIRECTION('',(-1.,4.06363571243E-08,0.));
#9111 = ORIENTED_EDGE('',*,*,#9112,.F.);
#9112 = EDGE_CURVE('',#9113,#9105,#9115,.T.);
#9113 = VERTEX_POINT('',#9114);
#9114 = CARTESIAN_POINT('',(135.213,-69.424402,1.51));
#9115 = LINE('',#9116,#9117);
#9116 = CARTESIAN_POINT('',(135.213,-69.424402,1.51));
#9117 = VECTOR('',#9118,1.);
#9118 = DIRECTION('',(0.,0.,1.));
#9119 = ORIENTED_EDGE('',*,*,#9120,.F.);
#9120 = EDGE_CURVE('',#9081,#9113,#9121,.T.);
#9121 = LINE('',#9122,#9123);
#9122 = CARTESIAN_POINT('',(159.821505,-69.424403,1.51));
#9123 = VECTOR('',#9124,1.);
#9124 = DIRECTION('',(-1.,4.06363571243E-08,0.));
#9125 = PLANE('',#9126);
#9126 = AXIS2_PLACEMENT_3D('',#9127,#9128,#9129);
#9127 = CARTESIAN_POINT('',(159.821505,-69.424403,1.51));
#9128 = DIRECTION('',(-4.06363571243E-08,-1.,0.));
#9129 = DIRECTION('',(-1.,4.06363571243E-08,0.));
#9130 = ADVANCED_FACE('',(#9131),#9158,.T.);
#9131 = FACE_BOUND('',#9132,.T.);
#9132 = EDGE_LOOP('',(#9133,#9134,#9143,#9151));
#9133 = ORIENTED_EDGE('',*,*,#9112,.T.);
#9134 = ORIENTED_EDGE('',*,*,#9135,.T.);
#9135 = EDGE_CURVE('',#9105,#9136,#9138,.T.);
#9136 = VERTEX_POINT('',#9137);
#9137 = CARTESIAN_POINT('',(133.855,-68.066402,1.545));
#9138 = CIRCLE('',#9139,1.35800003022);
#9139 = AXIS2_PLACEMENT_3D('',#9140,#9141,#9142);
#9140 = CARTESIAN_POINT('',(135.21300003022,-68.06640196978,1.545));
#9141 = DIRECTION('',(0.,0.,-1.));
#9142 = DIRECTION('',(-2.225354918688E-08,-1.,-0.));
#9143 = ORIENTED_EDGE('',*,*,#9144,.F.);
#9144 = EDGE_CURVE('',#9145,#9136,#9147,.T.);
#9145 = VERTEX_POINT('',#9146);
#9146 = CARTESIAN_POINT('',(133.855,-68.066402,1.51));
#9147 = LINE('',#9148,#9149);
#9148 = CARTESIAN_POINT('',(133.855,-68.066402,1.51));
#9149 = VECTOR('',#9150,1.);
#9150 = DIRECTION('',(0.,0.,1.));
#9151 = ORIENTED_EDGE('',*,*,#9152,.F.);
#9152 = EDGE_CURVE('',#9113,#9145,#9153,.T.);
#9153 = CIRCLE('',#9154,1.35800003022);
#9154 = AXIS2_PLACEMENT_3D('',#9155,#9156,#9157);
#9155 = CARTESIAN_POINT('',(135.21300003022,-68.06640196978,1.51));
#9156 = DIRECTION('',(0.,0.,-1.));
#9157 = DIRECTION('',(-2.225354918688E-08,-1.,-0.));
#9158 = CYLINDRICAL_SURFACE('',#9159,1.35800003022);
#9159 = AXIS2_PLACEMENT_3D('',#9160,#9161,#9162);
#9160 = CARTESIAN_POINT('',(135.21300003022,-68.06640196978,1.51));
#9161 = DIRECTION('',(0.,0.,-1.));
#9162 = DIRECTION('',(-2.225354918688E-08,-1.,-0.));
#9163 = ADVANCED_FACE('',(#9164),#9189,.T.);
#9164 = FACE_BOUND('',#9165,.T.);
#9165 = EDGE_LOOP('',(#9166,#9167,#9175,#9183));
#9166 = ORIENTED_EDGE('',*,*,#9144,.T.);
#9167 = ORIENTED_EDGE('',*,*,#9168,.T.);
#9168 = EDGE_CURVE('',#9136,#9169,#9171,.T.);
#9169 = VERTEX_POINT('',#9170);
#9170 = CARTESIAN_POINT('',(133.855,-67.512402,1.545));
#9171 = LINE('',#9172,#9173);
#9172 = CARTESIAN_POINT('',(133.855,-68.066402,1.545));
#9173 = VECTOR('',#9174,1.);
#9174 = DIRECTION('',(0.,1.,0.));
#9175 = ORIENTED_EDGE('',*,*,#9176,.F.);
#9176 = EDGE_CURVE('',#9177,#9169,#9179,.T.);
#9177 = VERTEX_POINT('',#9178);
#9178 = CARTESIAN_POINT('',(133.855,-67.512402,1.51));
#9179 = LINE('',#9180,#9181);
#9180 = CARTESIAN_POINT('',(133.855,-67.512402,1.51));
#9181 = VECTOR('',#9182,1.);
#9182 = DIRECTION('',(0.,0.,1.));
#9183 = ORIENTED_EDGE('',*,*,#9184,.F.);
#9184 = EDGE_CURVE('',#9145,#9177,#9185,.T.);
#9185 = LINE('',#9186,#9187);
#9186 = CARTESIAN_POINT('',(133.855,-68.066402,1.51));
#9187 = VECTOR('',#9188,1.);
#9188 = DIRECTION('',(0.,1.,0.));
#9189 = PLANE('',#9190);
#9190 = AXIS2_PLACEMENT_3D('',#9191,#9192,#9193);
#9191 = CARTESIAN_POINT('',(133.855,-68.066402,1.51));
#9192 = DIRECTION('',(-1.,0.,0.));
#9193 = DIRECTION('',(0.,1.,0.));
#9194 = ADVANCED_FACE('',(#9195),#9222,.T.);
#9195 = FACE_BOUND('',#9196,.T.);
#9196 = EDGE_LOOP('',(#9197,#9198,#9207,#9215));
#9197 = ORIENTED_EDGE('',*,*,#9176,.T.);
#9198 = ORIENTED_EDGE('',*,*,#9199,.T.);
#9199 = EDGE_CURVE('',#9169,#9200,#9202,.T.);
#9200 = VERTEX_POINT('',#9201);
#9201 = CARTESIAN_POINT('',(135.213,-66.154402,1.545));
#9202 = CIRCLE('',#9203,1.35800003022);
#9203 = AXIS2_PLACEMENT_3D('',#9204,#9205,#9206);
#9204 = CARTESIAN_POINT('',(135.21300003022,-67.51240203022,1.545));
#9205 = DIRECTION('',(0.,0.,-1.));
#9206 = DIRECTION('',(-1.,2.225354918688E-08,0.));
#9207 = ORIENTED_EDGE('',*,*,#9208,.F.);
#9208 = EDGE_CURVE('',#9209,#9200,#9211,.T.);
#9209 = VERTEX_POINT('',#9210);
#9210 = CARTESIAN_POINT('',(135.213,-66.154402,1.51));
#9211 = LINE('',#9212,#9213);
#9212 = CARTESIAN_POINT('',(135.213,-66.154402,1.51));
#9213 = VECTOR('',#9214,1.);
#9214 = DIRECTION('',(0.,0.,1.));
#9215 = ORIENTED_EDGE('',*,*,#9216,.F.);
#9216 = EDGE_CURVE('',#9177,#9209,#9217,.T.);
#9217 = CIRCLE('',#9218,1.35800003022);
#9218 = AXIS2_PLACEMENT_3D('',#9219,#9220,#9221);
#9219 = CARTESIAN_POINT('',(135.21300003022,-67.51240203022,1.51));
#9220 = DIRECTION('',(0.,0.,-1.));
#9221 = DIRECTION('',(-1.,2.225354918688E-08,0.));
#9222 = CYLINDRICAL_SURFACE('',#9223,1.35800003022);
#9223 = AXIS2_PLACEMENT_3D('',#9224,#9225,#9226);
#9224 = CARTESIAN_POINT('',(135.21300003022,-67.51240203022,1.51));
#9225 = DIRECTION('',(0.,0.,-1.));
#9226 = DIRECTION('',(-1.,2.225354918688E-08,0.));
#9227 = ADVANCED_FACE('',(#9228),#9253,.T.);
#9228 = FACE_BOUND('',#9229,.T.);
#9229 = EDGE_LOOP('',(#9230,#9231,#9239,#9247));
#9230 = ORIENTED_EDGE('',*,*,#9208,.T.);
#9231 = ORIENTED_EDGE('',*,*,#9232,.T.);
#9232 = EDGE_CURVE('',#9200,#9233,#9235,.T.);
#9233 = VERTEX_POINT('',#9234);
#9234 = CARTESIAN_POINT('',(159.821505,-66.154401,1.545));
#9235 = LINE('',#9236,#9237);
#9236 = CARTESIAN_POINT('',(135.213,-66.154402,1.545));
#9237 = VECTOR('',#9238,1.);
#9238 = DIRECTION('',(1.,4.063635770178E-08,0.));
#9239 = ORIENTED_EDGE('',*,*,#9240,.F.);
#9240 = EDGE_CURVE('',#9241,#9233,#9243,.T.);
#9241 = VERTEX_POINT('',#9242);
#9242 = CARTESIAN_POINT('',(159.821505,-66.154401,1.51));
#9243 = LINE('',#9244,#9245);
#9244 = CARTESIAN_POINT('',(159.821505,-66.154401,1.51));
#9245 = VECTOR('',#9246,1.);
#9246 = DIRECTION('',(0.,0.,1.));
#9247 = ORIENTED_EDGE('',*,*,#9248,.F.);
#9248 = EDGE_CURVE('',#9209,#9241,#9249,.T.);
#9249 = LINE('',#9250,#9251);
#9250 = CARTESIAN_POINT('',(135.213,-66.154402,1.51));
#9251 = VECTOR('',#9252,1.);
#9252 = DIRECTION('',(1.,4.063635770178E-08,0.));
#9253 = PLANE('',#9254);
#9254 = AXIS2_PLACEMENT_3D('',#9255,#9256,#9257);
#9255 = CARTESIAN_POINT('',(135.213,-66.154402,1.51));
#9256 = DIRECTION('',(-4.063635770178E-08,1.,0.));
#9257 = DIRECTION('',(1.,4.063635770178E-08,0.));
#9258 = ADVANCED_FACE('',(#9259),#9286,.F.);
#9259 = FACE_BOUND('',#9260,.T.);
#9260 = EDGE_LOOP('',(#9261,#9262,#9271,#9279));
#9261 = ORIENTED_EDGE('',*,*,#9240,.T.);
#9262 = ORIENTED_EDGE('',*,*,#9263,.T.);
#9263 = EDGE_CURVE('',#9233,#9264,#9266,.T.);
#9264 = VERTEX_POINT('',#9265);
#9265 = CARTESIAN_POINT('',(160.594999,-65.380907,1.545));
#9266 = CIRCLE('',#9267,0.862152239152);
#9267 = AXIS2_PLACEMENT_3D('',#9268,#9269,#9270);
#9268 = CARTESIAN_POINT('',(159.73699835308,-65.29640035308,1.545));
#9269 = DIRECTION('',(0.,0.,1.));
#9270 = DIRECTION('',(9.801824210963E-02,-0.995184618156,0.));
#9271 = ORIENTED_EDGE('',*,*,#9272,.F.);
#9272 = EDGE_CURVE('',#9273,#9264,#9275,.T.);
#9273 = VERTEX_POINT('',#9274);
#9274 = CARTESIAN_POINT('',(160.594999,-65.380907,1.51));
#9275 = LINE('',#9276,#9277);
#9276 = CARTESIAN_POINT('',(160.594999,-65.380907,1.51));
#9277 = VECTOR('',#9278,1.);
#9278 = DIRECTION('',(0.,0.,1.));
#9279 = ORIENTED_EDGE('',*,*,#9280,.F.);
#9280 = EDGE_CURVE('',#9241,#9273,#9281,.T.);
#9281 = CIRCLE('',#9282,0.862152239152);
#9282 = AXIS2_PLACEMENT_3D('',#9283,#9284,#9285);
#9283 = CARTESIAN_POINT('',(159.73699835308,-65.29640035308,1.51));
#9284 = DIRECTION('',(0.,0.,1.));
#9285 = DIRECTION('',(9.801824210963E-02,-0.995184618156,0.));
#9286 = CYLINDRICAL_SURFACE('',#9287,0.862152239152);
#9287 = AXIS2_PLACEMENT_3D('',#9288,#9289,#9290);
#9288 = CARTESIAN_POINT('',(159.73699835308,-65.29640035308,1.51));
#9289 = DIRECTION('',(-0.,-0.,-1.));
#9290 = DIRECTION('',(9.801824210963E-02,-0.995184618156,0.));
#9291 = ADVANCED_FACE('',(#9292),#9317,.T.);
#9292 = FACE_BOUND('',#9293,.T.);
#9293 = EDGE_LOOP('',(#9294,#9295,#9303,#9311));
#9294 = ORIENTED_EDGE('',*,*,#9272,.T.);
#9295 = ORIENTED_EDGE('',*,*,#9296,.T.);
#9296 = EDGE_CURVE('',#9264,#9297,#9299,.T.);
#9297 = VERTEX_POINT('',#9298);
#9298 = CARTESIAN_POINT('',(160.594999,-64.657897,1.545));
#9299 = LINE('',#9300,#9301);
#9300 = CARTESIAN_POINT('',(160.594999,-65.380907,1.545));
#9301 = VECTOR('',#9302,1.);
#9302 = DIRECTION('',(0.,1.,0.));
#9303 = ORIENTED_EDGE('',*,*,#9304,.F.);
#9304 = EDGE_CURVE('',#9305,#9297,#9307,.T.);
#9305 = VERTEX_POINT('',#9306);
#9306 = CARTESIAN_POINT('',(160.594999,-64.657897,1.51));
#9307 = LINE('',#9308,#9309);
#9308 = CARTESIAN_POINT('',(160.594999,-64.657897,1.51));
#9309 = VECTOR('',#9310,1.);
#9310 = DIRECTION('',(0.,0.,1.));
#9311 = ORIENTED_EDGE('',*,*,#9312,.F.);
#9312 = EDGE_CURVE('',#9273,#9305,#9313,.T.);
#9313 = LINE('',#9314,#9315);
#9314 = CARTESIAN_POINT('',(160.594999,-65.380907,1.51));
#9315 = VECTOR('',#9316,1.);
#9316 = DIRECTION('',(0.,1.,0.));
#9317 = PLANE('',#9318);
#9318 = AXIS2_PLACEMENT_3D('',#9319,#9320,#9321);
#9319 = CARTESIAN_POINT('',(160.594999,-65.380907,1.51));
#9320 = DIRECTION('',(-1.,0.,0.));
#9321 = DIRECTION('',(0.,1.,0.));
#9322 = ADVANCED_FACE('',(#9323),#9350,.F.);
#9323 = FACE_BOUND('',#9324,.T.);
#9324 = EDGE_LOOP('',(#9325,#9326,#9335,#9343));
#9325 = ORIENTED_EDGE('',*,*,#9304,.T.);
#9326 = ORIENTED_EDGE('',*,*,#9327,.T.);
#9327 = EDGE_CURVE('',#9297,#9328,#9330,.T.);
#9328 = VERTEX_POINT('',#9329);
#9329 = CARTESIAN_POINT('',(159.821505,-63.884403,1.545));
#9330 = CIRCLE('',#9331,0.862152239152);
#9331 = AXIS2_PLACEMENT_3D('',#9332,#9333,#9334);
#9332 = CARTESIAN_POINT('',(159.73699835308,-64.74240364691,1.545));
#9333 = DIRECTION('',(0.,0.,1.));
#9334 = DIRECTION('',(0.995184618156,9.801824210966E-02,-0.));
#9335 = ORIENTED_EDGE('',*,*,#9336,.F.);
#9336 = EDGE_CURVE('',#9337,#9328,#9339,.T.);
#9337 = VERTEX_POINT('',#9338);
#9338 = CARTESIAN_POINT('',(159.821505,-63.884403,1.51));
#9339 = LINE('',#9340,#9341);
#9340 = CARTESIAN_POINT('',(159.821505,-63.884403,1.51));
#9341 = VECTOR('',#9342,1.);
#9342 = DIRECTION('',(0.,0.,1.));
#9343 = ORIENTED_EDGE('',*,*,#9344,.F.);
#9344 = EDGE_CURVE('',#9305,#9337,#9345,.T.);
#9345 = CIRCLE('',#9346,0.862152239152);
#9346 = AXIS2_PLACEMENT_3D('',#9347,#9348,#9349);
#9347 = CARTESIAN_POINT('',(159.73699835308,-64.74240364691,1.51));
#9348 = DIRECTION('',(0.,0.,1.));
#9349 = DIRECTION('',(0.995184618156,9.801824210966E-02,-0.));
#9350 = CYLINDRICAL_SURFACE('',#9351,0.862152239152);
#9351 = AXIS2_PLACEMENT_3D('',#9352,#9353,#9354);
#9352 = CARTESIAN_POINT('',(159.73699835308,-64.74240364691,1.51));
#9353 = DIRECTION('',(-0.,-0.,-1.));
#9354 = DIRECTION('',(0.995184618156,9.801824210966E-02,-0.));
#9355 = ADVANCED_FACE('',(#9356),#9381,.T.);
#9356 = FACE_BOUND('',#9357,.T.);
#9357 = EDGE_LOOP('',(#9358,#9359,#9367,#9375));
#9358 = ORIENTED_EDGE('',*,*,#9336,.T.);
#9359 = ORIENTED_EDGE('',*,*,#9360,.T.);
#9360 = EDGE_CURVE('',#9328,#9361,#9363,.T.);
#9361 = VERTEX_POINT('',#9362);
#9362 = CARTESIAN_POINT('',(135.213,-63.884402,1.545));
#9363 = LINE('',#9364,#9365);
#9364 = CARTESIAN_POINT('',(159.821505,-63.884403,1.545));
#9365 = VECTOR('',#9366,1.);
#9366 = DIRECTION('',(-1.,4.06363571243E-08,0.));
#9367 = ORIENTED_EDGE('',*,*,#9368,.F.);
#9368 = EDGE_CURVE('',#9369,#9361,#9371,.T.);
#9369 = VERTEX_POINT('',#9370);
#9370 = CARTESIAN_POINT('',(135.213,-63.884402,1.51));
#9371 = LINE('',#9372,#9373);
#9372 = CARTESIAN_POINT('',(135.213,-63.884402,1.51));
#9373 = VECTOR('',#9374,1.);
#9374 = DIRECTION('',(0.,0.,1.));
#9375 = ORIENTED_EDGE('',*,*,#9376,.F.);
#9376 = EDGE_CURVE('',#9337,#9369,#9377,.T.);
#9377 = LINE('',#9378,#9379);
#9378 = CARTESIAN_POINT('',(159.821505,-63.884403,1.51));
#9379 = VECTOR('',#9380,1.);
#9380 = DIRECTION('',(-1.,4.06363571243E-08,0.));
#9381 = PLANE('',#9382);
#9382 = AXIS2_PLACEMENT_3D('',#9383,#9384,#9385);
#9383 = CARTESIAN_POINT('',(159.821505,-63.884403,1.51));
#9384 = DIRECTION('',(-4.06363571243E-08,-1.,0.));
#9385 = DIRECTION('',(-1.,4.06363571243E-08,0.));
#9386 = ADVANCED_FACE('',(#9387),#9414,.T.);
#9387 = FACE_BOUND('',#9388,.T.);
#9388 = EDGE_LOOP('',(#9389,#9390,#9399,#9407));
#9389 = ORIENTED_EDGE('',*,*,#9368,.T.);
#9390 = ORIENTED_EDGE('',*,*,#9391,.T.);
#9391 = EDGE_CURVE('',#9361,#9392,#9394,.T.);
#9392 = VERTEX_POINT('',#9393);
#9393 = CARTESIAN_POINT('',(133.855,-62.526402,1.545));
#9394 = CIRCLE('',#9395,1.35800003022);
#9395 = AXIS2_PLACEMENT_3D('',#9396,#9397,#9398);
#9396 = CARTESIAN_POINT('',(135.21300003022,-62.52640196978,1.545));
#9397 = DIRECTION('',(0.,0.,-1.));
#9398 = DIRECTION('',(-2.225354918688E-08,-1.,-0.));
#9399 = ORIENTED_EDGE('',*,*,#9400,.F.);
#9400 = EDGE_CURVE('',#9401,#9392,#9403,.T.);
#9401 = VERTEX_POINT('',#9402);
#9402 = CARTESIAN_POINT('',(133.855,-62.526402,1.51));
#9403 = LINE('',#9404,#9405);
#9404 = CARTESIAN_POINT('',(133.855,-62.526402,1.51));
#9405 = VECTOR('',#9406,1.);
#9406 = DIRECTION('',(0.,0.,1.));
#9407 = ORIENTED_EDGE('',*,*,#9408,.F.);
#9408 = EDGE_CURVE('',#9369,#9401,#9409,.T.);
#9409 = CIRCLE('',#9410,1.35800003022);
#9410 = AXIS2_PLACEMENT_3D('',#9411,#9412,#9413);
#9411 = CARTESIAN_POINT('',(135.21300003022,-62.52640196978,1.51));
#9412 = DIRECTION('',(0.,0.,-1.));
#9413 = DIRECTION('',(-2.225354918688E-08,-1.,-0.));
#9414 = CYLINDRICAL_SURFACE('',#9415,1.35800003022);
#9415 = AXIS2_PLACEMENT_3D('',#9416,#9417,#9418);
#9416 = CARTESIAN_POINT('',(135.21300003022,-62.52640196978,1.51));
#9417 = DIRECTION('',(0.,0.,-1.));
#9418 = DIRECTION('',(-2.225354918688E-08,-1.,-0.));
#9419 = ADVANCED_FACE('',(#9420),#9445,.T.);
#9420 = FACE_BOUND('',#9421,.T.);
#9421 = EDGE_LOOP('',(#9422,#9423,#9431,#9439));
#9422 = ORIENTED_EDGE('',*,*,#9400,.T.);
#9423 = ORIENTED_EDGE('',*,*,#9424,.T.);
#9424 = EDGE_CURVE('',#9392,#9425,#9427,.T.);
#9425 = VERTEX_POINT('',#9426);
#9426 = CARTESIAN_POINT('',(133.855,-61.972402,1.545));
#9427 = LINE('',#9428,#9429);
#9428 = CARTESIAN_POINT('',(133.855,-62.526402,1.545));
#9429 = VECTOR('',#9430,1.);
#9430 = DIRECTION('',(0.,1.,0.));
#9431 = ORIENTED_EDGE('',*,*,#9432,.F.);
#9432 = EDGE_CURVE('',#9433,#9425,#9435,.T.);
#9433 = VERTEX_POINT('',#9434);
#9434 = CARTESIAN_POINT('',(133.855,-61.972402,1.51));
#9435 = LINE('',#9436,#9437);
#9436 = CARTESIAN_POINT('',(133.855,-61.972402,1.51));
#9437 = VECTOR('',#9438,1.);
#9438 = DIRECTION('',(0.,0.,1.));
#9439 = ORIENTED_EDGE('',*,*,#9440,.F.);
#9440 = EDGE_CURVE('',#9401,#9433,#9441,.T.);
#9441 = LINE('',#9442,#9443);
#9442 = CARTESIAN_POINT('',(133.855,-62.526402,1.51));
#9443 = VECTOR('',#9444,1.);
#9444 = DIRECTION('',(0.,1.,0.));
#9445 = PLANE('',#9446);
#9446 = AXIS2_PLACEMENT_3D('',#9447,#9448,#9449);
#9447 = CARTESIAN_POINT('',(133.855,-62.526402,1.51));
#9448 = DIRECTION('',(-1.,0.,0.));
#9449 = DIRECTION('',(0.,1.,0.));
#9450 = ADVANCED_FACE('',(#9451),#9478,.T.);
#9451 = FACE_BOUND('',#9452,.T.);
#9452 = EDGE_LOOP('',(#9453,#9454,#9463,#9471));
#9453 = ORIENTED_EDGE('',*,*,#9432,.T.);
#9454 = ORIENTED_EDGE('',*,*,#9455,.T.);
#9455 = EDGE_CURVE('',#9425,#9456,#9458,.T.);
#9456 = VERTEX_POINT('',#9457);
#9457 = CARTESIAN_POINT('',(135.213,-60.614402,1.545));
#9458 = CIRCLE('',#9459,1.35800003022);
#9459 = AXIS2_PLACEMENT_3D('',#9460,#9461,#9462);
#9460 = CARTESIAN_POINT('',(135.21300003022,-61.97240203022,1.545));
#9461 = DIRECTION('',(0.,0.,-1.));
#9462 = DIRECTION('',(-1.,2.225355965142E-08,0.));
#9463 = ORIENTED_EDGE('',*,*,#9464,.F.);
#9464 = EDGE_CURVE('',#9465,#9456,#9467,.T.);
#9465 = VERTEX_POINT('',#9466);
#9466 = CARTESIAN_POINT('',(135.213,-60.614402,1.51));
#9467 = LINE('',#9468,#9469);
#9468 = CARTESIAN_POINT('',(135.213,-60.614402,1.51));
#9469 = VECTOR('',#9470,1.);
#9470 = DIRECTION('',(0.,0.,1.));
#9471 = ORIENTED_EDGE('',*,*,#9472,.F.);
#9472 = EDGE_CURVE('',#9433,#9465,#9473,.T.);
#9473 = CIRCLE('',#9474,1.35800003022);
#9474 = AXIS2_PLACEMENT_3D('',#9475,#9476,#9477);
#9475 = CARTESIAN_POINT('',(135.21300003022,-61.97240203022,1.51));
#9476 = DIRECTION('',(0.,0.,-1.));
#9477 = DIRECTION('',(-1.,2.225355965142E-08,0.));
#9478 = CYLINDRICAL_SURFACE('',#9479,1.35800003022);
#9479 = AXIS2_PLACEMENT_3D('',#9480,#9481,#9482);
#9480 = CARTESIAN_POINT('',(135.21300003022,-61.97240203022,1.51));
#9481 = DIRECTION('',(0.,0.,-1.));
#9482 = DIRECTION('',(-1.,2.225355965142E-08,0.));
#9483 = ADVANCED_FACE('',(#9484),#9509,.T.);
#9484 = FACE_BOUND('',#9485,.T.);
#9485 = EDGE_LOOP('',(#9486,#9487,#9495,#9503));
#9486 = ORIENTED_EDGE('',*,*,#9464,.T.);
#9487 = ORIENTED_EDGE('',*,*,#9488,.T.);
#9488 = EDGE_CURVE('',#9456,#9489,#9491,.T.);
#9489 = VERTEX_POINT('',#9490);
#9490 = CARTESIAN_POINT('',(159.821505,-60.614401,1.545));
#9491 = LINE('',#9492,#9493);
#9492 = CARTESIAN_POINT('',(135.213,-60.614402,1.545));
#9493 = VECTOR('',#9494,1.);
#9494 = DIRECTION('',(1.,4.06363571243E-08,0.));
#9495 = ORIENTED_EDGE('',*,*,#9496,.F.);
#9496 = EDGE_CURVE('',#9497,#9489,#9499,.T.);
#9497 = VERTEX_POINT('',#9498);
#9498 = CARTESIAN_POINT('',(159.821505,-60.614401,1.51));
#9499 = LINE('',#9500,#9501);
#9500 = CARTESIAN_POINT('',(159.821505,-60.614401,1.51));
#9501 = VECTOR('',#9502,1.);
#9502 = DIRECTION('',(0.,0.,1.));
#9503 = ORIENTED_EDGE('',*,*,#9504,.F.);
#9504 = EDGE_CURVE('',#9465,#9497,#9505,.T.);
#9505 = LINE('',#9506,#9507);
#9506 = CARTESIAN_POINT('',(135.213,-60.614402,1.51));
#9507 = VECTOR('',#9508,1.);
#9508 = DIRECTION('',(1.,4.06363571243E-08,0.));
#9509 = PLANE('',#9510);
#9510 = AXIS2_PLACEMENT_3D('',#9511,#9512,#9513);
#9511 = CARTESIAN_POINT('',(135.213,-60.614402,1.51));
#9512 = DIRECTION('',(-4.06363571243E-08,1.,0.));
#9513 = DIRECTION('',(1.,4.06363571243E-08,0.));
#9514 = ADVANCED_FACE('',(#9515),#9542,.F.);
#9515 = FACE_BOUND('',#9516,.T.);
#9516 = EDGE_LOOP('',(#9517,#9518,#9527,#9535));
#9517 = ORIENTED_EDGE('',*,*,#9496,.T.);
#9518 = ORIENTED_EDGE('',*,*,#9519,.T.);
#9519 = EDGE_CURVE('',#9489,#9520,#9522,.T.);
#9520 = VERTEX_POINT('',#9521);
#9521 = CARTESIAN_POINT('',(160.594999,-59.840907,1.545));
#9522 = CIRCLE('',#9523,0.862152239152);
#9523 = AXIS2_PLACEMENT_3D('',#9524,#9525,#9526);
#9524 = CARTESIAN_POINT('',(159.73699835308,-59.75640035308,1.545));
#9525 = DIRECTION('',(0.,0.,1.));
#9526 = DIRECTION('',(9.801824210963E-02,-0.995184618156,0.));
#9527 = ORIENTED_EDGE('',*,*,#9528,.F.);
#9528 = EDGE_CURVE('',#9529,#9520,#9531,.T.);
#9529 = VERTEX_POINT('',#9530);
#9530 = CARTESIAN_POINT('',(160.594999,-59.840907,1.51));
#9531 = LINE('',#9532,#9533);
#9532 = CARTESIAN_POINT('',(160.594999,-59.840907,1.51));
#9533 = VECTOR('',#9534,1.);
#9534 = DIRECTION('',(0.,0.,1.));
#9535 = ORIENTED_EDGE('',*,*,#9536,.F.);
#9536 = EDGE_CURVE('',#9497,#9529,#9537,.T.);
#9537 = CIRCLE('',#9538,0.862152239152);
#9538 = AXIS2_PLACEMENT_3D('',#9539,#9540,#9541);
#9539 = CARTESIAN_POINT('',(159.73699835308,-59.75640035308,1.51));
#9540 = DIRECTION('',(0.,0.,1.));
#9541 = DIRECTION('',(9.801824210963E-02,-0.995184618156,0.));
#9542 = CYLINDRICAL_SURFACE('',#9543,0.862152239152);
#9543 = AXIS2_PLACEMENT_3D('',#9544,#9545,#9546);
#9544 = CARTESIAN_POINT('',(159.73699835308,-59.75640035308,1.51));
#9545 = DIRECTION('',(-0.,-0.,-1.));
#9546 = DIRECTION('',(9.801824210963E-02,-0.995184618156,0.));
#9547 = ADVANCED_FACE('',(#9548),#9573,.T.);
#9548 = FACE_BOUND('',#9549,.T.);
#9549 = EDGE_LOOP('',(#9550,#9551,#9559,#9567));
#9550 = ORIENTED_EDGE('',*,*,#9528,.T.);
#9551 = ORIENTED_EDGE('',*,*,#9552,.T.);
#9552 = EDGE_CURVE('',#9520,#9553,#9555,.T.);
#9553 = VERTEX_POINT('',#9554);
#9554 = CARTESIAN_POINT('',(160.594999,-59.117897,1.545));
#9555 = LINE('',#9556,#9557);
#9556 = CARTESIAN_POINT('',(160.594999,-59.840907,1.545));
#9557 = VECTOR('',#9558,1.);
#9558 = DIRECTION('',(0.,1.,0.));
#9559 = ORIENTED_EDGE('',*,*,#9560,.F.);
#9560 = EDGE_CURVE('',#9561,#9553,#9563,.T.);
#9561 = VERTEX_POINT('',#9562);
#9562 = CARTESIAN_POINT('',(160.594999,-59.117897,1.51));
#9563 = LINE('',#9564,#9565);
#9564 = CARTESIAN_POINT('',(160.594999,-59.117897,1.51));
#9565 = VECTOR('',#9566,1.);
#9566 = DIRECTION('',(0.,0.,1.));
#9567 = ORIENTED_EDGE('',*,*,#9568,.F.);
#9568 = EDGE_CURVE('',#9529,#9561,#9569,.T.);
#9569 = LINE('',#9570,#9571);
#9570 = CARTESIAN_POINT('',(160.594999,-59.840907,1.51));
#9571 = VECTOR('',#9572,1.);
#9572 = DIRECTION('',(0.,1.,0.));
#9573 = PLANE('',#9574);
#9574 = AXIS2_PLACEMENT_3D('',#9575,#9576,#9577);
#9575 = CARTESIAN_POINT('',(160.594999,-59.840907,1.51));
#9576 = DIRECTION('',(-1.,0.,0.));
#9577 = DIRECTION('',(0.,1.,0.));
#9578 = ADVANCED_FACE('',(#9579),#9606,.F.);
#9579 = FACE_BOUND('',#9580,.T.);
#9580 = EDGE_LOOP('',(#9581,#9582,#9591,#9599));
#9581 = ORIENTED_EDGE('',*,*,#9560,.T.);
#9582 = ORIENTED_EDGE('',*,*,#9583,.T.);
#9583 = EDGE_CURVE('',#9553,#9584,#9586,.T.);
#9584 = VERTEX_POINT('',#9585);
#9585 = CARTESIAN_POINT('',(159.821505,-58.344403,1.545));
#9586 = CIRCLE('',#9587,0.862152239152);
#9587 = AXIS2_PLACEMENT_3D('',#9588,#9589,#9590);
#9588 = CARTESIAN_POINT('',(159.73699835308,-59.20240364691,1.545));
#9589 = DIRECTION('',(0.,0.,1.));
#9590 = DIRECTION('',(0.995184618156,9.801824210967E-02,-0.));
#9591 = ORIENTED_EDGE('',*,*,#9592,.F.);
#9592 = EDGE_CURVE('',#9593,#9584,#9595,.T.);
#9593 = VERTEX_POINT('',#9594);
#9594 = CARTESIAN_POINT('',(159.821505,-58.344403,1.51));
#9595 = LINE('',#9596,#9597);
#9596 = CARTESIAN_POINT('',(159.821505,-58.344403,1.51));
#9597 = VECTOR('',#9598,1.);
#9598 = DIRECTION('',(0.,0.,1.));
#9599 = ORIENTED_EDGE('',*,*,#9600,.F.);
#9600 = EDGE_CURVE('',#9561,#9593,#9601,.T.);
#9601 = CIRCLE('',#9602,0.862152239152);
#9602 = AXIS2_PLACEMENT_3D('',#9603,#9604,#9605);
#9603 = CARTESIAN_POINT('',(159.73699835308,-59.20240364691,1.51));
#9604 = DIRECTION('',(0.,0.,1.));
#9605 = DIRECTION('',(0.995184618156,9.801824210967E-02,-0.));
#9606 = CYLINDRICAL_SURFACE('',#9607,0.862152239152);
#9607 = AXIS2_PLACEMENT_3D('',#9608,#9609,#9610);
#9608 = CARTESIAN_POINT('',(159.73699835308,-59.20240364691,1.51));
#9609 = DIRECTION('',(-0.,-0.,-1.));
#9610 = DIRECTION('',(0.995184618156,9.801824210967E-02,-0.));
#9611 = ADVANCED_FACE('',(#9612),#9637,.T.);
#9612 = FACE_BOUND('',#9613,.T.);
#9613 = EDGE_LOOP('',(#9614,#9615,#9623,#9631));
#9614 = ORIENTED_EDGE('',*,*,#9592,.T.);
#9615 = ORIENTED_EDGE('',*,*,#9616,.T.);
#9616 = EDGE_CURVE('',#9584,#9617,#9619,.T.);
#9617 = VERTEX_POINT('',#9618);
#9618 = CARTESIAN_POINT('',(137.963,-58.344402,1.545));
#9619 = LINE('',#9620,#9621);
#9620 = CARTESIAN_POINT('',(159.821505,-58.344403,1.545));
#9621 = VECTOR('',#9622,1.);
#9622 = DIRECTION('',(-1.,4.574878279531E-08,0.));
#9623 = ORIENTED_EDGE('',*,*,#9624,.F.);
#9624 = EDGE_CURVE('',#9625,#9617,#9627,.T.);
#9625 = VERTEX_POINT('',#9626);
#9626 = CARTESIAN_POINT('',(137.963,-58.344402,1.51));
#9627 = LINE('',#9628,#9629);
#9628 = CARTESIAN_POINT('',(137.963,-58.344402,1.51));
#9629 = VECTOR('',#9630,1.);
#9630 = DIRECTION('',(0.,0.,1.));
#9631 = ORIENTED_EDGE('',*,*,#9632,.F.);
#9632 = EDGE_CURVE('',#9593,#9625,#9633,.T.);
#9633 = LINE('',#9634,#9635);
#9634 = CARTESIAN_POINT('',(159.821505,-58.344403,1.51));
#9635 = VECTOR('',#9636,1.);
#9636 = DIRECTION('',(-1.,4.574878279531E-08,0.));
#9637 = PLANE('',#9638);
#9638 = AXIS2_PLACEMENT_3D('',#9639,#9640,#9641);
#9639 = CARTESIAN_POINT('',(159.821505,-58.344403,1.51));
#9640 = DIRECTION('',(-4.574878279531E-08,-1.,0.));
#9641 = DIRECTION('',(-1.,4.574878279531E-08,0.));
#9642 = ADVANCED_FACE('',(#9643),#9670,.T.);
#9643 = FACE_BOUND('',#9644,.T.);
#9644 = EDGE_LOOP('',(#9645,#9646,#9655,#9663));
#9645 = ORIENTED_EDGE('',*,*,#9624,.T.);
#9646 = ORIENTED_EDGE('',*,*,#9647,.T.);
#9647 = EDGE_CURVE('',#9617,#9648,#9650,.T.);
#9648 = VERTEX_POINT('',#9649);
#9649 = CARTESIAN_POINT('',(136.605,-56.986402,1.545));
#9650 = CIRCLE('',#9651,1.35800003022);
#9651 = AXIS2_PLACEMENT_3D('',#9652,#9653,#9654);
#9652 = CARTESIAN_POINT('',(137.96300003022,-56.98640196978,1.545));
#9653 = DIRECTION('',(0.,0.,-1.));
#9654 = DIRECTION('',(-2.225354918688E-08,-1.,-0.));
#9655 = ORIENTED_EDGE('',*,*,#9656,.F.);
#9656 = EDGE_CURVE('',#9657,#9648,#9659,.T.);
#9657 = VERTEX_POINT('',#9658);
#9658 = CARTESIAN_POINT('',(136.605,-56.986402,1.51));
#9659 = LINE('',#9660,#9661);
#9660 = CARTESIAN_POINT('',(136.605,-56.986402,1.51));
#9661 = VECTOR('',#9662,1.);
#9662 = DIRECTION('',(0.,0.,1.));
#9663 = ORIENTED_EDGE('',*,*,#9664,.F.);
#9664 = EDGE_CURVE('',#9625,#9657,#9665,.T.);
#9665 = CIRCLE('',#9666,1.35800003022);
#9666 = AXIS2_PLACEMENT_3D('',#9667,#9668,#9669);
#9667 = CARTESIAN_POINT('',(137.96300003022,-56.98640196978,1.51));
#9668 = DIRECTION('',(0.,0.,-1.));
#9669 = DIRECTION('',(-2.225354918688E-08,-1.,-0.));
#9670 = CYLINDRICAL_SURFACE('',#9671,1.35800003022);
#9671 = AXIS2_PLACEMENT_3D('',#9672,#9673,#9674);
#9672 = CARTESIAN_POINT('',(137.96300003022,-56.98640196978,1.51));
#9673 = DIRECTION('',(0.,0.,-1.));
#9674 = DIRECTION('',(-2.225354918688E-08,-1.,-0.));
#9675 = ADVANCED_FACE('',(#9676),#9701,.T.);
#9676 = FACE_BOUND('',#9677,.T.);
#9677 = EDGE_LOOP('',(#9678,#9679,#9687,#9695));
#9678 = ORIENTED_EDGE('',*,*,#9656,.T.);
#9679 = ORIENTED_EDGE('',*,*,#9680,.T.);
#9680 = EDGE_CURVE('',#9648,#9681,#9683,.T.);
#9681 = VERTEX_POINT('',#9682);
#9682 = CARTESIAN_POINT('',(136.605,-56.432402,1.545));
#9683 = LINE('',#9684,#9685);
#9684 = CARTESIAN_POINT('',(136.605,-56.986402,1.545));
#9685 = VECTOR('',#9686,1.);
#9686 = DIRECTION('',(0.,1.,0.));
#9687 = ORIENTED_EDGE('',*,*,#9688,.F.);
#9688 = EDGE_CURVE('',#9689,#9681,#9691,.T.);
#9689 = VERTEX_POINT('',#9690);
#9690 = CARTESIAN_POINT('',(136.605,-56.432402,1.51));
#9691 = LINE('',#9692,#9693);
#9692 = CARTESIAN_POINT('',(136.605,-56.432402,1.51));
#9693 = VECTOR('',#9694,1.);
#9694 = DIRECTION('',(0.,0.,1.));
#9695 = ORIENTED_EDGE('',*,*,#9696,.F.);
#9696 = EDGE_CURVE('',#9657,#9689,#9697,.T.);
#9697 = LINE('',#9698,#9699);
#9698 = CARTESIAN_POINT('',(136.605,-56.986402,1.51));
#9699 = VECTOR('',#9700,1.);
#9700 = DIRECTION('',(0.,1.,0.));
#9701 = PLANE('',#9702);
#9702 = AXIS2_PLACEMENT_3D('',#9703,#9704,#9705);
#9703 = CARTESIAN_POINT('',(136.605,-56.986402,1.51));
#9704 = DIRECTION('',(-1.,0.,0.));
#9705 = DIRECTION('',(0.,1.,0.));
#9706 = ADVANCED_FACE('',(#9707),#9734,.T.);
#9707 = FACE_BOUND('',#9708,.T.);
#9708 = EDGE_LOOP('',(#9709,#9710,#9719,#9727));
#9709 = ORIENTED_EDGE('',*,*,#9688,.T.);
#9710 = ORIENTED_EDGE('',*,*,#9711,.T.);
#9711 = EDGE_CURVE('',#9681,#9712,#9714,.T.);
#9712 = VERTEX_POINT('',#9713);
#9713 = CARTESIAN_POINT('',(137.963,-55.074402,1.545));
#9714 = CIRCLE('',#9715,1.35800003022);
#9715 = AXIS2_PLACEMENT_3D('',#9716,#9717,#9718);
#9716 = CARTESIAN_POINT('',(137.96300003022,-56.43240203022,1.545));
#9717 = DIRECTION('',(0.,0.,-1.));
#9718 = DIRECTION('',(-1.,2.225354918688E-08,0.));
#9719 = ORIENTED_EDGE('',*,*,#9720,.F.);
#9720 = EDGE_CURVE('',#9721,#9712,#9723,.T.);
#9721 = VERTEX_POINT('',#9722);
#9722 = CARTESIAN_POINT('',(137.963,-55.074402,1.51));
#9723 = LINE('',#9724,#9725);
#9724 = CARTESIAN_POINT('',(137.963,-55.074402,1.51));
#9725 = VECTOR('',#9726,1.);
#9726 = DIRECTION('',(0.,0.,1.));
#9727 = ORIENTED_EDGE('',*,*,#9728,.F.);
#9728 = EDGE_CURVE('',#9689,#9721,#9729,.T.);
#9729 = CIRCLE('',#9730,1.35800003022);
#9730 = AXIS2_PLACEMENT_3D('',#9731,#9732,#9733);
#9731 = CARTESIAN_POINT('',(137.96300003022,-56.43240203022,1.51));
#9732 = DIRECTION('',(0.,0.,-1.));
#9733 = DIRECTION('',(-1.,2.225354918688E-08,0.));
#9734 = CYLINDRICAL_SURFACE('',#9735,1.35800003022);
#9735 = AXIS2_PLACEMENT_3D('',#9736,#9737,#9738);
#9736 = CARTESIAN_POINT('',(137.96300003022,-56.43240203022,1.51));
#9737 = DIRECTION('',(0.,0.,-1.));
#9738 = DIRECTION('',(-1.,2.225354918688E-08,0.));
#9739 = ADVANCED_FACE('',(#9740),#9765,.T.);
#9740 = FACE_BOUND('',#9741,.T.);
#9741 = EDGE_LOOP('',(#9742,#9743,#9751,#9759));
#9742 = ORIENTED_EDGE('',*,*,#9720,.T.);
#9743 = ORIENTED_EDGE('',*,*,#9744,.T.);
#9744 = EDGE_CURVE('',#9712,#9745,#9747,.T.);
#9745 = VERTEX_POINT('',#9746);
#9746 = CARTESIAN_POINT('',(154.751505,-55.074401,1.545));
#9747 = LINE('',#9748,#9749);
#9748 = CARTESIAN_POINT('',(137.963,-55.074402,1.545));
#9749 = VECTOR('',#9750,1.);
#9750 = DIRECTION('',(1.,5.956456500893E-08,0.));
#9751 = ORIENTED_EDGE('',*,*,#9752,.F.);
#9752 = EDGE_CURVE('',#9753,#9745,#9755,.T.);
#9753 = VERTEX_POINT('',#9754);
#9754 = CARTESIAN_POINT('',(154.751505,-55.074401,1.51));
#9755 = LINE('',#9756,#9757);
#9756 = CARTESIAN_POINT('',(154.751505,-55.074401,1.51));
#9757 = VECTOR('',#9758,1.);
#9758 = DIRECTION('',(0.,0.,1.));
#9759 = ORIENTED_EDGE('',*,*,#9760,.F.);
#9760 = EDGE_CURVE('',#9721,#9753,#9761,.T.);
#9761 = LINE('',#9762,#9763);
#9762 = CARTESIAN_POINT('',(137.963,-55.074402,1.51));
#9763 = VECTOR('',#9764,1.);
#9764 = DIRECTION('',(1.,5.956456500893E-08,0.));
#9765 = PLANE('',#9766);
#9766 = AXIS2_PLACEMENT_3D('',#9767,#9768,#9769);
#9767 = CARTESIAN_POINT('',(137.963,-55.074402,1.51));
#9768 = DIRECTION('',(-5.956456500893E-08,1.,0.));
#9769 = DIRECTION('',(1.,5.956456500893E-08,0.));
#9770 = ADVANCED_FACE('',(#9771),#9798,.F.);
#9771 = FACE_BOUND('',#9772,.T.);
#9772 = EDGE_LOOP('',(#9773,#9774,#9783,#9791));
#9773 = ORIENTED_EDGE('',*,*,#9752,.T.);
#9774 = ORIENTED_EDGE('',*,*,#9775,.T.);
#9775 = EDGE_CURVE('',#9745,#9776,#9778,.T.);
#9776 = VERTEX_POINT('',#9777);
#9777 = CARTESIAN_POINT('',(155.524999,-54.300907,1.545));
#9778 = CIRCLE('',#9779,0.862152239152);
#9779 = AXIS2_PLACEMENT_3D('',#9780,#9781,#9782);
#9780 = CARTESIAN_POINT('',(154.66699835308,-54.21640035308,1.545));
#9781 = DIRECTION('',(0.,0.,1.));
#9782 = DIRECTION('',(9.801824210966E-02,-0.995184618156,0.));
#9783 = ORIENTED_EDGE('',*,*,#9784,.F.);
#9784 = EDGE_CURVE('',#9785,#9776,#9787,.T.);
#9785 = VERTEX_POINT('',#9786);
#9786 = CARTESIAN_POINT('',(155.524999,-54.300907,1.51));
#9787 = LINE('',#9788,#9789);
#9788 = CARTESIAN_POINT('',(155.524999,-54.300907,1.51));
#9789 = VECTOR('',#9790,1.);
#9790 = DIRECTION('',(0.,0.,1.));
#9791 = ORIENTED_EDGE('',*,*,#9792,.F.);
#9792 = EDGE_CURVE('',#9753,#9785,#9793,.T.);
#9793 = CIRCLE('',#9794,0.862152239152);
#9794 = AXIS2_PLACEMENT_3D('',#9795,#9796,#9797);
#9795 = CARTESIAN_POINT('',(154.66699835308,-54.21640035308,1.51));
#9796 = DIRECTION('',(0.,0.,1.));
#9797 = DIRECTION('',(9.801824210966E-02,-0.995184618156,0.));
#9798 = CYLINDRICAL_SURFACE('',#9799,0.862152239152);
#9799 = AXIS2_PLACEMENT_3D('',#9800,#9801,#9802);
#9800 = CARTESIAN_POINT('',(154.66699835308,-54.21640035308,1.51));
#9801 = DIRECTION('',(-0.,-0.,-1.));
#9802 = DIRECTION('',(9.801824210966E-02,-0.995184618156,0.));
#9803 = ADVANCED_FACE('',(#9804),#9829,.T.);
#9804 = FACE_BOUND('',#9805,.T.);
#9805 = EDGE_LOOP('',(#9806,#9807,#9815,#9823));
#9806 = ORIENTED_EDGE('',*,*,#9784,.T.);
#9807 = ORIENTED_EDGE('',*,*,#9808,.T.);
#9808 = EDGE_CURVE('',#9776,#9809,#9811,.T.);
#9809 = VERTEX_POINT('',#9810);
#9810 = CARTESIAN_POINT('',(155.525,-52.378554,1.545));
#9811 = LINE('',#9812,#9813);
#9812 = CARTESIAN_POINT('',(155.524999,-54.300907,1.545));
#9813 = VECTOR('',#9814,1.);
#9814 = DIRECTION('',(5.20195821202E-07,1.,0.));
#9815 = ORIENTED_EDGE('',*,*,#9816,.F.);
#9816 = EDGE_CURVE('',#9817,#9809,#9819,.T.);
#9817 = VERTEX_POINT('',#9818);
#9818 = CARTESIAN_POINT('',(155.525,-52.378554,1.51));
#9819 = LINE('',#9820,#9821);
#9820 = CARTESIAN_POINT('',(155.525,-52.378554,1.51));
#9821 = VECTOR('',#9822,1.);
#9822 = DIRECTION('',(0.,0.,1.));
#9823 = ORIENTED_EDGE('',*,*,#9824,.F.);
#9824 = EDGE_CURVE('',#9785,#9817,#9825,.T.);
#9825 = LINE('',#9826,#9827);
#9826 = CARTESIAN_POINT('',(155.524999,-54.300907,1.51));
#9827 = VECTOR('',#9828,1.);
#9828 = DIRECTION('',(5.20195821202E-07,1.,0.));
#9829 = PLANE('',#9830);
#9830 = AXIS2_PLACEMENT_3D('',#9831,#9832,#9833);
#9831 = CARTESIAN_POINT('',(155.524999,-54.300907,1.51));
#9832 = DIRECTION('',(-1.,5.20195821202E-07,0.));
#9833 = DIRECTION('',(5.20195821202E-07,1.,0.));
#9834 = ADVANCED_FACE('',(#9835),#9860,.T.);
#9835 = FACE_BOUND('',#9836,.T.);
#9836 = EDGE_LOOP('',(#9837,#9838,#9846,#9854));
#9837 = ORIENTED_EDGE('',*,*,#9816,.T.);
#9838 = ORIENTED_EDGE('',*,*,#9839,.T.);
#9839 = EDGE_CURVE('',#9809,#9840,#9842,.T.);
#9840 = VERTEX_POINT('',#9841);
#9841 = CARTESIAN_POINT('',(155.371446,-52.225,1.545));
#9842 = LINE('',#9843,#9844);
#9843 = CARTESIAN_POINT('',(155.525,-52.378554,1.545));
#9844 = VECTOR('',#9845,1.);
#9845 = DIRECTION('',(-0.707106781187,0.707106781187,0.));
#9846 = ORIENTED_EDGE('',*,*,#9847,.F.);
#9847 = EDGE_CURVE('',#9848,#9840,#9850,.T.);
#9848 = VERTEX_POINT('',#9849);
#9849 = CARTESIAN_POINT('',(155.371446,-52.225,1.51));
#9850 = LINE('',#9851,#9852);
#9851 = CARTESIAN_POINT('',(155.371446,-52.225,1.51));
#9852 = VECTOR('',#9853,1.);
#9853 = DIRECTION('',(0.,0.,1.));
#9854 = ORIENTED_EDGE('',*,*,#9855,.F.);
#9855 = EDGE_CURVE('',#9817,#9848,#9856,.T.);
#9856 = LINE('',#9857,#9858);
#9857 = CARTESIAN_POINT('',(155.525,-52.378554,1.51));
#9858 = VECTOR('',#9859,1.);
#9859 = DIRECTION('',(-0.707106781187,0.707106781187,0.));
#9860 = PLANE('',#9861);
#9861 = AXIS2_PLACEMENT_3D('',#9862,#9863,#9864);
#9862 = CARTESIAN_POINT('',(155.525,-52.378554,1.51));
#9863 = DIRECTION('',(-0.707106781187,-0.707106781187,0.));
#9864 = DIRECTION('',(-0.707106781187,0.707106781187,0.));
#9865 = ADVANCED_FACE('',(#9866),#9891,.T.);
#9866 = FACE_BOUND('',#9867,.T.);
#9867 = EDGE_LOOP('',(#9868,#9869,#9877,#9885));
#9868 = ORIENTED_EDGE('',*,*,#9847,.T.);
#9869 = ORIENTED_EDGE('',*,*,#9870,.T.);
#9870 = EDGE_CURVE('',#9840,#9871,#9873,.T.);
#9871 = VERTEX_POINT('',#9872);
#9872 = CARTESIAN_POINT('',(139.253553,-52.225,1.545));
#9873 = LINE('',#9874,#9875);
#9874 = CARTESIAN_POINT('',(155.371446,-52.225,1.545));
#9875 = VECTOR('',#9876,1.);
#9876 = DIRECTION('',(-1.,0.,0.));
#9877 = ORIENTED_EDGE('',*,*,#9878,.F.);
#9878 = EDGE_CURVE('',#9879,#9871,#9881,.T.);
#9879 = VERTEX_POINT('',#9880);
#9880 = CARTESIAN_POINT('',(139.253553,-52.225,1.51));
#9881 = LINE('',#9882,#9883);
#9882 = CARTESIAN_POINT('',(139.253553,-52.225,1.51));
#9883 = VECTOR('',#9884,1.);
#9884 = DIRECTION('',(0.,0.,1.));
#9885 = ORIENTED_EDGE('',*,*,#9886,.F.);
#9886 = EDGE_CURVE('',#9848,#9879,#9887,.T.);
#9887 = LINE('',#9888,#9889);
#9888 = CARTESIAN_POINT('',(155.371446,-52.225,1.51));
#9889 = VECTOR('',#9890,1.);
#9890 = DIRECTION('',(-1.,0.,0.));
#9891 = PLANE('',#9892);
#9892 = AXIS2_PLACEMENT_3D('',#9893,#9894,#9895);
#9893 = CARTESIAN_POINT('',(155.371446,-52.225,1.51));
#9894 = DIRECTION('',(0.,-1.,0.));
#9895 = DIRECTION('',(-1.,0.,0.));
#9896 = ADVANCED_FACE('',(#9897),#9922,.T.);
#9897 = FACE_BOUND('',#9898,.T.);
#9898 = EDGE_LOOP('',(#9899,#9900,#9908,#9916));
#9899 = ORIENTED_EDGE('',*,*,#9878,.T.);
#9900 = ORIENTED_EDGE('',*,*,#9901,.T.);
#9901 = EDGE_CURVE('',#9871,#9902,#9904,.T.);
#9902 = VERTEX_POINT('',#9903);
#9903 = CARTESIAN_POINT('',(133.352643,-58.12591,1.545));
#9904 = LINE('',#9905,#9906);
#9905 = CARTESIAN_POINT('',(139.253553,-52.225,1.545));
#9906 = VECTOR('',#9907,1.);
#9907 = DIRECTION('',(-0.707106781187,-0.707106781187,0.));
#9908 = ORIENTED_EDGE('',*,*,#9909,.F.);
#9909 = EDGE_CURVE('',#9910,#9902,#9912,.T.);
#9910 = VERTEX_POINT('',#9911);
#9911 = CARTESIAN_POINT('',(133.352643,-58.12591,1.51));
#9912 = LINE('',#9913,#9914);
#9913 = CARTESIAN_POINT('',(133.352643,-58.12591,1.51));
#9914 = VECTOR('',#9915,1.);
#9915 = DIRECTION('',(0.,0.,1.));
#9916 = ORIENTED_EDGE('',*,*,#9917,.F.);
#9917 = EDGE_CURVE('',#9879,#9910,#9918,.T.);
#9918 = LINE('',#9919,#9920);
#9919 = CARTESIAN_POINT('',(139.253553,-52.225,1.51));
#9920 = VECTOR('',#9921,1.);
#9921 = DIRECTION('',(-0.707106781187,-0.707106781187,0.));
#9922 = PLANE('',#9923);
#9923 = AXIS2_PLACEMENT_3D('',#9924,#9925,#9926);
#9924 = CARTESIAN_POINT('',(139.253553,-52.225,1.51));
#9925 = DIRECTION('',(0.707106781187,-0.707106781187,0.));
#9926 = DIRECTION('',(-0.707106781187,-0.707106781187,0.));
#9927 = ADVANCED_FACE('',(#9928),#9953,.T.);
#9928 = FACE_BOUND('',#9929,.T.);
#9929 = EDGE_LOOP('',(#9930,#9931,#9939,#9947));
#9930 = ORIENTED_EDGE('',*,*,#9909,.T.);
#9931 = ORIENTED_EDGE('',*,*,#9932,.T.);
#9932 = EDGE_CURVE('',#9902,#9933,#9935,.T.);
#9933 = VERTEX_POINT('',#9934);
#9934 = CARTESIAN_POINT('',(133.352643,-129.774089,1.545));
#9935 = LINE('',#9936,#9937);
#9936 = CARTESIAN_POINT('',(133.352643,-58.12591,1.545));
#9937 = VECTOR('',#9938,1.);
#9938 = DIRECTION('',(0.,-1.,0.));
#9939 = ORIENTED_EDGE('',*,*,#9940,.F.);
#9940 = EDGE_CURVE('',#9941,#9933,#9943,.T.);
#9941 = VERTEX_POINT('',#9942);
#9942 = CARTESIAN_POINT('',(133.352643,-129.774089,1.51));
#9943 = LINE('',#9944,#9945);
#9944 = CARTESIAN_POINT('',(133.352643,-129.774089,1.51));
#9945 = VECTOR('',#9946,1.);
#9946 = DIRECTION('',(0.,0.,1.));
#9947 = ORIENTED_EDGE('',*,*,#9948,.F.);
#9948 = EDGE_CURVE('',#9910,#9941,#9949,.T.);
#9949 = LINE('',#9950,#9951);
#9950 = CARTESIAN_POINT('',(133.352643,-58.12591,1.51));
#9951 = VECTOR('',#9952,1.);
#9952 = DIRECTION('',(0.,-1.,0.));
#9953 = PLANE('',#9954);
#9954 = AXIS2_PLACEMENT_3D('',#9955,#9956,#9957);
#9955 = CARTESIAN_POINT('',(133.352643,-58.12591,1.51));
#9956 = DIRECTION('',(1.,0.,-0.));
#9957 = DIRECTION('',(0.,-1.,0.));
#9958 = ADVANCED_FACE('',(#9959),#9984,.T.);
#9959 = FACE_BOUND('',#9960,.T.);
#9960 = EDGE_LOOP('',(#9961,#9962,#9970,#9978));
#9961 = ORIENTED_EDGE('',*,*,#9940,.T.);
#9962 = ORIENTED_EDGE('',*,*,#9963,.T.);
#9963 = EDGE_CURVE('',#9933,#9964,#9966,.T.);
#9964 = VERTEX_POINT('',#9965);
#9965 = CARTESIAN_POINT('',(138.828553,-135.25,1.545));
#9966 = LINE('',#9967,#9968);
#9967 = CARTESIAN_POINT('',(133.352643,-129.774089,1.545));
#9968 = VECTOR('',#9969,1.);
#9969 = DIRECTION('',(0.707106716621,-0.707106845752,0.));
#9970 = ORIENTED_EDGE('',*,*,#9971,.F.);
#9971 = EDGE_CURVE('',#9972,#9964,#9974,.T.);
#9972 = VERTEX_POINT('',#9973);
#9973 = CARTESIAN_POINT('',(138.828553,-135.25,1.51));
#9974 = LINE('',#9975,#9976);
#9975 = CARTESIAN_POINT('',(138.828553,-135.25,1.51));
#9976 = VECTOR('',#9977,1.);
#9977 = DIRECTION('',(0.,0.,1.));
#9978 = ORIENTED_EDGE('',*,*,#9979,.F.);
#9979 = EDGE_CURVE('',#9941,#9972,#9980,.T.);
#9980 = LINE('',#9981,#9982);
#9981 = CARTESIAN_POINT('',(133.352643,-129.774089,1.51));
#9982 = VECTOR('',#9983,1.);
#9983 = DIRECTION('',(0.707106716621,-0.707106845752,0.));
#9984 = PLANE('',#9985);
#9985 = AXIS2_PLACEMENT_3D('',#9986,#9987,#9988);
#9986 = CARTESIAN_POINT('',(133.352643,-129.774089,1.51));
#9987 = DIRECTION('',(0.707106845752,0.707106716621,-0.));
#9988 = DIRECTION('',(0.707106716621,-0.707106845752,0.));
#9989 = ADVANCED_FACE('',(#9990),#10015,.T.);
#9990 = FACE_BOUND('',#9991,.T.);
#9991 = EDGE_LOOP('',(#9992,#9993,#10001,#10009));
#9992 = ORIENTED_EDGE('',*,*,#9971,.T.);
#9993 = ORIENTED_EDGE('',*,*,#9994,.T.);
#9994 = EDGE_CURVE('',#9964,#9995,#9997,.T.);
#9995 = VERTEX_POINT('',#9996);
#9996 = CARTESIAN_POINT('',(145.163144,-135.25,1.545));
#9997 = LINE('',#9998,#9999);
#9998 = CARTESIAN_POINT('',(138.828553,-135.25,1.545));
#9999 = VECTOR('',#10000,1.);
#10000 = DIRECTION('',(1.,0.,0.));
#10001 = ORIENTED_EDGE('',*,*,#10002,.F.);
#10002 = EDGE_CURVE('',#10003,#9995,#10005,.T.);
#10003 = VERTEX_POINT('',#10004);
#10004 = CARTESIAN_POINT('',(145.163144,-135.25,1.51));
#10005 = LINE('',#10006,#10007);
#10006 = CARTESIAN_POINT('',(145.163144,-135.25,1.51));
#10007 = VECTOR('',#10008,1.);
#10008 = DIRECTION('',(0.,0.,1.));
#10009 = ORIENTED_EDGE('',*,*,#10010,.F.);
#10010 = EDGE_CURVE('',#9972,#10003,#10011,.T.);
#10011 = LINE('',#10012,#10013);
#10012 = CARTESIAN_POINT('',(138.828553,-135.25,1.51));
#10013 = VECTOR('',#10014,1.);
#10014 = DIRECTION('',(1.,0.,0.));
#10015 = PLANE('',#10016);
#10016 = AXIS2_PLACEMENT_3D('',#10017,#10018,#10019);
#10017 = CARTESIAN_POINT('',(138.828553,-135.25,1.51));
#10018 = DIRECTION('',(0.,1.,0.));
#10019 = DIRECTION('',(1.,0.,0.));
#10020 = ADVANCED_FACE('',(#10021),#10046,.T.);
#10021 = FACE_BOUND('',#10022,.T.);
#10022 = EDGE_LOOP('',(#10023,#10024,#10032,#10040));
#10023 = ORIENTED_EDGE('',*,*,#10002,.T.);
#10024 = ORIENTED_EDGE('',*,*,#10025,.T.);
#10025 = EDGE_CURVE('',#9995,#10026,#10028,.T.);
#10026 = VERTEX_POINT('',#10027);
#10027 = CARTESIAN_POINT('',(145.125048,-135.271995,1.545));
#10028 = LINE('',#10029,#10030);
#10029 = CARTESIAN_POINT('',(145.163144,-135.25,1.545));
#10030 = VECTOR('',#10031,1.);
#10031 = DIRECTION('',(-0.866022803656,-0.500004503528,0.));
#10032 = ORIENTED_EDGE('',*,*,#10033,.F.);
#10033 = EDGE_CURVE('',#10034,#10026,#10036,.T.);
#10034 = VERTEX_POINT('',#10035);
#10035 = CARTESIAN_POINT('',(145.125048,-135.271995,1.51));
#10036 = LINE('',#10037,#10038);
#10037 = CARTESIAN_POINT('',(145.125048,-135.271995,1.51));
#10038 = VECTOR('',#10039,1.);
#10039 = DIRECTION('',(0.,0.,1.));
#10040 = ORIENTED_EDGE('',*,*,#10041,.F.);
#10041 = EDGE_CURVE('',#10003,#10034,#10042,.T.);
#10042 = LINE('',#10043,#10044);
#10043 = CARTESIAN_POINT('',(145.163144,-135.25,1.51));
#10044 = VECTOR('',#10045,1.);
#10045 = DIRECTION('',(-0.866022803656,-0.500004503528,0.));
#10046 = PLANE('',#10047);
#10047 = AXIS2_PLACEMENT_3D('',#10048,#10049,#10050);
#10048 = CARTESIAN_POINT('',(145.163144,-135.25,1.51));
#10049 = DIRECTION('',(0.500004503528,-0.866022803656,0.));
#10050 = DIRECTION('',(-0.866022803656,-0.500004503528,0.));
#10051 = ADVANCED_FACE('',(#10052),#10079,.F.);
#10052 = FACE_BOUND('',#10053,.T.);
#10053 = EDGE_LOOP('',(#10054,#10055,#10064,#10072));
#10054 = ORIENTED_EDGE('',*,*,#10033,.T.);
#10055 = ORIENTED_EDGE('',*,*,#10056,.T.);
#10056 = EDGE_CURVE('',#10026,#10057,#10059,.T.);
#10057 = VERTEX_POINT('',#10058);
#10058 = CARTESIAN_POINT('',(145.125048,-135.728004,1.545));
#10059 = CIRCLE('',#10060,0.28739285913);
#10060 = AXIS2_PLACEMENT_3D('',#10061,#10062,#10063);
#10061 = CARTESIAN_POINT('',(145.30000114646,-135.4999995,1.545));
#10062 = DIRECTION('',(0.,0.,1.));
#10063 = DIRECTION('',(-0.608759546066,0.793354785121,0.));
#10064 = ORIENTED_EDGE('',*,*,#10065,.F.);
#10065 = EDGE_CURVE('',#10066,#10057,#10068,.T.);
#10066 = VERTEX_POINT('',#10067);
#10067 = CARTESIAN_POINT('',(145.125048,-135.728004,1.51));
#10068 = LINE('',#10069,#10070);
#10069 = CARTESIAN_POINT('',(145.125048,-135.728004,1.51));
#10070 = VECTOR('',#10071,1.);
#10071 = DIRECTION('',(0.,0.,1.));
#10072 = ORIENTED_EDGE('',*,*,#10073,.F.);
#10073 = EDGE_CURVE('',#10034,#10066,#10074,.T.);
#10074 = CIRCLE('',#10075,0.28739285913);
#10075 = AXIS2_PLACEMENT_3D('',#10076,#10077,#10078);
#10076 = CARTESIAN_POINT('',(145.30000114646,-135.4999995,1.51));
#10077 = DIRECTION('',(0.,0.,1.));
#10078 = DIRECTION('',(-0.608759546066,0.793354785121,0.));
#10079 = CYLINDRICAL_SURFACE('',#10080,0.28739285913);
#10080 = AXIS2_PLACEMENT_3D('',#10081,#10082,#10083);
#10081 = CARTESIAN_POINT('',(145.30000114646,-135.4999995,1.51));
#10082 = DIRECTION('',(-0.,-0.,-1.));
#10083 = DIRECTION('',(-0.608759546066,0.793354785121,0.));
#10084 = ADVANCED_FACE('',(#10085),#10110,.T.);
#10085 = FACE_BOUND('',#10086,.T.);
#10086 = EDGE_LOOP('',(#10087,#10088,#10096,#10104));
#10087 = ORIENTED_EDGE('',*,*,#10065,.T.);
#10088 = ORIENTED_EDGE('',*,*,#10089,.T.);
#10089 = EDGE_CURVE('',#10057,#10090,#10092,.T.);
#10090 = VERTEX_POINT('',#10091);
#10091 = CARTESIAN_POINT('',(145.163146,-135.75,1.545));
#10092 = LINE('',#10093,#10094);
#10093 = CARTESIAN_POINT('',(145.125048,-135.728004,1.545));
#10094 = VECTOR('',#10095,1.);
#10095 = DIRECTION('',(0.866024326519,-0.500001865875,0.));
#10096 = ORIENTED_EDGE('',*,*,#10097,.F.);
#10097 = EDGE_CURVE('',#10098,#10090,#10100,.T.);
#10098 = VERTEX_POINT('',#10099);
#10099 = CARTESIAN_POINT('',(145.163146,-135.75,1.51));
#10100 = LINE('',#10101,#10102);
#10101 = CARTESIAN_POINT('',(145.163146,-135.75,1.51));
#10102 = VECTOR('',#10103,1.);
#10103 = DIRECTION('',(0.,0.,1.));
#10104 = ORIENTED_EDGE('',*,*,#10105,.F.);
#10105 = EDGE_CURVE('',#10066,#10098,#10106,.T.);
#10106 = LINE('',#10107,#10108);
#10107 = CARTESIAN_POINT('',(145.125048,-135.728004,1.51));
#10108 = VECTOR('',#10109,1.);
#10109 = DIRECTION('',(0.866024326519,-0.500001865875,0.));
#10110 = PLANE('',#10111);
#10111 = AXIS2_PLACEMENT_3D('',#10112,#10113,#10114);
#10112 = CARTESIAN_POINT('',(145.125048,-135.728004,1.51));
#10113 = DIRECTION('',(0.500001865875,0.866024326519,-0.));
#10114 = DIRECTION('',(0.866024326519,-0.500001865875,0.));
#10115 = ADVANCED_FACE('',(#10116),#10141,.T.);
#10116 = FACE_BOUND('',#10117,.T.);
#10117 = EDGE_LOOP('',(#10118,#10119,#10127,#10135));
#10118 = ORIENTED_EDGE('',*,*,#10097,.T.);
#10119 = ORIENTED_EDGE('',*,*,#10120,.T.);
#10120 = EDGE_CURVE('',#10090,#10121,#10123,.T.);
#10121 = VERTEX_POINT('',#10122);
#10122 = CARTESIAN_POINT('',(138.725,-135.75,1.545));
#10123 = LINE('',#10124,#10125);
#10124 = CARTESIAN_POINT('',(145.163146,-135.75,1.545));
#10125 = VECTOR('',#10126,1.);
#10126 = DIRECTION('',(-1.,0.,0.));
#10127 = ORIENTED_EDGE('',*,*,#10128,.F.);
#10128 = EDGE_CURVE('',#10129,#10121,#10131,.T.);
#10129 = VERTEX_POINT('',#10130);
#10130 = CARTESIAN_POINT('',(138.725,-135.75,1.51));
#10131 = LINE('',#10132,#10133);
#10132 = CARTESIAN_POINT('',(138.725,-135.75,1.51));
#10133 = VECTOR('',#10134,1.);
#10134 = DIRECTION('',(0.,0.,1.));
#10135 = ORIENTED_EDGE('',*,*,#10136,.F.);
#10136 = EDGE_CURVE('',#10098,#10129,#10137,.T.);
#10137 = LINE('',#10138,#10139);
#10138 = CARTESIAN_POINT('',(145.163146,-135.75,1.51));
#10139 = VECTOR('',#10140,1.);
#10140 = DIRECTION('',(-1.,0.,0.));
#10141 = PLANE('',#10142);
#10142 = AXIS2_PLACEMENT_3D('',#10143,#10144,#10145);
#10143 = CARTESIAN_POINT('',(145.163146,-135.75,1.51));
#10144 = DIRECTION('',(0.,-1.,0.));
#10145 = DIRECTION('',(-1.,0.,0.));
#10146 = ADVANCED_FACE('',(#10147),#10174,.T.);
#10147 = FACE_BOUND('',#10148,.T.);
#10148 = EDGE_LOOP('',(#10149,#10150,#10159,#10167));
#10149 = ORIENTED_EDGE('',*,*,#10128,.T.);
#10150 = ORIENTED_EDGE('',*,*,#10151,.T.);
#10151 = EDGE_CURVE('',#10121,#10152,#10154,.T.);
#10152 = VERTEX_POINT('',#10153);
#10153 = CARTESIAN_POINT('',(138.548224,-135.676777,1.545));
#10154 = CIRCLE('',#10155,0.249989775579);
#10155 = AXIS2_PLACEMENT_3D('',#10156,#10157,#10158);
#10156 = CARTESIAN_POINT('',(138.72499615548,-135.5000102244,1.545));
#10157 = DIRECTION('',(0.,0.,-1.));
#10158 = DIRECTION('',(1.537867641701E-05,-0.999999999882,0.));
#10159 = ORIENTED_EDGE('',*,*,#10160,.F.);
#10160 = EDGE_CURVE('',#10161,#10152,#10163,.T.);
#10161 = VERTEX_POINT('',#10162);
#10162 = CARTESIAN_POINT('',(138.548224,-135.676777,1.51));
#10163 = LINE('',#10164,#10165);
#10164 = CARTESIAN_POINT('',(138.548224,-135.676777,1.51));
#10165 = VECTOR('',#10166,1.);
#10166 = DIRECTION('',(0.,0.,1.));
#10167 = ORIENTED_EDGE('',*,*,#10168,.F.);
#10168 = EDGE_CURVE('',#10129,#10161,#10169,.T.);
#10169 = CIRCLE('',#10170,0.249989775579);
#10170 = AXIS2_PLACEMENT_3D('',#10171,#10172,#10173);
#10171 = CARTESIAN_POINT('',(138.72499615548,-135.5000102244,1.51));
#10172 = DIRECTION('',(0.,0.,-1.));
#10173 = DIRECTION('',(1.537867641701E-05,-0.999999999882,0.));
#10174 = CYLINDRICAL_SURFACE('',#10175,0.249989775579);
#10175 = AXIS2_PLACEMENT_3D('',#10176,#10177,#10178);
#10176 = CARTESIAN_POINT('',(138.72499615548,-135.5000102244,1.51));
#10177 = DIRECTION('',(0.,0.,-1.));
#10178 = DIRECTION('',(1.537867641701E-05,-0.999999999882,0.));
#10179 = ADVANCED_FACE('',(#10180),#10205,.T.);
#10180 = FACE_BOUND('',#10181,.T.);
#10181 = EDGE_LOOP('',(#10182,#10183,#10191,#10199));
#10182 = ORIENTED_EDGE('',*,*,#10160,.T.);
#10183 = ORIENTED_EDGE('',*,*,#10184,.T.);
#10184 = EDGE_CURVE('',#10152,#10185,#10187,.T.);
#10185 = VERTEX_POINT('',#10186);
#10186 = CARTESIAN_POINT('',(132.925866,-130.05442,1.545));
#10187 = LINE('',#10188,#10189);
#10188 = CARTESIAN_POINT('',(138.548224,-135.676777,1.545));
#10189 = VECTOR('',#10190,1.);
#10190 = DIRECTION('',(-0.70710684407,0.707106718303,0.));
#10191 = ORIENTED_EDGE('',*,*,#10192,.F.);
#10192 = EDGE_CURVE('',#10193,#10185,#10195,.T.);
#10193 = VERTEX_POINT('',#10194);
#10194 = CARTESIAN_POINT('',(132.925866,-130.05442,1.51));
#10195 = LINE('',#10196,#10197);
#10196 = CARTESIAN_POINT('',(132.925866,-130.05442,1.51));
#10197 = VECTOR('',#10198,1.);
#10198 = DIRECTION('',(0.,0.,1.));
#10199 = ORIENTED_EDGE('',*,*,#10200,.F.);
#10200 = EDGE_CURVE('',#10161,#10193,#10201,.T.);
#10201 = LINE('',#10202,#10203);
#10202 = CARTESIAN_POINT('',(138.548224,-135.676777,1.51));
#10203 = VECTOR('',#10204,1.);
#10204 = DIRECTION('',(-0.70710684407,0.707106718303,0.));
#10205 = PLANE('',#10206);
#10206 = AXIS2_PLACEMENT_3D('',#10207,#10208,#10209);
#10207 = CARTESIAN_POINT('',(138.548224,-135.676777,1.51));
#10208 = DIRECTION('',(-0.707106718303,-0.70710684407,0.));
#10209 = DIRECTION('',(-0.70710684407,0.707106718303,0.));
#10210 = ADVANCED_FACE('',(#10211),#10238,.T.);
#10211 = FACE_BOUND('',#10212,.T.);
#10212 = EDGE_LOOP('',(#10213,#10214,#10223,#10231));
#10213 = ORIENTED_EDGE('',*,*,#10192,.T.);
#10214 = ORIENTED_EDGE('',*,*,#10215,.T.);
#10215 = EDGE_CURVE('',#10185,#10216,#10218,.T.);
#10216 = VERTEX_POINT('',#10217);
#10217 = CARTESIAN_POINT('',(132.852643,-129.877643,1.545));
#10218 = CIRCLE('',#10219,0.25000695371);
#10219 = AXIS2_PLACEMENT_3D('',#10220,#10221,#10222);
#10220 = CARTESIAN_POINT('',(133.1026499537,-129.8776407291,1.545));
#10221 = DIRECTION('',(0.,0.,-1.));
#10222 = DIRECTION('',(-0.707116146477,-0.707097415772,-0.));
#10223 = ORIENTED_EDGE('',*,*,#10224,.F.);
#10224 = EDGE_CURVE('',#10225,#10216,#10227,.T.);
#10225 = VERTEX_POINT('',#10226);
#10226 = CARTESIAN_POINT('',(132.852643,-129.877643,1.51));
#10227 = LINE('',#10228,#10229);
#10228 = CARTESIAN_POINT('',(132.852643,-129.877643,1.51));
#10229 = VECTOR('',#10230,1.);
#10230 = DIRECTION('',(0.,0.,1.));
#10231 = ORIENTED_EDGE('',*,*,#10232,.F.);
#10232 = EDGE_CURVE('',#10193,#10225,#10233,.T.);
#10233 = CIRCLE('',#10234,0.25000695371);
#10234 = AXIS2_PLACEMENT_3D('',#10235,#10236,#10237);
#10235 = CARTESIAN_POINT('',(133.1026499537,-129.8776407291,1.51));
#10236 = DIRECTION('',(0.,0.,-1.));
#10237 = DIRECTION('',(-0.707116146477,-0.707097415772,-0.));
#10238 = CYLINDRICAL_SURFACE('',#10239,0.25000695371);
#10239 = AXIS2_PLACEMENT_3D('',#10240,#10241,#10242);
#10240 = CARTESIAN_POINT('',(133.1026499537,-129.8776407291,1.51));
#10241 = DIRECTION('',(0.,0.,-1.));
#10242 = DIRECTION('',(-0.707116146477,-0.707097415772,-0.));
#10243 = ADVANCED_FACE('',(#10244),#10269,.T.);
#10244 = FACE_BOUND('',#10245,.T.);
#10245 = EDGE_LOOP('',(#10246,#10247,#10255,#10263));
#10246 = ORIENTED_EDGE('',*,*,#10224,.T.);
#10247 = ORIENTED_EDGE('',*,*,#10248,.T.);
#10248 = EDGE_CURVE('',#10216,#10249,#10251,.T.);
#10249 = VERTEX_POINT('',#10250);
#10250 = CARTESIAN_POINT('',(132.852643,-58.022357,1.545));
#10251 = LINE('',#10252,#10253);
#10252 = CARTESIAN_POINT('',(132.852643,-129.877643,1.545));
#10253 = VECTOR('',#10254,1.);
#10254 = DIRECTION('',(0.,1.,0.));
#10255 = ORIENTED_EDGE('',*,*,#10256,.F.);
#10256 = EDGE_CURVE('',#10257,#10249,#10259,.T.);
#10257 = VERTEX_POINT('',#10258);
#10258 = CARTESIAN_POINT('',(132.852643,-58.022357,1.51));
#10259 = LINE('',#10260,#10261);
#10260 = CARTESIAN_POINT('',(132.852643,-58.022357,1.51));
#10261 = VECTOR('',#10262,1.);
#10262 = DIRECTION('',(0.,0.,1.));
#10263 = ORIENTED_EDGE('',*,*,#10264,.F.);
#10264 = EDGE_CURVE('',#10225,#10257,#10265,.T.);
#10265 = LINE('',#10266,#10267);
#10266 = CARTESIAN_POINT('',(132.852643,-129.877643,1.51));
#10267 = VECTOR('',#10268,1.);
#10268 = DIRECTION('',(0.,1.,0.));
#10269 = PLANE('',#10270);
#10270 = AXIS2_PLACEMENT_3D('',#10271,#10272,#10273);
#10271 = CARTESIAN_POINT('',(132.852643,-129.877643,1.51));
#10272 = DIRECTION('',(-1.,0.,0.));
#10273 = DIRECTION('',(0.,1.,0.));
#10274 = ADVANCED_FACE('',(#10275),#10302,.T.);
#10275 = FACE_BOUND('',#10276,.T.);
#10276 = EDGE_LOOP('',(#10277,#10278,#10287,#10295));
#10277 = ORIENTED_EDGE('',*,*,#10256,.T.);
#10278 = ORIENTED_EDGE('',*,*,#10279,.T.);
#10279 = EDGE_CURVE('',#10249,#10280,#10282,.T.);
#10280 = VERTEX_POINT('',#10281);
#10281 = CARTESIAN_POINT('',(132.925866,-57.84558,1.545));
#10282 = CIRCLE('',#10283,0.250005698685);
#10283 = AXIS2_PLACEMENT_3D('',#10284,#10285,#10286);
#10284 = CARTESIAN_POINT('',(133.10264869867,-58.02235875105,1.545));
#10285 = DIRECTION('',(0.,0.,-1.));
#10286 = DIRECTION('',(-0.999999999975,7.004039634644E-06,0.));
#10287 = ORIENTED_EDGE('',*,*,#10288,.F.);
#10288 = EDGE_CURVE('',#10289,#10280,#10291,.T.);
#10289 = VERTEX_POINT('',#10290);
#10290 = CARTESIAN_POINT('',(132.925866,-57.84558,1.51));
#10291 = LINE('',#10292,#10293);
#10292 = CARTESIAN_POINT('',(132.925866,-57.84558,1.51));
#10293 = VECTOR('',#10294,1.);
#10294 = DIRECTION('',(0.,0.,1.));
#10295 = ORIENTED_EDGE('',*,*,#10296,.F.);
#10296 = EDGE_CURVE('',#10257,#10289,#10297,.T.);
#10297 = CIRCLE('',#10298,0.250005698685);
#10298 = AXIS2_PLACEMENT_3D('',#10299,#10300,#10301);
#10299 = CARTESIAN_POINT('',(133.10264869867,-58.02235875105,1.51));
#10300 = DIRECTION('',(0.,0.,-1.));
#10301 = DIRECTION('',(-0.999999999975,7.004039634644E-06,0.));
#10302 = CYLINDRICAL_SURFACE('',#10303,0.250005698685);
#10303 = AXIS2_PLACEMENT_3D('',#10304,#10305,#10306);
#10304 = CARTESIAN_POINT('',(133.10264869867,-58.02235875105,1.51));
#10305 = DIRECTION('',(0.,0.,-1.));
#10306 = DIRECTION('',(-0.999999999975,7.004039634644E-06,0.));
#10307 = ADVANCED_FACE('',(#10308),#10324,.T.);
#10308 = FACE_BOUND('',#10309,.T.);
#10309 = EDGE_LOOP('',(#10310,#10311,#10317,#10318));
#10310 = ORIENTED_EDGE('',*,*,#10288,.T.);
#10311 = ORIENTED_EDGE('',*,*,#10312,.T.);
#10312 = EDGE_CURVE('',#10280,#1900,#10313,.T.);
#10313 = LINE('',#10314,#10315);
#10314 = CARTESIAN_POINT('',(132.925866,-57.84558,1.545));
#10315 = VECTOR('',#10316,1.);
#10316 = DIRECTION('',(0.707106839651,0.707106722722,0.));
#10317 = ORIENTED_EDGE('',*,*,#1897,.F.);
#10318 = ORIENTED_EDGE('',*,*,#10319,.F.);
#10319 = EDGE_CURVE('',#10289,#1898,#10320,.T.);
#10320 = LINE('',#10321,#10322);
#10321 = CARTESIAN_POINT('',(132.925866,-57.84558,1.51));
#10322 = VECTOR('',#10323,1.);
#10323 = DIRECTION('',(0.707106839651,0.707106722722,0.));
#10324 = PLANE('',#10325);
#10325 = AXIS2_PLACEMENT_3D('',#10326,#10327,#10328);
#10326 = CARTESIAN_POINT('',(132.925866,-57.84558,1.51));
#10327 = DIRECTION('',(-0.707106722722,0.707106839651,0.));
#10328 = DIRECTION('',(0.707106839651,0.707106722722,0.));
#10329 = ADVANCED_FACE('',(#10330),#10596,.F.);
#10330 = FACE_BOUND('',#10331,.T.);
#10331 = EDGE_LOOP('',(#10332,#10333,#10334,#10335,#10336,#10337,#10338,
    #10339,#10340,#10341,#10342,#10343,#10344,#10345,#10346,#10347,
    #10348,#10349,#10350,#10351,#10352,#10353,#10354,#10355,#10356,
    #10357,#10358,#10359,#10360,#10361,#10362,#10363,#10364,#10365,
    #10366,#10367,#10368,#10369,#10370,#10371,#10372,#10373,#10374,
    #10375,#10376,#10377,#10378,#10379,#10380,#10381,#10382,#10383,
    #10384,#10385,#10386,#10387,#10388,#10389,#10390,#10391,#10392,
    #10393,#10394,#10395,#10396,#10397,#10398,#10399,#10400,#10401,
    #10402,#10403,#10404,#10405,#10406,#10407,#10408,#10409,#10410,
    #10411,#10412,#10413,#10414,#10415,#10416,#10417,#10418,#10419,
    #10420,#10421,#10422,#10423,#10424,#10425,#10426,#10427,#10428,
    #10429,#10430,#10431,#10432,#10433,#10434,#10435,#10436,#10437,
    #10438,#10439,#10440,#10441,#10442,#10443,#10444,#10445,#10446,
    #10447,#10448,#10449,#10450,#10451,#10452,#10453,#10454,#10455,
    #10456,#10457,#10458,#10459,#10460,#10461,#10462,#10463,#10464,
    #10465,#10466,#10467,#10468,#10469,#10470,#10471,#10472,#10473,
    #10474,#10475,#10476,#10477,#10478,#10479,#10480,#10481,#10482,
    #10483,#10484,#10485,#10486,#10487,#10488,#10489,#10490,#10491,
    #10492,#10493,#10494,#10495,#10496,#10497,#10498,#10499,#10500,
    #10501,#10502,#10503,#10504,#10505,#10506,#10507,#10508,#10509,
    #10510,#10511,#10512,#10513,#10514,#10515,#10516,#10517,#10518,
    #10519,#10520,#10521,#10522,#10523,#10524,#10525,#10526,#10527,
    #10528,#10529,#10530,#10531,#10532,#10533,#10534,#10535,#10536,
    #10537,#10538,#10539,#10540,#10541,#10542,#10543,#10544,#10545,
    #10546,#10547,#10548,#10549,#10550,#10551,#10552,#10553,#10554,
    #10555,#10556,#10557,#10558,#10559,#10560,#10561,#10562,#10563,
    #10564,#10565,#10566,#10567,#10568,#10569,#10570,#10571,#10572,
    #10573,#10574,#10575,#10576,#10577,#10578,#10579,#10580,#10581,
    #10582,#10583,#10584,#10585,#10586,#10587,#10588,#10589,#10590,
    #10591,#10592,#10593,#10594,#10595));
#10332 = ORIENTED_EDGE('',*,*,#1924,.T.);
#10333 = ORIENTED_EDGE('',*,*,#1956,.T.);
#10334 = ORIENTED_EDGE('',*,*,#1988,.T.);
#10335 = ORIENTED_EDGE('',*,*,#2020,.T.);
#10336 = ORIENTED_EDGE('',*,*,#2052,.T.);
#10337 = ORIENTED_EDGE('',*,*,#2084,.T.);
#10338 = ORIENTED_EDGE('',*,*,#2116,.T.);
#10339 = ORIENTED_EDGE('',*,*,#2148,.T.);
#10340 = ORIENTED_EDGE('',*,*,#2180,.T.);
#10341 = ORIENTED_EDGE('',*,*,#2212,.T.);
#10342 = ORIENTED_EDGE('',*,*,#2244,.T.);
#10343 = ORIENTED_EDGE('',*,*,#2276,.T.);
#10344 = ORIENTED_EDGE('',*,*,#2308,.T.);
#10345 = ORIENTED_EDGE('',*,*,#2340,.T.);
#10346 = ORIENTED_EDGE('',*,*,#2372,.T.);
#10347 = ORIENTED_EDGE('',*,*,#2404,.T.);
#10348 = ORIENTED_EDGE('',*,*,#2436,.T.);
#10349 = ORIENTED_EDGE('',*,*,#2468,.T.);
#10350 = ORIENTED_EDGE('',*,*,#2500,.T.);
#10351 = ORIENTED_EDGE('',*,*,#2532,.T.);
#10352 = ORIENTED_EDGE('',*,*,#2564,.T.);
#10353 = ORIENTED_EDGE('',*,*,#2596,.T.);
#10354 = ORIENTED_EDGE('',*,*,#2628,.T.);
#10355 = ORIENTED_EDGE('',*,*,#2660,.T.);
#10356 = ORIENTED_EDGE('',*,*,#2692,.T.);
#10357 = ORIENTED_EDGE('',*,*,#2724,.T.);
#10358 = ORIENTED_EDGE('',*,*,#2756,.T.);
#10359 = ORIENTED_EDGE('',*,*,#2788,.T.);
#10360 = ORIENTED_EDGE('',*,*,#2820,.T.);
#10361 = ORIENTED_EDGE('',*,*,#2852,.T.);
#10362 = ORIENTED_EDGE('',*,*,#2884,.T.);
#10363 = ORIENTED_EDGE('',*,*,#2916,.T.);
#10364 = ORIENTED_EDGE('',*,*,#2948,.T.);
#10365 = ORIENTED_EDGE('',*,*,#2980,.T.);
#10366 = ORIENTED_EDGE('',*,*,#3012,.T.);
#10367 = ORIENTED_EDGE('',*,*,#3044,.T.);
#10368 = ORIENTED_EDGE('',*,*,#3076,.T.);
#10369 = ORIENTED_EDGE('',*,*,#3108,.T.);
#10370 = ORIENTED_EDGE('',*,*,#3140,.T.);
#10371 = ORIENTED_EDGE('',*,*,#3172,.T.);
#10372 = ORIENTED_EDGE('',*,*,#3204,.T.);
#10373 = ORIENTED_EDGE('',*,*,#3236,.T.);
#10374 = ORIENTED_EDGE('',*,*,#3268,.T.);
#10375 = ORIENTED_EDGE('',*,*,#3300,.T.);
#10376 = ORIENTED_EDGE('',*,*,#3332,.T.);
#10377 = ORIENTED_EDGE('',*,*,#3364,.T.);
#10378 = ORIENTED_EDGE('',*,*,#3396,.T.);
#10379 = ORIENTED_EDGE('',*,*,#3428,.T.);
#10380 = ORIENTED_EDGE('',*,*,#3460,.T.);
#10381 = ORIENTED_EDGE('',*,*,#3492,.T.);
#10382 = ORIENTED_EDGE('',*,*,#3524,.T.);
#10383 = ORIENTED_EDGE('',*,*,#3556,.T.);
#10384 = ORIENTED_EDGE('',*,*,#3588,.T.);
#10385 = ORIENTED_EDGE('',*,*,#3620,.T.);
#10386 = ORIENTED_EDGE('',*,*,#3652,.T.);
#10387 = ORIENTED_EDGE('',*,*,#3684,.T.);
#10388 = ORIENTED_EDGE('',*,*,#3716,.T.);
#10389 = ORIENTED_EDGE('',*,*,#3748,.T.);
#10390 = ORIENTED_EDGE('',*,*,#3780,.T.);
#10391 = ORIENTED_EDGE('',*,*,#3812,.T.);
#10392 = ORIENTED_EDGE('',*,*,#3844,.T.);
#10393 = ORIENTED_EDGE('',*,*,#3876,.T.);
#10394 = ORIENTED_EDGE('',*,*,#3908,.T.);
#10395 = ORIENTED_EDGE('',*,*,#3940,.T.);
#10396 = ORIENTED_EDGE('',*,*,#3972,.T.);
#10397 = ORIENTED_EDGE('',*,*,#4004,.T.);
#10398 = ORIENTED_EDGE('',*,*,#4036,.T.);
#10399 = ORIENTED_EDGE('',*,*,#4068,.T.);
#10400 = ORIENTED_EDGE('',*,*,#4100,.T.);
#10401 = ORIENTED_EDGE('',*,*,#4132,.T.);
#10402 = ORIENTED_EDGE('',*,*,#4164,.T.);
#10403 = ORIENTED_EDGE('',*,*,#4196,.T.);
#10404 = ORIENTED_EDGE('',*,*,#4228,.T.);
#10405 = ORIENTED_EDGE('',*,*,#4260,.T.);
#10406 = ORIENTED_EDGE('',*,*,#4292,.T.);
#10407 = ORIENTED_EDGE('',*,*,#4324,.T.);
#10408 = ORIENTED_EDGE('',*,*,#4356,.T.);
#10409 = ORIENTED_EDGE('',*,*,#4388,.T.);
#10410 = ORIENTED_EDGE('',*,*,#4420,.T.);
#10411 = ORIENTED_EDGE('',*,*,#4452,.T.);
#10412 = ORIENTED_EDGE('',*,*,#4484,.T.);
#10413 = ORIENTED_EDGE('',*,*,#4516,.T.);
#10414 = ORIENTED_EDGE('',*,*,#4548,.T.);
#10415 = ORIENTED_EDGE('',*,*,#4580,.T.);
#10416 = ORIENTED_EDGE('',*,*,#4612,.T.);
#10417 = ORIENTED_EDGE('',*,*,#4644,.T.);
#10418 = ORIENTED_EDGE('',*,*,#4676,.T.);
#10419 = ORIENTED_EDGE('',*,*,#4708,.T.);
#10420 = ORIENTED_EDGE('',*,*,#4740,.T.);
#10421 = ORIENTED_EDGE('',*,*,#4772,.T.);
#10422 = ORIENTED_EDGE('',*,*,#4804,.T.);
#10423 = ORIENTED_EDGE('',*,*,#4836,.T.);
#10424 = ORIENTED_EDGE('',*,*,#4868,.T.);
#10425 = ORIENTED_EDGE('',*,*,#4900,.T.);
#10426 = ORIENTED_EDGE('',*,*,#4932,.T.);
#10427 = ORIENTED_EDGE('',*,*,#4964,.T.);
#10428 = ORIENTED_EDGE('',*,*,#4996,.T.);
#10429 = ORIENTED_EDGE('',*,*,#5028,.T.);
#10430 = ORIENTED_EDGE('',*,*,#5060,.T.);
#10431 = ORIENTED_EDGE('',*,*,#5092,.T.);
#10432 = ORIENTED_EDGE('',*,*,#5124,.T.);
#10433 = ORIENTED_EDGE('',*,*,#5156,.T.);
#10434 = ORIENTED_EDGE('',*,*,#5188,.T.);
#10435 = ORIENTED_EDGE('',*,*,#5220,.T.);
#10436 = ORIENTED_EDGE('',*,*,#5252,.T.);
#10437 = ORIENTED_EDGE('',*,*,#5284,.T.);
#10438 = ORIENTED_EDGE('',*,*,#5316,.T.);
#10439 = ORIENTED_EDGE('',*,*,#5348,.T.);
#10440 = ORIENTED_EDGE('',*,*,#5380,.T.);
#10441 = ORIENTED_EDGE('',*,*,#5412,.T.);
#10442 = ORIENTED_EDGE('',*,*,#5444,.T.);
#10443 = ORIENTED_EDGE('',*,*,#5476,.T.);
#10444 = ORIENTED_EDGE('',*,*,#5508,.T.);
#10445 = ORIENTED_EDGE('',*,*,#5540,.T.);
#10446 = ORIENTED_EDGE('',*,*,#5572,.T.);
#10447 = ORIENTED_EDGE('',*,*,#5604,.T.);
#10448 = ORIENTED_EDGE('',*,*,#5636,.T.);
#10449 = ORIENTED_EDGE('',*,*,#5668,.T.);
#10450 = ORIENTED_EDGE('',*,*,#5700,.T.);
#10451 = ORIENTED_EDGE('',*,*,#5732,.T.);
#10452 = ORIENTED_EDGE('',*,*,#5764,.T.);
#10453 = ORIENTED_EDGE('',*,*,#5796,.T.);
#10454 = ORIENTED_EDGE('',*,*,#5828,.T.);
#10455 = ORIENTED_EDGE('',*,*,#5860,.T.);
#10456 = ORIENTED_EDGE('',*,*,#5892,.T.);
#10457 = ORIENTED_EDGE('',*,*,#5924,.T.);
#10458 = ORIENTED_EDGE('',*,*,#5955,.T.);
#10459 = ORIENTED_EDGE('',*,*,#5987,.T.);
#10460 = ORIENTED_EDGE('',*,*,#6019,.T.);
#10461 = ORIENTED_EDGE('',*,*,#6050,.T.);
#10462 = ORIENTED_EDGE('',*,*,#6081,.T.);
#10463 = ORIENTED_EDGE('',*,*,#6112,.T.);
#10464 = ORIENTED_EDGE('',*,*,#6144,.T.);
#10465 = ORIENTED_EDGE('',*,*,#6176,.T.);
#10466 = ORIENTED_EDGE('',*,*,#6208,.T.);
#10467 = ORIENTED_EDGE('',*,*,#6240,.T.);
#10468 = ORIENTED_EDGE('',*,*,#6272,.T.);
#10469 = ORIENTED_EDGE('',*,*,#6304,.T.);
#10470 = ORIENTED_EDGE('',*,*,#6336,.T.);
#10471 = ORIENTED_EDGE('',*,*,#6368,.T.);
#10472 = ORIENTED_EDGE('',*,*,#6400,.T.);
#10473 = ORIENTED_EDGE('',*,*,#6432,.T.);
#10474 = ORIENTED_EDGE('',*,*,#6464,.T.);
#10475 = ORIENTED_EDGE('',*,*,#6496,.T.);
#10476 = ORIENTED_EDGE('',*,*,#6528,.T.);
#10477 = ORIENTED_EDGE('',*,*,#6560,.T.);
#10478 = ORIENTED_EDGE('',*,*,#6592,.T.);
#10479 = ORIENTED_EDGE('',*,*,#6624,.T.);
#10480 = ORIENTED_EDGE('',*,*,#6656,.T.);
#10481 = ORIENTED_EDGE('',*,*,#6688,.T.);
#10482 = ORIENTED_EDGE('',*,*,#6720,.T.);
#10483 = ORIENTED_EDGE('',*,*,#6752,.T.);
#10484 = ORIENTED_EDGE('',*,*,#6784,.T.);
#10485 = ORIENTED_EDGE('',*,*,#6816,.T.);
#10486 = ORIENTED_EDGE('',*,*,#6848,.T.);
#10487 = ORIENTED_EDGE('',*,*,#6880,.T.);
#10488 = ORIENTED_EDGE('',*,*,#6912,.T.);
#10489 = ORIENTED_EDGE('',*,*,#6944,.T.);
#10490 = ORIENTED_EDGE('',*,*,#6976,.T.);
#10491 = ORIENTED_EDGE('',*,*,#7008,.T.);
#10492 = ORIENTED_EDGE('',*,*,#7040,.T.);
#10493 = ORIENTED_EDGE('',*,*,#7072,.T.);
#10494 = ORIENTED_EDGE('',*,*,#7104,.T.);
#10495 = ORIENTED_EDGE('',*,*,#7136,.T.);
#10496 = ORIENTED_EDGE('',*,*,#7168,.T.);
#10497 = ORIENTED_EDGE('',*,*,#7200,.T.);
#10498 = ORIENTED_EDGE('',*,*,#7232,.T.);
#10499 = ORIENTED_EDGE('',*,*,#7264,.T.);
#10500 = ORIENTED_EDGE('',*,*,#7296,.T.);
#10501 = ORIENTED_EDGE('',*,*,#7328,.T.);
#10502 = ORIENTED_EDGE('',*,*,#7360,.T.);
#10503 = ORIENTED_EDGE('',*,*,#7392,.T.);
#10504 = ORIENTED_EDGE('',*,*,#7424,.T.);
#10505 = ORIENTED_EDGE('',*,*,#7456,.T.);
#10506 = ORIENTED_EDGE('',*,*,#7488,.T.);
#10507 = ORIENTED_EDGE('',*,*,#7520,.T.);
#10508 = ORIENTED_EDGE('',*,*,#7552,.T.);
#10509 = ORIENTED_EDGE('',*,*,#7584,.T.);
#10510 = ORIENTED_EDGE('',*,*,#7616,.T.);
#10511 = ORIENTED_EDGE('',*,*,#7648,.T.);
#10512 = ORIENTED_EDGE('',*,*,#7680,.T.);
#10513 = ORIENTED_EDGE('',*,*,#7712,.T.);
#10514 = ORIENTED_EDGE('',*,*,#7744,.T.);
#10515 = ORIENTED_EDGE('',*,*,#7776,.T.);
#10516 = ORIENTED_EDGE('',*,*,#7808,.T.);
#10517 = ORIENTED_EDGE('',*,*,#7840,.T.);
#10518 = ORIENTED_EDGE('',*,*,#7872,.T.);
#10519 = ORIENTED_EDGE('',*,*,#7904,.T.);
#10520 = ORIENTED_EDGE('',*,*,#7936,.T.);
#10521 = ORIENTED_EDGE('',*,*,#7968,.T.);
#10522 = ORIENTED_EDGE('',*,*,#8000,.T.);
#10523 = ORIENTED_EDGE('',*,*,#8032,.T.);
#10524 = ORIENTED_EDGE('',*,*,#8064,.T.);
#10525 = ORIENTED_EDGE('',*,*,#8096,.T.);
#10526 = ORIENTED_EDGE('',*,*,#8128,.T.);
#10527 = ORIENTED_EDGE('',*,*,#8160,.T.);
#10528 = ORIENTED_EDGE('',*,*,#8192,.T.);
#10529 = ORIENTED_EDGE('',*,*,#8224,.T.);
#10530 = ORIENTED_EDGE('',*,*,#8256,.T.);
#10531 = ORIENTED_EDGE('',*,*,#8288,.T.);
#10532 = ORIENTED_EDGE('',*,*,#8320,.T.);
#10533 = ORIENTED_EDGE('',*,*,#8352,.T.);
#10534 = ORIENTED_EDGE('',*,*,#8384,.T.);
#10535 = ORIENTED_EDGE('',*,*,#8416,.T.);
#10536 = ORIENTED_EDGE('',*,*,#8448,.T.);
#10537 = ORIENTED_EDGE('',*,*,#8480,.T.);
#10538 = ORIENTED_EDGE('',*,*,#8512,.T.);
#10539 = ORIENTED_EDGE('',*,*,#8544,.T.);
#10540 = ORIENTED_EDGE('',*,*,#8576,.T.);
#10541 = ORIENTED_EDGE('',*,*,#8608,.T.);
#10542 = ORIENTED_EDGE('',*,*,#8640,.T.);
#10543 = ORIENTED_EDGE('',*,*,#8672,.T.);
#10544 = ORIENTED_EDGE('',*,*,#8704,.T.);
#10545 = ORIENTED_EDGE('',*,*,#8736,.T.);
#10546 = ORIENTED_EDGE('',*,*,#8768,.T.);
#10547 = ORIENTED_EDGE('',*,*,#8800,.T.);
#10548 = ORIENTED_EDGE('',*,*,#8832,.T.);
#10549 = ORIENTED_EDGE('',*,*,#8864,.T.);
#10550 = ORIENTED_EDGE('',*,*,#8896,.T.);
#10551 = ORIENTED_EDGE('',*,*,#8928,.T.);
#10552 = ORIENTED_EDGE('',*,*,#8960,.T.);
#10553 = ORIENTED_EDGE('',*,*,#8992,.T.);
#10554 = ORIENTED_EDGE('',*,*,#9024,.T.);
#10555 = ORIENTED_EDGE('',*,*,#9056,.T.);
#10556 = ORIENTED_EDGE('',*,*,#9088,.T.);
#10557 = ORIENTED_EDGE('',*,*,#9120,.T.);
#10558 = ORIENTED_EDGE('',*,*,#9152,.T.);
#10559 = ORIENTED_EDGE('',*,*,#9184,.T.);
#10560 = ORIENTED_EDGE('',*,*,#9216,.T.);
#10561 = ORIENTED_EDGE('',*,*,#9248,.T.);
#10562 = ORIENTED_EDGE('',*,*,#9280,.T.);
#10563 = ORIENTED_EDGE('',*,*,#9312,.T.);
#10564 = ORIENTED_EDGE('',*,*,#9344,.T.);
#10565 = ORIENTED_EDGE('',*,*,#9376,.T.);
#10566 = ORIENTED_EDGE('',*,*,#9408,.T.);
#10567 = ORIENTED_EDGE('',*,*,#9440,.T.);
#10568 = ORIENTED_EDGE('',*,*,#9472,.T.);
#10569 = ORIENTED_EDGE('',*,*,#9504,.T.);
#10570 = ORIENTED_EDGE('',*,*,#9536,.T.);
#10571 = ORIENTED_EDGE('',*,*,#9568,.T.);
#10572 = ORIENTED_EDGE('',*,*,#9600,.T.);
#10573 = ORIENTED_EDGE('',*,*,#9632,.T.);
#10574 = ORIENTED_EDGE('',*,*,#9664,.T.);
#10575 = ORIENTED_EDGE('',*,*,#9696,.T.);
#10576 = ORIENTED_EDGE('',*,*,#9728,.T.);
#10577 = ORIENTED_EDGE('',*,*,#9760,.T.);
#10578 = ORIENTED_EDGE('',*,*,#9792,.T.);
#10579 = ORIENTED_EDGE('',*,*,#9824,.T.);
#10580 = ORIENTED_EDGE('',*,*,#9855,.T.);
#10581 = ORIENTED_EDGE('',*,*,#9886,.T.);
#10582 = ORIENTED_EDGE('',*,*,#9917,.T.);
#10583 = ORIENTED_EDGE('',*,*,#9948,.T.);
#10584 = ORIENTED_EDGE('',*,*,#9979,.T.);
#10585 = ORIENTED_EDGE('',*,*,#10010,.T.);
#10586 = ORIENTED_EDGE('',*,*,#10041,.T.);
#10587 = ORIENTED_EDGE('',*,*,#10073,.T.);
#10588 = ORIENTED_EDGE('',*,*,#10105,.T.);
#10589 = ORIENTED_EDGE('',*,*,#10136,.T.);
#10590 = ORIENTED_EDGE('',*,*,#10168,.T.);
#10591 = ORIENTED_EDGE('',*,*,#10200,.T.);
#10592 = ORIENTED_EDGE('',*,*,#10232,.T.);
#10593 = ORIENTED_EDGE('',*,*,#10264,.T.);
#10594 = ORIENTED_EDGE('',*,*,#10296,.T.);
#10595 = ORIENTED_EDGE('',*,*,#10319,.T.);
#10596 = PLANE('',#10597);
#10597 = AXIS2_PLACEMENT_3D('',#10598,#10599,#10600);
#10598 = CARTESIAN_POINT('',(0.,0.,1.51));
#10599 = DIRECTION('',(0.,0.,1.));
#10600 = DIRECTION('',(1.,0.,-0.));
#10601 = ADVANCED_FACE('',(#10602),#10868,.T.);
#10602 = FACE_BOUND('',#10603,.F.);
#10603 = EDGE_LOOP('',(#10604,#10605,#10606,#10607,#10608,#10609,#10610,
    #10611,#10612,#10613,#10614,#10615,#10616,#10617,#10618,#10619,
    #10620,#10621,#10622,#10623,#10624,#10625,#10626,#10627,#10628,
    #10629,#10630,#10631,#10632,#10633,#10634,#10635,#10636,#10637,
    #10638,#10639,#10640,#10641,#10642,#10643,#10644,#10645,#10646,
    #10647,#10648,#10649,#10650,#10651,#10652,#10653,#10654,#10655,
    #10656,#10657,#10658,#10659,#10660,#10661,#10662,#10663,#10664,
    #10665,#10666,#10667,#10668,#10669,#10670,#10671,#10672,#10673,
    #10674,#10675,#10676,#10677,#10678,#10679,#10680,#10681,#10682,
    #10683,#10684,#10685,#10686,#10687,#10688,#10689,#10690,#10691,
    #10692,#10693,#10694,#10695,#10696,#10697,#10698,#10699,#10700,
    #10701,#10702,#10703,#10704,#10705,#10706,#10707,#10708,#10709,
    #10710,#10711,#10712,#10713,#10714,#10715,#10716,#10717,#10718,
    #10719,#10720,#10721,#10722,#10723,#10724,#10725,#10726,#10727,
    #10728,#10729,#10730,#10731,#10732,#10733,#10734,#10735,#10736,
    #10737,#10738,#10739,#10740,#10741,#10742,#10743,#10744,#10745,
    #10746,#10747,#10748,#10749,#10750,#10751,#10752,#10753,#10754,
    #10755,#10756,#10757,#10758,#10759,#10760,#10761,#10762,#10763,
    #10764,#10765,#10766,#10767,#10768,#10769,#10770,#10771,#10772,
    #10773,#10774,#10775,#10776,#10777,#10778,#10779,#10780,#10781,
    #10782,#10783,#10784,#10785,#10786,#10787,#10788,#10789,#10790,
    #10791,#10792,#10793,#10794,#10795,#10796,#10797,#10798,#10799,
    #10800,#10801,#10802,#10803,#10804,#10805,#10806,#10807,#10808,
    #10809,#10810,#10811,#10812,#10813,#10814,#10815,#10816,#10817,
    #10818,#10819,#10820,#10821,#10822,#10823,#10824,#10825,#10826,
    #10827,#10828,#10829,#10830,#10831,#10832,#10833,#10834,#10835,
    #10836,#10837,#10838,#10839,#10840,#10841,#10842,#10843,#10844,
    #10845,#10846,#10847,#10848,#10849,#10850,#10851,#10852,#10853,
    #10854,#10855,#10856,#10857,#10858,#10859,#10860,#10861,#10862,
    #10863,#10864,#10865,#10866,#10867));
#10604 = ORIENTED_EDGE('',*,*,#1907,.T.);
#10605 = ORIENTED_EDGE('',*,*,#1940,.T.);
#10606 = ORIENTED_EDGE('',*,*,#1971,.T.);
#10607 = ORIENTED_EDGE('',*,*,#2004,.T.);
#10608 = ORIENTED_EDGE('',*,*,#2035,.T.);
#10609 = ORIENTED_EDGE('',*,*,#2068,.T.);
#10610 = ORIENTED_EDGE('',*,*,#2099,.T.);
#10611 = ORIENTED_EDGE('',*,*,#2132,.T.);
#10612 = ORIENTED_EDGE('',*,*,#2163,.T.);
#10613 = ORIENTED_EDGE('',*,*,#2196,.T.);
#10614 = ORIENTED_EDGE('',*,*,#2227,.T.);
#10615 = ORIENTED_EDGE('',*,*,#2260,.T.);
#10616 = ORIENTED_EDGE('',*,*,#2291,.T.);
#10617 = ORIENTED_EDGE('',*,*,#2324,.T.);
#10618 = ORIENTED_EDGE('',*,*,#2355,.T.);
#10619 = ORIENTED_EDGE('',*,*,#2388,.T.);
#10620 = ORIENTED_EDGE('',*,*,#2419,.T.);
#10621 = ORIENTED_EDGE('',*,*,#2452,.T.);
#10622 = ORIENTED_EDGE('',*,*,#2483,.T.);
#10623 = ORIENTED_EDGE('',*,*,#2516,.T.);
#10624 = ORIENTED_EDGE('',*,*,#2547,.T.);
#10625 = ORIENTED_EDGE('',*,*,#2580,.T.);
#10626 = ORIENTED_EDGE('',*,*,#2611,.T.);
#10627 = ORIENTED_EDGE('',*,*,#2644,.T.);
#10628 = ORIENTED_EDGE('',*,*,#2675,.T.);
#10629 = ORIENTED_EDGE('',*,*,#2708,.T.);
#10630 = ORIENTED_EDGE('',*,*,#2739,.T.);
#10631 = ORIENTED_EDGE('',*,*,#2772,.T.);
#10632 = ORIENTED_EDGE('',*,*,#2803,.T.);
#10633 = ORIENTED_EDGE('',*,*,#2836,.T.);
#10634 = ORIENTED_EDGE('',*,*,#2867,.T.);
#10635 = ORIENTED_EDGE('',*,*,#2900,.T.);
#10636 = ORIENTED_EDGE('',*,*,#2931,.T.);
#10637 = ORIENTED_EDGE('',*,*,#2964,.T.);
#10638 = ORIENTED_EDGE('',*,*,#2995,.T.);
#10639 = ORIENTED_EDGE('',*,*,#3028,.T.);
#10640 = ORIENTED_EDGE('',*,*,#3059,.T.);
#10641 = ORIENTED_EDGE('',*,*,#3092,.T.);
#10642 = ORIENTED_EDGE('',*,*,#3123,.T.);
#10643 = ORIENTED_EDGE('',*,*,#3156,.T.);
#10644 = ORIENTED_EDGE('',*,*,#3187,.T.);
#10645 = ORIENTED_EDGE('',*,*,#3220,.T.);
#10646 = ORIENTED_EDGE('',*,*,#3251,.T.);
#10647 = ORIENTED_EDGE('',*,*,#3284,.T.);
#10648 = ORIENTED_EDGE('',*,*,#3315,.T.);
#10649 = ORIENTED_EDGE('',*,*,#3348,.T.);
#10650 = ORIENTED_EDGE('',*,*,#3379,.T.);
#10651 = ORIENTED_EDGE('',*,*,#3412,.T.);
#10652 = ORIENTED_EDGE('',*,*,#3443,.T.);
#10653 = ORIENTED_EDGE('',*,*,#3476,.T.);
#10654 = ORIENTED_EDGE('',*,*,#3507,.T.);
#10655 = ORIENTED_EDGE('',*,*,#3540,.T.);
#10656 = ORIENTED_EDGE('',*,*,#3571,.T.);
#10657 = ORIENTED_EDGE('',*,*,#3604,.T.);
#10658 = ORIENTED_EDGE('',*,*,#3635,.T.);
#10659 = ORIENTED_EDGE('',*,*,#3668,.T.);
#10660 = ORIENTED_EDGE('',*,*,#3699,.T.);
#10661 = ORIENTED_EDGE('',*,*,#3732,.T.);
#10662 = ORIENTED_EDGE('',*,*,#3763,.T.);
#10663 = ORIENTED_EDGE('',*,*,#3796,.T.);
#10664 = ORIENTED_EDGE('',*,*,#3827,.T.);
#10665 = ORIENTED_EDGE('',*,*,#3860,.T.);
#10666 = ORIENTED_EDGE('',*,*,#3891,.T.);
#10667 = ORIENTED_EDGE('',*,*,#3924,.T.);
#10668 = ORIENTED_EDGE('',*,*,#3955,.T.);
#10669 = ORIENTED_EDGE('',*,*,#3988,.T.);
#10670 = ORIENTED_EDGE('',*,*,#4019,.T.);
#10671 = ORIENTED_EDGE('',*,*,#4052,.T.);
#10672 = ORIENTED_EDGE('',*,*,#4083,.T.);
#10673 = ORIENTED_EDGE('',*,*,#4116,.T.);
#10674 = ORIENTED_EDGE('',*,*,#4147,.T.);
#10675 = ORIENTED_EDGE('',*,*,#4180,.T.);
#10676 = ORIENTED_EDGE('',*,*,#4211,.T.);
#10677 = ORIENTED_EDGE('',*,*,#4244,.T.);
#10678 = ORIENTED_EDGE('',*,*,#4275,.T.);
#10679 = ORIENTED_EDGE('',*,*,#4308,.T.);
#10680 = ORIENTED_EDGE('',*,*,#4339,.T.);
#10681 = ORIENTED_EDGE('',*,*,#4372,.T.);
#10682 = ORIENTED_EDGE('',*,*,#4403,.T.);
#10683 = ORIENTED_EDGE('',*,*,#4436,.T.);
#10684 = ORIENTED_EDGE('',*,*,#4467,.T.);
#10685 = ORIENTED_EDGE('',*,*,#4500,.T.);
#10686 = ORIENTED_EDGE('',*,*,#4531,.T.);
#10687 = ORIENTED_EDGE('',*,*,#4564,.T.);
#10688 = ORIENTED_EDGE('',*,*,#4595,.T.);
#10689 = ORIENTED_EDGE('',*,*,#4628,.T.);
#10690 = ORIENTED_EDGE('',*,*,#4659,.T.);
#10691 = ORIENTED_EDGE('',*,*,#4692,.T.);
#10692 = ORIENTED_EDGE('',*,*,#4723,.T.);
#10693 = ORIENTED_EDGE('',*,*,#4756,.T.);
#10694 = ORIENTED_EDGE('',*,*,#4787,.T.);
#10695 = ORIENTED_EDGE('',*,*,#4820,.T.);
#10696 = ORIENTED_EDGE('',*,*,#4851,.T.);
#10697 = ORIENTED_EDGE('',*,*,#4884,.T.);
#10698 = ORIENTED_EDGE('',*,*,#4915,.T.);
#10699 = ORIENTED_EDGE('',*,*,#4948,.T.);
#10700 = ORIENTED_EDGE('',*,*,#4979,.T.);
#10701 = ORIENTED_EDGE('',*,*,#5012,.T.);
#10702 = ORIENTED_EDGE('',*,*,#5043,.T.);
#10703 = ORIENTED_EDGE('',*,*,#5076,.T.);
#10704 = ORIENTED_EDGE('',*,*,#5107,.T.);
#10705 = ORIENTED_EDGE('',*,*,#5140,.T.);
#10706 = ORIENTED_EDGE('',*,*,#5171,.T.);
#10707 = ORIENTED_EDGE('',*,*,#5204,.T.);
#10708 = ORIENTED_EDGE('',*,*,#5235,.T.);
#10709 = ORIENTED_EDGE('',*,*,#5268,.T.);
#10710 = ORIENTED_EDGE('',*,*,#5299,.T.);
#10711 = ORIENTED_EDGE('',*,*,#5332,.T.);
#10712 = ORIENTED_EDGE('',*,*,#5363,.T.);
#10713 = ORIENTED_EDGE('',*,*,#5396,.T.);
#10714 = ORIENTED_EDGE('',*,*,#5427,.T.);
#10715 = ORIENTED_EDGE('',*,*,#5460,.T.);
#10716 = ORIENTED_EDGE('',*,*,#5491,.T.);
#10717 = ORIENTED_EDGE('',*,*,#5524,.T.);
#10718 = ORIENTED_EDGE('',*,*,#5555,.T.);
#10719 = ORIENTED_EDGE('',*,*,#5588,.T.);
#10720 = ORIENTED_EDGE('',*,*,#5619,.T.);
#10721 = ORIENTED_EDGE('',*,*,#5652,.T.);
#10722 = ORIENTED_EDGE('',*,*,#5683,.T.);
#10723 = ORIENTED_EDGE('',*,*,#5716,.T.);
#10724 = ORIENTED_EDGE('',*,*,#5747,.T.);
#10725 = ORIENTED_EDGE('',*,*,#5780,.T.);
#10726 = ORIENTED_EDGE('',*,*,#5811,.T.);
#10727 = ORIENTED_EDGE('',*,*,#5844,.T.);
#10728 = ORIENTED_EDGE('',*,*,#5875,.T.);
#10729 = ORIENTED_EDGE('',*,*,#5908,.T.);
#10730 = ORIENTED_EDGE('',*,*,#5939,.T.);
#10731 = ORIENTED_EDGE('',*,*,#5970,.T.);
#10732 = ORIENTED_EDGE('',*,*,#6003,.T.);
#10733 = ORIENTED_EDGE('',*,*,#6034,.T.);
#10734 = ORIENTED_EDGE('',*,*,#6065,.T.);
#10735 = ORIENTED_EDGE('',*,*,#6096,.T.);
#10736 = ORIENTED_EDGE('',*,*,#6127,.T.);
#10737 = ORIENTED_EDGE('',*,*,#6160,.T.);
#10738 = ORIENTED_EDGE('',*,*,#6191,.T.);
#10739 = ORIENTED_EDGE('',*,*,#6224,.T.);
#10740 = ORIENTED_EDGE('',*,*,#6255,.T.);
#10741 = ORIENTED_EDGE('',*,*,#6288,.T.);
#10742 = ORIENTED_EDGE('',*,*,#6319,.T.);
#10743 = ORIENTED_EDGE('',*,*,#6352,.T.);
#10744 = ORIENTED_EDGE('',*,*,#6383,.T.);
#10745 = ORIENTED_EDGE('',*,*,#6416,.T.);
#10746 = ORIENTED_EDGE('',*,*,#6447,.T.);
#10747 = ORIENTED_EDGE('',*,*,#6480,.T.);
#10748 = ORIENTED_EDGE('',*,*,#6511,.T.);
#10749 = ORIENTED_EDGE('',*,*,#6544,.T.);
#10750 = ORIENTED_EDGE('',*,*,#6575,.T.);
#10751 = ORIENTED_EDGE('',*,*,#6608,.T.);
#10752 = ORIENTED_EDGE('',*,*,#6639,.T.);
#10753 = ORIENTED_EDGE('',*,*,#6672,.T.);
#10754 = ORIENTED_EDGE('',*,*,#6703,.T.);
#10755 = ORIENTED_EDGE('',*,*,#6736,.T.);
#10756 = ORIENTED_EDGE('',*,*,#6767,.T.);
#10757 = ORIENTED_EDGE('',*,*,#6800,.T.);
#10758 = ORIENTED_EDGE('',*,*,#6831,.T.);
#10759 = ORIENTED_EDGE('',*,*,#6864,.T.);
#10760 = ORIENTED_EDGE('',*,*,#6895,.T.);
#10761 = ORIENTED_EDGE('',*,*,#6928,.T.);
#10762 = ORIENTED_EDGE('',*,*,#6959,.T.);
#10763 = ORIENTED_EDGE('',*,*,#6992,.T.);
#10764 = ORIENTED_EDGE('',*,*,#7023,.T.);
#10765 = ORIENTED_EDGE('',*,*,#7056,.T.);
#10766 = ORIENTED_EDGE('',*,*,#7087,.T.);
#10767 = ORIENTED_EDGE('',*,*,#7120,.T.);
#10768 = ORIENTED_EDGE('',*,*,#7151,.T.);
#10769 = ORIENTED_EDGE('',*,*,#7184,.T.);
#10770 = ORIENTED_EDGE('',*,*,#7215,.T.);
#10771 = ORIENTED_EDGE('',*,*,#7248,.T.);
#10772 = ORIENTED_EDGE('',*,*,#7279,.T.);
#10773 = ORIENTED_EDGE('',*,*,#7312,.T.);
#10774 = ORIENTED_EDGE('',*,*,#7343,.T.);
#10775 = ORIENTED_EDGE('',*,*,#7376,.T.);
#10776 = ORIENTED_EDGE('',*,*,#7407,.T.);
#10777 = ORIENTED_EDGE('',*,*,#7440,.T.);
#10778 = ORIENTED_EDGE('',*,*,#7471,.T.);
#10779 = ORIENTED_EDGE('',*,*,#7504,.T.);
#10780 = ORIENTED_EDGE('',*,*,#7535,.T.);
#10781 = ORIENTED_EDGE('',*,*,#7568,.T.);
#10782 = ORIENTED_EDGE('',*,*,#7599,.T.);
#10783 = ORIENTED_EDGE('',*,*,#7632,.T.);
#10784 = ORIENTED_EDGE('',*,*,#7663,.T.);
#10785 = ORIENTED_EDGE('',*,*,#7696,.T.);
#10786 = ORIENTED_EDGE('',*,*,#7727,.T.);
#10787 = ORIENTED_EDGE('',*,*,#7760,.T.);
#10788 = ORIENTED_EDGE('',*,*,#7791,.T.);
#10789 = ORIENTED_EDGE('',*,*,#7824,.T.);
#10790 = ORIENTED_EDGE('',*,*,#7855,.T.);
#10791 = ORIENTED_EDGE('',*,*,#7888,.T.);
#10792 = ORIENTED_EDGE('',*,*,#7919,.T.);
#10793 = ORIENTED_EDGE('',*,*,#7952,.T.);
#10794 = ORIENTED_EDGE('',*,*,#7983,.T.);
#10795 = ORIENTED_EDGE('',*,*,#8016,.T.);
#10796 = ORIENTED_EDGE('',*,*,#8047,.T.);
#10797 = ORIENTED_EDGE('',*,*,#8080,.T.);
#10798 = ORIENTED_EDGE('',*,*,#8111,.T.);
#10799 = ORIENTED_EDGE('',*,*,#8144,.T.);
#10800 = ORIENTED_EDGE('',*,*,#8175,.T.);
#10801 = ORIENTED_EDGE('',*,*,#8208,.T.);
#10802 = ORIENTED_EDGE('',*,*,#8239,.T.);
#10803 = ORIENTED_EDGE('',*,*,#8272,.T.);
#10804 = ORIENTED_EDGE('',*,*,#8303,.T.);
#10805 = ORIENTED_EDGE('',*,*,#8336,.T.);
#10806 = ORIENTED_EDGE('',*,*,#8367,.T.);
#10807 = ORIENTED_EDGE('',*,*,#8400,.T.);
#10808 = ORIENTED_EDGE('',*,*,#8431,.T.);
#10809 = ORIENTED_EDGE('',*,*,#8464,.T.);
#10810 = ORIENTED_EDGE('',*,*,#8495,.T.);
#10811 = ORIENTED_EDGE('',*,*,#8528,.T.);
#10812 = ORIENTED_EDGE('',*,*,#8559,.T.);
#10813 = ORIENTED_EDGE('',*,*,#8592,.T.);
#10814 = ORIENTED_EDGE('',*,*,#8623,.T.);
#10815 = ORIENTED_EDGE('',*,*,#8656,.T.);
#10816 = ORIENTED_EDGE('',*,*,#8687,.T.);
#10817 = ORIENTED_EDGE('',*,*,#8720,.T.);
#10818 = ORIENTED_EDGE('',*,*,#8751,.T.);
#10819 = ORIENTED_EDGE('',*,*,#8784,.T.);
#10820 = ORIENTED_EDGE('',*,*,#8815,.T.);
#10821 = ORIENTED_EDGE('',*,*,#8848,.T.);
#10822 = ORIENTED_EDGE('',*,*,#8879,.T.);
#10823 = ORIENTED_EDGE('',*,*,#8912,.T.);
#10824 = ORIENTED_EDGE('',*,*,#8943,.T.);
#10825 = ORIENTED_EDGE('',*,*,#8976,.T.);
#10826 = ORIENTED_EDGE('',*,*,#9007,.T.);
#10827 = ORIENTED_EDGE('',*,*,#9040,.T.);
#10828 = ORIENTED_EDGE('',*,*,#9071,.T.);
#10829 = ORIENTED_EDGE('',*,*,#9104,.T.);
#10830 = ORIENTED_EDGE('',*,*,#9135,.T.);
#10831 = ORIENTED_EDGE('',*,*,#9168,.T.);
#10832 = ORIENTED_EDGE('',*,*,#9199,.T.);
#10833 = ORIENTED_EDGE('',*,*,#9232,.T.);
#10834 = ORIENTED_EDGE('',*,*,#9263,.T.);
#10835 = ORIENTED_EDGE('',*,*,#9296,.T.);
#10836 = ORIENTED_EDGE('',*,*,#9327,.T.);
#10837 = ORIENTED_EDGE('',*,*,#9360,.T.);
#10838 = ORIENTED_EDGE('',*,*,#9391,.T.);
#10839 = ORIENTED_EDGE('',*,*,#9424,.T.);
#10840 = ORIENTED_EDGE('',*,*,#9455,.T.);
#10841 = ORIENTED_EDGE('',*,*,#9488,.T.);
#10842 = ORIENTED_EDGE('',*,*,#9519,.T.);
#10843 = ORIENTED_EDGE('',*,*,#9552,.T.);
#10844 = ORIENTED_EDGE('',*,*,#9583,.T.);
#10845 = ORIENTED_EDGE('',*,*,#9616,.T.);
#10846 = ORIENTED_EDGE('',*,*,#9647,.T.);
#10847 = ORIENTED_EDGE('',*,*,#9680,.T.);
#10848 = ORIENTED_EDGE('',*,*,#9711,.T.);
#10849 = ORIENTED_EDGE('',*,*,#9744,.T.);
#10850 = ORIENTED_EDGE('',*,*,#9775,.T.);
#10851 = ORIENTED_EDGE('',*,*,#9808,.T.);
#10852 = ORIENTED_EDGE('',*,*,#9839,.T.);
#10853 = ORIENTED_EDGE('',*,*,#9870,.T.);
#10854 = ORIENTED_EDGE('',*,*,#9901,.T.);
#10855 = ORIENTED_EDGE('',*,*,#9932,.T.);
#10856 = ORIENTED_EDGE('',*,*,#9963,.T.);
#10857 = ORIENTED_EDGE('',*,*,#9994,.T.);
#10858 = ORIENTED_EDGE('',*,*,#10025,.T.);
#10859 = ORIENTED_EDGE('',*,*,#10056,.T.);
#10860 = ORIENTED_EDGE('',*,*,#10089,.T.);
#10861 = ORIENTED_EDGE('',*,*,#10120,.T.);
#10862 = ORIENTED_EDGE('',*,*,#10151,.T.);
#10863 = ORIENTED_EDGE('',*,*,#10184,.T.);
#10864 = ORIENTED_EDGE('',*,*,#10215,.T.);
#10865 = ORIENTED_EDGE('',*,*,#10248,.T.);
#10866 = ORIENTED_EDGE('',*,*,#10279,.T.);
#10867 = ORIENTED_EDGE('',*,*,#10312,.T.);
#10868 = PLANE('',#10869);
#10869 = AXIS2_PLACEMENT_3D('',#10870,#10871,#10872);
#10870 = CARTESIAN_POINT('',(0.,0.,1.545));
#10871 = DIRECTION('',(0.,0.,1.));
#10872 = DIRECTION('',(1.,0.,-0.));
#10873 = ( GEOMETRIC_REPRESENTATION_CONTEXT(3) 
GLOBAL_UNCERTAINTY_ASSIGNED_CONTEXT((#10877)) 
GLOBAL_UNIT_ASSIGNED_CONTEXT((#10874,#10875,#10876)) 
REPRESENTATION_CONTEXT('Context #1',
  '3D Context with UNIT and UNCERTAINTY') );
#10874 = ( LENGTH_UNIT() NAMED_UNIT(*) SI_UNIT(.MILLI.,.METRE.) );
#10875 = ( NAMED_UNIT(*) PLANE_ANGLE_UNIT() SI_UNIT($,.RADIAN.) );
#10876 = ( NAMED_UNIT(*) SI_UNIT($,.STERADIAN.) SOLID_ANGLE_UNIT() );
#10877 = UNCERTAINTY_MEASURE_WITH_UNIT(LENGTH_MEASURE(1.E-07),#10874,
  'distance_accuracy_value','confusion accuracy');
#10878 = CONTEXT_DEPENDENT_SHAPE_REPRESENTATION(#10879,#10881);
#10879 = ( REPRESENTATION_RELATIONSHIP('','',#40,#10) 
REPRESENTATION_RELATIONSHIP_WITH_TRANSFORMATION(#10880) 
SHAPE_REPRESENTATION_RELATIONSHIP() );
#10880 = ITEM_DEFINED_TRANSFORMATION('','',#11,#15);
#10881 = PRODUCT_DEFINITION_SHAPE('Placement','Placement of an item',
  #10882);
#10882 = NEXT_ASSEMBLY_USAGE_OCCURRENCE('1','=>[0:1:1:2]','',#5,#35,$);
#10883 = PRODUCT_RELATED_PRODUCT_CATEGORY('part',$,(#37));
#10884 = SHAPE_DEFINITION_REPRESENTATION(#10885,#10891);
#10885 = PRODUCT_DEFINITION_SHAPE('','',#10886);
#10886 = PRODUCT_DEFINITION('design','',#10887,#10890);
#10887 = PRODUCT_DEFINITION_FORMATION('','',#10888);
#10888 = PRODUCT('Heating board - Copy_pad','Heating board - Copy_pad',
  '',(#10889));
#10889 = PRODUCT_CONTEXT('',#2,'mechanical');
#10890 = PRODUCT_DEFINITION_CONTEXT('part definition',#2,'design');
#10891 = SHAPE_REPRESENTATION('',(#11,#10892,#10984,#11076,#11168,#11260
    ,#11352,#11444,#11536,#11628,#11720,#11812,#11904,#11996,#12088,
    #12180,#12272,#12364,#12456,#12548,#12640,#12732,#13061,#13390,
    #13482,#13772,#14101,#14430,#14522,#14812,#15102,#15392,#15721,
    #16050,#16142,#16471,#16800),#16892);
#10892 = MANIFOLD_SOLID_BREP('',#10893);
#10893 = CLOSED_SHELL('',(#10894,#10927,#10947,#10967));
#10894 = ADVANCED_FACE('',(#10895),#10922,.T.);
#10895 = FACE_BOUND('',#10896,.F.);
#10896 = EDGE_LOOP('',(#10897,#10907,#10914,#10915));
#10897 = ORIENTED_EDGE('',*,*,#10898,.T.);
#10898 = EDGE_CURVE('',#10899,#10901,#10903,.T.);
#10899 = VERTEX_POINT('',#10900);
#10900 = CARTESIAN_POINT('',(160.89,-53.12,1.51));
#10901 = VERTEX_POINT('',#10902);
#10902 = CARTESIAN_POINT('',(160.89,-53.12,1.55));
#10903 = LINE('',#10904,#10905);
#10904 = CARTESIAN_POINT('',(160.89,-53.12,1.51));
#10905 = VECTOR('',#10906,1.);
#10906 = DIRECTION('',(0.,0.,1.));
#10907 = ORIENTED_EDGE('',*,*,#10908,.T.);
#10908 = EDGE_CURVE('',#10901,#10901,#10909,.T.);
#10909 = CIRCLE('',#10910,1.3);
#10910 = AXIS2_PLACEMENT_3D('',#10911,#10912,#10913);
#10911 = CARTESIAN_POINT('',(159.59,-53.12,1.55));
#10912 = DIRECTION('',(0.,0.,1.));
#10913 = DIRECTION('',(1.,0.,-0.));
#10914 = ORIENTED_EDGE('',*,*,#10898,.F.);
#10915 = ORIENTED_EDGE('',*,*,#10916,.F.);
#10916 = EDGE_CURVE('',#10899,#10899,#10917,.T.);
#10917 = CIRCLE('',#10918,1.3);
#10918 = AXIS2_PLACEMENT_3D('',#10919,#10920,#10921);
#10919 = CARTESIAN_POINT('',(159.59,-53.12,1.51));
#10920 = DIRECTION('',(0.,0.,1.));
#10921 = DIRECTION('',(1.,0.,-0.));
#10922 = CYLINDRICAL_SURFACE('',#10923,1.3);
#10923 = AXIS2_PLACEMENT_3D('',#10924,#10925,#10926);
#10924 = CARTESIAN_POINT('',(159.59,-53.12,1.51));
#10925 = DIRECTION('',(-0.,-0.,-1.));
#10926 = DIRECTION('',(1.,0.,-0.));
#10927 = ADVANCED_FACE('',(#10928,#10931),#10942,.F.);
#10928 = FACE_BOUND('',#10929,.F.);
#10929 = EDGE_LOOP('',(#10930));
#10930 = ORIENTED_EDGE('',*,*,#10916,.T.);
#10931 = FACE_BOUND('',#10932,.F.);
#10932 = EDGE_LOOP('',(#10933));
#10933 = ORIENTED_EDGE('',*,*,#10934,.T.);
#10934 = EDGE_CURVE('',#10935,#10935,#10937,.T.);
#10935 = VERTEX_POINT('',#10936);
#10936 = CARTESIAN_POINT('',(159.59,-54.195,1.51));
#10937 = CIRCLE('',#10938,1.075);
#10938 = AXIS2_PLACEMENT_3D('',#10939,#10940,#10941);
#10939 = CARTESIAN_POINT('',(159.59,-53.12,1.51));
#10940 = DIRECTION('',(-0.,0.,-1.));
#10941 = DIRECTION('',(2.643879947014E-14,-1.,-0.));
#10942 = PLANE('',#10943);
#10943 = AXIS2_PLACEMENT_3D('',#10944,#10945,#10946);
#10944 = CARTESIAN_POINT('',(0.,0.,1.51));
#10945 = DIRECTION('',(0.,0.,1.));
#10946 = DIRECTION('',(1.,0.,-0.));
#10947 = ADVANCED_FACE('',(#10948,#10951),#10962,.T.);
#10948 = FACE_BOUND('',#10949,.T.);
#10949 = EDGE_LOOP('',(#10950));
#10950 = ORIENTED_EDGE('',*,*,#10908,.T.);
#10951 = FACE_BOUND('',#10952,.T.);
#10952 = EDGE_LOOP('',(#10953));
#10953 = ORIENTED_EDGE('',*,*,#10954,.T.);
#10954 = EDGE_CURVE('',#10955,#10955,#10957,.T.);
#10955 = VERTEX_POINT('',#10956);
#10956 = CARTESIAN_POINT('',(159.59,-54.195,1.55));
#10957 = CIRCLE('',#10958,1.075);
#10958 = AXIS2_PLACEMENT_3D('',#10959,#10960,#10961);
#10959 = CARTESIAN_POINT('',(159.59,-53.12,1.55));
#10960 = DIRECTION('',(-0.,0.,-1.));
#10961 = DIRECTION('',(2.643879947014E-14,-1.,-0.));
#10962 = PLANE('',#10963);
#10963 = AXIS2_PLACEMENT_3D('',#10964,#10965,#10966);
#10964 = CARTESIAN_POINT('',(0.,0.,1.55));
#10965 = DIRECTION('',(0.,0.,1.));
#10966 = DIRECTION('',(1.,0.,-0.));
#10967 = ADVANCED_FACE('',(#10968),#10979,.F.);
#10968 = FACE_BOUND('',#10969,.T.);
#10969 = EDGE_LOOP('',(#10970,#10971,#10977,#10978));
#10970 = ORIENTED_EDGE('',*,*,#10934,.T.);
#10971 = ORIENTED_EDGE('',*,*,#10972,.T.);
#10972 = EDGE_CURVE('',#10935,#10955,#10973,.T.);
#10973 = LINE('',#10974,#10975);
#10974 = CARTESIAN_POINT('',(159.59,-54.195,-4.6E-02));
#10975 = VECTOR('',#10976,1.);
#10976 = DIRECTION('',(0.,0.,1.));
#10977 = ORIENTED_EDGE('',*,*,#10954,.F.);
#10978 = ORIENTED_EDGE('',*,*,#10972,.F.);
#10979 = CYLINDRICAL_SURFACE('',#10980,1.075);
#10980 = AXIS2_PLACEMENT_3D('',#10981,#10982,#10983);
#10981 = CARTESIAN_POINT('',(159.59,-53.12,-4.6E-02));
#10982 = DIRECTION('',(-0.,0.,-1.));
#10983 = DIRECTION('',(2.643879947014E-14,-1.,-0.));
#10984 = MANIFOLD_SOLID_BREP('',#10985);
#10985 = CLOSED_SHELL('',(#10986,#11019,#11039,#11059));
#10986 = ADVANCED_FACE('',(#10987),#11014,.T.);
#10987 = FACE_BOUND('',#10988,.T.);
#10988 = EDGE_LOOP('',(#10989,#10999,#11006,#11007));
#10989 = ORIENTED_EDGE('',*,*,#10990,.T.);
#10990 = EDGE_CURVE('',#10991,#10993,#10995,.T.);
#10991 = VERTEX_POINT('',#10992);
#10992 = CARTESIAN_POINT('',(160.89,-53.12,0.));
#10993 = VERTEX_POINT('',#10994);
#10994 = CARTESIAN_POINT('',(160.89,-53.12,-4.E-02));
#10995 = LINE('',#10996,#10997);
#10996 = CARTESIAN_POINT('',(160.89,-53.12,0.));
#10997 = VECTOR('',#10998,1.);
#10998 = DIRECTION('',(0.,0.,-1.));
#10999 = ORIENTED_EDGE('',*,*,#11000,.T.);
#11000 = EDGE_CURVE('',#10993,#10993,#11001,.T.);
#11001 = CIRCLE('',#11002,1.3);
#11002 = AXIS2_PLACEMENT_3D('',#11003,#11004,#11005);
#11003 = CARTESIAN_POINT('',(159.59,-53.12,-4.E-02));
#11004 = DIRECTION('',(0.,0.,1.));
#11005 = DIRECTION('',(1.,0.,-0.));
#11006 = ORIENTED_EDGE('',*,*,#10990,.F.);
#11007 = ORIENTED_EDGE('',*,*,#11008,.F.);
#11008 = EDGE_CURVE('',#10991,#10991,#11009,.T.);
#11009 = CIRCLE('',#11010,1.3);
#11010 = AXIS2_PLACEMENT_3D('',#11011,#11012,#11013);
#11011 = CARTESIAN_POINT('',(159.59,-53.12,0.));
#11012 = DIRECTION('',(0.,0.,1.));
#11013 = DIRECTION('',(1.,0.,-0.));
#11014 = CYLINDRICAL_SURFACE('',#11015,1.3);
#11015 = AXIS2_PLACEMENT_3D('',#11016,#11017,#11018);
#11016 = CARTESIAN_POINT('',(159.59,-53.12,0.));
#11017 = DIRECTION('',(0.,0.,1.));
#11018 = DIRECTION('',(1.,0.,-0.));
#11019 = ADVANCED_FACE('',(#11020,#11023),#11034,.F.);
#11020 = FACE_BOUND('',#11021,.F.);
#11021 = EDGE_LOOP('',(#11022));
#11022 = ORIENTED_EDGE('',*,*,#11008,.F.);
#11023 = FACE_BOUND('',#11024,.F.);
#11024 = EDGE_LOOP('',(#11025));
#11025 = ORIENTED_EDGE('',*,*,#11026,.F.);
#11026 = EDGE_CURVE('',#11027,#11027,#11029,.T.);
#11027 = VERTEX_POINT('',#11028);
#11028 = CARTESIAN_POINT('',(159.59,-54.195,0.));
#11029 = CIRCLE('',#11030,1.075);
#11030 = AXIS2_PLACEMENT_3D('',#11031,#11032,#11033);
#11031 = CARTESIAN_POINT('',(159.59,-53.12,0.));
#11032 = DIRECTION('',(-0.,0.,-1.));
#11033 = DIRECTION('',(2.643879947014E-14,-1.,-0.));
#11034 = PLANE('',#11035);
#11035 = AXIS2_PLACEMENT_3D('',#11036,#11037,#11038);
#11036 = CARTESIAN_POINT('',(0.,0.,0.));
#11037 = DIRECTION('',(-0.,-0.,-1.));
#11038 = DIRECTION('',(-1.,0.,0.));
#11039 = ADVANCED_FACE('',(#11040,#11043),#11054,.T.);
#11040 = FACE_BOUND('',#11041,.T.);
#11041 = EDGE_LOOP('',(#11042));
#11042 = ORIENTED_EDGE('',*,*,#11000,.F.);
#11043 = FACE_BOUND('',#11044,.T.);
#11044 = EDGE_LOOP('',(#11045));
#11045 = ORIENTED_EDGE('',*,*,#11046,.F.);
#11046 = EDGE_CURVE('',#11047,#11047,#11049,.T.);
#11047 = VERTEX_POINT('',#11048);
#11048 = CARTESIAN_POINT('',(159.59,-54.195,-4.E-02));
#11049 = CIRCLE('',#11050,1.075);
#11050 = AXIS2_PLACEMENT_3D('',#11051,#11052,#11053);
#11051 = CARTESIAN_POINT('',(159.59,-53.12,-4.E-02));
#11052 = DIRECTION('',(-0.,0.,-1.));
#11053 = DIRECTION('',(2.643879947014E-14,-1.,-0.));
#11054 = PLANE('',#11055);
#11055 = AXIS2_PLACEMENT_3D('',#11056,#11057,#11058);
#11056 = CARTESIAN_POINT('',(0.,0.,-4.E-02));
#11057 = DIRECTION('',(-0.,-0.,-1.));
#11058 = DIRECTION('',(-1.,0.,0.));
#11059 = ADVANCED_FACE('',(#11060),#11071,.F.);
#11060 = FACE_BOUND('',#11061,.T.);
#11061 = EDGE_LOOP('',(#11062,#11063,#11069,#11070));
#11062 = ORIENTED_EDGE('',*,*,#11046,.T.);
#11063 = ORIENTED_EDGE('',*,*,#11064,.T.);
#11064 = EDGE_CURVE('',#11047,#11027,#11065,.T.);
#11065 = LINE('',#11066,#11067);
#11066 = CARTESIAN_POINT('',(159.59,-54.195,-4.6E-02));
#11067 = VECTOR('',#11068,1.);
#11068 = DIRECTION('',(0.,0.,1.));
#11069 = ORIENTED_EDGE('',*,*,#11026,.F.);
#11070 = ORIENTED_EDGE('',*,*,#11064,.F.);
#11071 = CYLINDRICAL_SURFACE('',#11072,1.075);
#11072 = AXIS2_PLACEMENT_3D('',#11073,#11074,#11075);
#11073 = CARTESIAN_POINT('',(159.59,-53.12,-4.6E-02));
#11074 = DIRECTION('',(-0.,0.,-1.));
#11075 = DIRECTION('',(2.643879947014E-14,-1.,-0.));
#11076 = MANIFOLD_SOLID_BREP('',#11077);
#11077 = CLOSED_SHELL('',(#11078,#11111,#11131,#11151));
#11078 = ADVANCED_FACE('',(#11079),#11106,.T.);
#11079 = FACE_BOUND('',#11080,.F.);
#11080 = EDGE_LOOP('',(#11081,#11091,#11098,#11099));
#11081 = ORIENTED_EDGE('',*,*,#11082,.T.);
#11082 = EDGE_CURVE('',#11083,#11085,#11087,.T.);
#11083 = VERTEX_POINT('',#11084);
#11084 = CARTESIAN_POINT('',(159.59,-54.22,-4.E-02));
#11085 = VERTEX_POINT('',#11086);
#11086 = CARTESIAN_POINT('',(159.59,-54.22,1.55));
#11087 = LINE('',#11088,#11089);
#11088 = CARTESIAN_POINT('',(159.59,-54.22,-4.E-02));
#11089 = VECTOR('',#11090,1.);
#11090 = DIRECTION('',(0.,0.,1.));
#11091 = ORIENTED_EDGE('',*,*,#11092,.T.);
#11092 = EDGE_CURVE('',#11085,#11085,#11093,.T.);
#11093 = CIRCLE('',#11094,1.1);
#11094 = AXIS2_PLACEMENT_3D('',#11095,#11096,#11097);
#11095 = CARTESIAN_POINT('',(159.59,-53.12,1.55));
#11096 = DIRECTION('',(0.,0.,1.));
#11097 = DIRECTION('',(-0.,-1.,0.));
#11098 = ORIENTED_EDGE('',*,*,#11082,.F.);
#11099 = ORIENTED_EDGE('',*,*,#11100,.F.);
#11100 = EDGE_CURVE('',#11083,#11083,#11101,.T.);
#11101 = CIRCLE('',#11102,1.1);
#11102 = AXIS2_PLACEMENT_3D('',#11103,#11104,#11105);
#11103 = CARTESIAN_POINT('',(159.59,-53.12,-4.E-02));
#11104 = DIRECTION('',(0.,0.,1.));
#11105 = DIRECTION('',(-0.,-1.,0.));
#11106 = CYLINDRICAL_SURFACE('',#11107,1.1);
#11107 = AXIS2_PLACEMENT_3D('',#11108,#11109,#11110);
#11108 = CARTESIAN_POINT('',(159.59,-53.12,-4.E-02));
#11109 = DIRECTION('',(-0.,-0.,-1.));
#11110 = DIRECTION('',(-0.,-1.,0.));
#11111 = ADVANCED_FACE('',(#11112,#11115),#11126,.F.);
#11112 = FACE_BOUND('',#11113,.F.);
#11113 = EDGE_LOOP('',(#11114));
#11114 = ORIENTED_EDGE('',*,*,#11100,.T.);
#11115 = FACE_BOUND('',#11116,.F.);
#11116 = EDGE_LOOP('',(#11117));
#11117 = ORIENTED_EDGE('',*,*,#11118,.T.);
#11118 = EDGE_CURVE('',#11119,#11119,#11121,.T.);
#11119 = VERTEX_POINT('',#11120);
#11120 = CARTESIAN_POINT('',(159.59,-54.195,-4.E-02));
#11121 = CIRCLE('',#11122,1.075);
#11122 = AXIS2_PLACEMENT_3D('',#11123,#11124,#11125);
#11123 = CARTESIAN_POINT('',(159.59,-53.12,-4.E-02));
#11124 = DIRECTION('',(-0.,0.,-1.));
#11125 = DIRECTION('',(2.643879947014E-14,-1.,-0.));
#11126 = PLANE('',#11127);
#11127 = AXIS2_PLACEMENT_3D('',#11128,#11129,#11130);
#11128 = CARTESIAN_POINT('',(159.59,-54.22,-4.E-02));
#11129 = DIRECTION('',(0.,0.,1.));
#11130 = DIRECTION('',(1.,0.,-0.));
#11131 = ADVANCED_FACE('',(#11132,#11135),#11146,.T.);
#11132 = FACE_BOUND('',#11133,.T.);
#11133 = EDGE_LOOP('',(#11134));
#11134 = ORIENTED_EDGE('',*,*,#11092,.T.);
#11135 = FACE_BOUND('',#11136,.T.);
#11136 = EDGE_LOOP('',(#11137));
#11137 = ORIENTED_EDGE('',*,*,#11138,.T.);
#11138 = EDGE_CURVE('',#11139,#11139,#11141,.T.);
#11139 = VERTEX_POINT('',#11140);
#11140 = CARTESIAN_POINT('',(159.59,-54.195,1.55));
#11141 = CIRCLE('',#11142,1.075);
#11142 = AXIS2_PLACEMENT_3D('',#11143,#11144,#11145);
#11143 = CARTESIAN_POINT('',(159.59,-53.12,1.55));
#11144 = DIRECTION('',(-0.,0.,-1.));
#11145 = DIRECTION('',(2.643879947014E-14,-1.,-0.));
#11146 = PLANE('',#11147);
#11147 = AXIS2_PLACEMENT_3D('',#11148,#11149,#11150);
#11148 = CARTESIAN_POINT('',(159.59,-54.22,1.55));
#11149 = DIRECTION('',(0.,0.,1.));
#11150 = DIRECTION('',(1.,0.,-0.));
#11151 = ADVANCED_FACE('',(#11152),#11163,.F.);
#11152 = FACE_BOUND('',#11153,.T.);
#11153 = EDGE_LOOP('',(#11154,#11155,#11161,#11162));
#11154 = ORIENTED_EDGE('',*,*,#11118,.T.);
#11155 = ORIENTED_EDGE('',*,*,#11156,.T.);
#11156 = EDGE_CURVE('',#11119,#11139,#11157,.T.);
#11157 = LINE('',#11158,#11159);
#11158 = CARTESIAN_POINT('',(159.59,-54.195,-4.6E-02));
#11159 = VECTOR('',#11160,1.);
#11160 = DIRECTION('',(0.,0.,1.));
#11161 = ORIENTED_EDGE('',*,*,#11138,.F.);
#11162 = ORIENTED_EDGE('',*,*,#11156,.F.);
#11163 = CYLINDRICAL_SURFACE('',#11164,1.075);
#11164 = AXIS2_PLACEMENT_3D('',#11165,#11166,#11167);
#11165 = CARTESIAN_POINT('',(159.59,-53.12,-4.6E-02));
#11166 = DIRECTION('',(-0.,0.,-1.));
#11167 = DIRECTION('',(2.643879947014E-14,-1.,-0.));
#11168 = MANIFOLD_SOLID_BREP('',#11169);
#11169 = CLOSED_SHELL('',(#11170,#11203,#11223,#11243));
#11170 = ADVANCED_FACE('',(#11171),#11198,.T.);
#11171 = FACE_BOUND('',#11172,.F.);
#11172 = EDGE_LOOP('',(#11173,#11183,#11190,#11191));
#11173 = ORIENTED_EDGE('',*,*,#11174,.T.);
#11174 = EDGE_CURVE('',#11175,#11177,#11179,.T.);
#11175 = VERTEX_POINT('',#11176);
#11176 = CARTESIAN_POINT('',(161.49,-53.12,1.51));
#11177 = VERTEX_POINT('',#11178);
#11178 = CARTESIAN_POINT('',(161.49,-53.12,1.55));
#11179 = LINE('',#11180,#11181);
#11180 = CARTESIAN_POINT('',(161.49,-53.12,1.51));
#11181 = VECTOR('',#11182,1.);
#11182 = DIRECTION('',(0.,0.,1.));
#11183 = ORIENTED_EDGE('',*,*,#11184,.T.);
#11184 = EDGE_CURVE('',#11177,#11177,#11185,.T.);
#11185 = CIRCLE('',#11186,1.9);
#11186 = AXIS2_PLACEMENT_3D('',#11187,#11188,#11189);
#11187 = CARTESIAN_POINT('',(159.59,-53.12,1.55));
#11188 = DIRECTION('',(0.,0.,1.));
#11189 = DIRECTION('',(1.,0.,-0.));
#11190 = ORIENTED_EDGE('',*,*,#11174,.F.);
#11191 = ORIENTED_EDGE('',*,*,#11192,.F.);
#11192 = EDGE_CURVE('',#11175,#11175,#11193,.T.);
#11193 = CIRCLE('',#11194,1.9);
#11194 = AXIS2_PLACEMENT_3D('',#11195,#11196,#11197);
#11195 = CARTESIAN_POINT('',(159.59,-53.12,1.51));
#11196 = DIRECTION('',(0.,0.,1.));
#11197 = DIRECTION('',(1.,0.,-0.));
#11198 = CYLINDRICAL_SURFACE('',#11199,1.9);
#11199 = AXIS2_PLACEMENT_3D('',#11200,#11201,#11202);
#11200 = CARTESIAN_POINT('',(159.59,-53.12,1.51));
#11201 = DIRECTION('',(-0.,-0.,-1.));
#11202 = DIRECTION('',(1.,0.,-0.));
#11203 = ADVANCED_FACE('',(#11204,#11207),#11218,.F.);
#11204 = FACE_BOUND('',#11205,.F.);
#11205 = EDGE_LOOP('',(#11206));
#11206 = ORIENTED_EDGE('',*,*,#11192,.T.);
#11207 = FACE_BOUND('',#11208,.F.);
#11208 = EDGE_LOOP('',(#11209));
#11209 = ORIENTED_EDGE('',*,*,#11210,.T.);
#11210 = EDGE_CURVE('',#11211,#11211,#11213,.T.);
#11211 = VERTEX_POINT('',#11212);
#11212 = CARTESIAN_POINT('',(159.59,-54.195,1.51));
#11213 = CIRCLE('',#11214,1.075);
#11214 = AXIS2_PLACEMENT_3D('',#11215,#11216,#11217);
#11215 = CARTESIAN_POINT('',(159.59,-53.12,1.51));
#11216 = DIRECTION('',(-0.,0.,-1.));
#11217 = DIRECTION('',(2.643879947014E-14,-1.,-0.));
#11218 = PLANE('',#11219);
#11219 = AXIS2_PLACEMENT_3D('',#11220,#11221,#11222);
#11220 = CARTESIAN_POINT('',(0.,0.,1.51));
#11221 = DIRECTION('',(0.,0.,1.));
#11222 = DIRECTION('',(1.,0.,-0.));
#11223 = ADVANCED_FACE('',(#11224,#11227),#11238,.T.);
#11224 = FACE_BOUND('',#11225,.T.);
#11225 = EDGE_LOOP('',(#11226));
#11226 = ORIENTED_EDGE('',*,*,#11184,.T.);
#11227 = FACE_BOUND('',#11228,.T.);
#11228 = EDGE_LOOP('',(#11229));
#11229 = ORIENTED_EDGE('',*,*,#11230,.T.);
#11230 = EDGE_CURVE('',#11231,#11231,#11233,.T.);
#11231 = VERTEX_POINT('',#11232);
#11232 = CARTESIAN_POINT('',(159.59,-54.195,1.55));
#11233 = CIRCLE('',#11234,1.075);
#11234 = AXIS2_PLACEMENT_3D('',#11235,#11236,#11237);
#11235 = CARTESIAN_POINT('',(159.59,-53.12,1.55));
#11236 = DIRECTION('',(-0.,0.,-1.));
#11237 = DIRECTION('',(2.643879947014E-14,-1.,-0.));
#11238 = PLANE('',#11239);
#11239 = AXIS2_PLACEMENT_3D('',#11240,#11241,#11242);
#11240 = CARTESIAN_POINT('',(0.,0.,1.55));
#11241 = DIRECTION('',(0.,0.,1.));
#11242 = DIRECTION('',(1.,0.,-0.));
#11243 = ADVANCED_FACE('',(#11244),#11255,.F.);
#11244 = FACE_BOUND('',#11245,.T.);
#11245 = EDGE_LOOP('',(#11246,#11247,#11253,#11254));
#11246 = ORIENTED_EDGE('',*,*,#11210,.T.);
#11247 = ORIENTED_EDGE('',*,*,#11248,.T.);
#11248 = EDGE_CURVE('',#11211,#11231,#11249,.T.);
#11249 = LINE('',#11250,#11251);
#11250 = CARTESIAN_POINT('',(159.59,-54.195,-4.6E-02));
#11251 = VECTOR('',#11252,1.);
#11252 = DIRECTION('',(0.,0.,1.));
#11253 = ORIENTED_EDGE('',*,*,#11230,.F.);
#11254 = ORIENTED_EDGE('',*,*,#11248,.F.);
#11255 = CYLINDRICAL_SURFACE('',#11256,1.075);
#11256 = AXIS2_PLACEMENT_3D('',#11257,#11258,#11259);
#11257 = CARTESIAN_POINT('',(159.59,-53.12,-4.6E-02));
#11258 = DIRECTION('',(-0.,0.,-1.));
#11259 = DIRECTION('',(2.643879947014E-14,-1.,-0.));
#11260 = MANIFOLD_SOLID_BREP('',#11261);
#11261 = CLOSED_SHELL('',(#11262,#11295,#11315,#11335));
#11262 = ADVANCED_FACE('',(#11263),#11290,.T.);
#11263 = FACE_BOUND('',#11264,.T.);
#11264 = EDGE_LOOP('',(#11265,#11275,#11282,#11283));
#11265 = ORIENTED_EDGE('',*,*,#11266,.T.);
#11266 = EDGE_CURVE('',#11267,#11269,#11271,.T.);
#11267 = VERTEX_POINT('',#11268);
#11268 = CARTESIAN_POINT('',(161.49,-53.12,0.));
#11269 = VERTEX_POINT('',#11270);
#11270 = CARTESIAN_POINT('',(161.49,-53.12,-4.E-02));
#11271 = LINE('',#11272,#11273);
#11272 = CARTESIAN_POINT('',(161.49,-53.12,0.));
#11273 = VECTOR('',#11274,1.);
#11274 = DIRECTION('',(0.,0.,-1.));
#11275 = ORIENTED_EDGE('',*,*,#11276,.T.);
#11276 = EDGE_CURVE('',#11269,#11269,#11277,.T.);
#11277 = CIRCLE('',#11278,1.9);
#11278 = AXIS2_PLACEMENT_3D('',#11279,#11280,#11281);
#11279 = CARTESIAN_POINT('',(159.59,-53.12,-4.E-02));
#11280 = DIRECTION('',(0.,0.,1.));
#11281 = DIRECTION('',(1.,0.,-0.));
#11282 = ORIENTED_EDGE('',*,*,#11266,.F.);
#11283 = ORIENTED_EDGE('',*,*,#11284,.F.);
#11284 = EDGE_CURVE('',#11267,#11267,#11285,.T.);
#11285 = CIRCLE('',#11286,1.9);
#11286 = AXIS2_PLACEMENT_3D('',#11287,#11288,#11289);
#11287 = CARTESIAN_POINT('',(159.59,-53.12,0.));
#11288 = DIRECTION('',(0.,0.,1.));
#11289 = DIRECTION('',(1.,0.,-0.));
#11290 = CYLINDRICAL_SURFACE('',#11291,1.9);
#11291 = AXIS2_PLACEMENT_3D('',#11292,#11293,#11294);
#11292 = CARTESIAN_POINT('',(159.59,-53.12,0.));
#11293 = DIRECTION('',(0.,0.,1.));
#11294 = DIRECTION('',(1.,0.,-0.));
#11295 = ADVANCED_FACE('',(#11296,#11299),#11310,.F.);
#11296 = FACE_BOUND('',#11297,.F.);
#11297 = EDGE_LOOP('',(#11298));
#11298 = ORIENTED_EDGE('',*,*,#11284,.F.);
#11299 = FACE_BOUND('',#11300,.F.);
#11300 = EDGE_LOOP('',(#11301));
#11301 = ORIENTED_EDGE('',*,*,#11302,.F.);
#11302 = EDGE_CURVE('',#11303,#11303,#11305,.T.);
#11303 = VERTEX_POINT('',#11304);
#11304 = CARTESIAN_POINT('',(159.59,-54.195,0.));
#11305 = CIRCLE('',#11306,1.075);
#11306 = AXIS2_PLACEMENT_3D('',#11307,#11308,#11309);
#11307 = CARTESIAN_POINT('',(159.59,-53.12,0.));
#11308 = DIRECTION('',(-0.,0.,-1.));
#11309 = DIRECTION('',(2.643879947014E-14,-1.,-0.));
#11310 = PLANE('',#11311);
#11311 = AXIS2_PLACEMENT_3D('',#11312,#11313,#11314);
#11312 = CARTESIAN_POINT('',(0.,0.,0.));
#11313 = DIRECTION('',(-0.,-0.,-1.));
#11314 = DIRECTION('',(-1.,0.,0.));
#11315 = ADVANCED_FACE('',(#11316,#11319),#11330,.T.);
#11316 = FACE_BOUND('',#11317,.T.);
#11317 = EDGE_LOOP('',(#11318));
#11318 = ORIENTED_EDGE('',*,*,#11276,.F.);
#11319 = FACE_BOUND('',#11320,.T.);
#11320 = EDGE_LOOP('',(#11321));
#11321 = ORIENTED_EDGE('',*,*,#11322,.F.);
#11322 = EDGE_CURVE('',#11323,#11323,#11325,.T.);
#11323 = VERTEX_POINT('',#11324);
#11324 = CARTESIAN_POINT('',(159.59,-54.195,-4.E-02));
#11325 = CIRCLE('',#11326,1.075);
#11326 = AXIS2_PLACEMENT_3D('',#11327,#11328,#11329);
#11327 = CARTESIAN_POINT('',(159.59,-53.12,-4.E-02));
#11328 = DIRECTION('',(-0.,0.,-1.));
#11329 = DIRECTION('',(2.643879947014E-14,-1.,-0.));
#11330 = PLANE('',#11331);
#11331 = AXIS2_PLACEMENT_3D('',#11332,#11333,#11334);
#11332 = CARTESIAN_POINT('',(0.,0.,-4.E-02));
#11333 = DIRECTION('',(-0.,-0.,-1.));
#11334 = DIRECTION('',(-1.,0.,0.));
#11335 = ADVANCED_FACE('',(#11336),#11347,.F.);
#11336 = FACE_BOUND('',#11337,.T.);
#11337 = EDGE_LOOP('',(#11338,#11339,#11345,#11346));
#11338 = ORIENTED_EDGE('',*,*,#11322,.T.);
#11339 = ORIENTED_EDGE('',*,*,#11340,.T.);
#11340 = EDGE_CURVE('',#11323,#11303,#11341,.T.);
#11341 = LINE('',#11342,#11343);
#11342 = CARTESIAN_POINT('',(159.59,-54.195,-4.6E-02));
#11343 = VECTOR('',#11344,1.);
#11344 = DIRECTION('',(0.,0.,1.));
#11345 = ORIENTED_EDGE('',*,*,#11302,.F.);
#11346 = ORIENTED_EDGE('',*,*,#11340,.F.);
#11347 = CYLINDRICAL_SURFACE('',#11348,1.075);
#11348 = AXIS2_PLACEMENT_3D('',#11349,#11350,#11351);
#11349 = CARTESIAN_POINT('',(159.59,-53.12,-4.6E-02));
#11350 = DIRECTION('',(-0.,0.,-1.));
#11351 = DIRECTION('',(2.643879947014E-14,-1.,-0.));
#11352 = MANIFOLD_SOLID_BREP('',#11353);
#11353 = CLOSED_SHELL('',(#11354,#11387,#11407,#11427));
#11354 = ADVANCED_FACE('',(#11355),#11382,.T.);
#11355 = FACE_BOUND('',#11356,.F.);
#11356 = EDGE_LOOP('',(#11357,#11367,#11374,#11375));
#11357 = ORIENTED_EDGE('',*,*,#11358,.T.);
#11358 = EDGE_CURVE('',#11359,#11361,#11363,.T.);
#11359 = VERTEX_POINT('',#11360);
#11360 = CARTESIAN_POINT('',(135.81,-134.585,1.51));
#11361 = VERTEX_POINT('',#11362);
#11362 = CARTESIAN_POINT('',(135.81,-134.585,1.55));
#11363 = LINE('',#11364,#11365);
#11364 = CARTESIAN_POINT('',(135.81,-134.585,1.51));
#11365 = VECTOR('',#11366,1.);
#11366 = DIRECTION('',(0.,0.,1.));
#11367 = ORIENTED_EDGE('',*,*,#11368,.T.);
#11368 = EDGE_CURVE('',#11361,#11361,#11369,.T.);
#11369 = CIRCLE('',#11370,1.3);
#11370 = AXIS2_PLACEMENT_3D('',#11371,#11372,#11373);
#11371 = CARTESIAN_POINT('',(134.51,-134.585,1.55));
#11372 = DIRECTION('',(0.,0.,1.));
#11373 = DIRECTION('',(1.,0.,-0.));
#11374 = ORIENTED_EDGE('',*,*,#11358,.F.);
#11375 = ORIENTED_EDGE('',*,*,#11376,.F.);
#11376 = EDGE_CURVE('',#11359,#11359,#11377,.T.);
#11377 = CIRCLE('',#11378,1.3);
#11378 = AXIS2_PLACEMENT_3D('',#11379,#11380,#11381);
#11379 = CARTESIAN_POINT('',(134.51,-134.585,1.51));
#11380 = DIRECTION('',(0.,0.,1.));
#11381 = DIRECTION('',(1.,0.,-0.));
#11382 = CYLINDRICAL_SURFACE('',#11383,1.3);
#11383 = AXIS2_PLACEMENT_3D('',#11384,#11385,#11386);
#11384 = CARTESIAN_POINT('',(134.51,-134.585,1.51));
#11385 = DIRECTION('',(-0.,-0.,-1.));
#11386 = DIRECTION('',(1.,0.,-0.));
#11387 = ADVANCED_FACE('',(#11388,#11391),#11402,.F.);
#11388 = FACE_BOUND('',#11389,.F.);
#11389 = EDGE_LOOP('',(#11390));
#11390 = ORIENTED_EDGE('',*,*,#11376,.T.);
#11391 = FACE_BOUND('',#11392,.F.);
#11392 = EDGE_LOOP('',(#11393));
#11393 = ORIENTED_EDGE('',*,*,#11394,.T.);
#11394 = EDGE_CURVE('',#11395,#11395,#11397,.T.);
#11395 = VERTEX_POINT('',#11396);
#11396 = CARTESIAN_POINT('',(134.51,-135.66,1.51));
#11397 = CIRCLE('',#11398,1.075);
#11398 = AXIS2_PLACEMENT_3D('',#11399,#11400,#11401);
#11399 = CARTESIAN_POINT('',(134.51,-134.585,1.51));
#11400 = DIRECTION('',(-0.,0.,-1.));
#11401 = DIRECTION('',(-0.,-1.,0.));
#11402 = PLANE('',#11403);
#11403 = AXIS2_PLACEMENT_3D('',#11404,#11405,#11406);
#11404 = CARTESIAN_POINT('',(0.,0.,1.51));
#11405 = DIRECTION('',(0.,0.,1.));
#11406 = DIRECTION('',(1.,0.,-0.));
#11407 = ADVANCED_FACE('',(#11408,#11411),#11422,.T.);
#11408 = FACE_BOUND('',#11409,.T.);
#11409 = EDGE_LOOP('',(#11410));
#11410 = ORIENTED_EDGE('',*,*,#11368,.T.);
#11411 = FACE_BOUND('',#11412,.T.);
#11412 = EDGE_LOOP('',(#11413));
#11413 = ORIENTED_EDGE('',*,*,#11414,.T.);
#11414 = EDGE_CURVE('',#11415,#11415,#11417,.T.);
#11415 = VERTEX_POINT('',#11416);
#11416 = CARTESIAN_POINT('',(134.51,-135.66,1.55));
#11417 = CIRCLE('',#11418,1.075);
#11418 = AXIS2_PLACEMENT_3D('',#11419,#11420,#11421);
#11419 = CARTESIAN_POINT('',(134.51,-134.585,1.55));
#11420 = DIRECTION('',(-0.,0.,-1.));
#11421 = DIRECTION('',(-0.,-1.,0.));
#11422 = PLANE('',#11423);
#11423 = AXIS2_PLACEMENT_3D('',#11424,#11425,#11426);
#11424 = CARTESIAN_POINT('',(0.,0.,1.55));
#11425 = DIRECTION('',(0.,0.,1.));
#11426 = DIRECTION('',(1.,0.,-0.));
#11427 = ADVANCED_FACE('',(#11428),#11439,.F.);
#11428 = FACE_BOUND('',#11429,.T.);
#11429 = EDGE_LOOP('',(#11430,#11431,#11437,#11438));
#11430 = ORIENTED_EDGE('',*,*,#11394,.T.);
#11431 = ORIENTED_EDGE('',*,*,#11432,.T.);
#11432 = EDGE_CURVE('',#11395,#11415,#11433,.T.);
#11433 = LINE('',#11434,#11435);
#11434 = CARTESIAN_POINT('',(134.51,-135.66,-4.6E-02));
#11435 = VECTOR('',#11436,1.);
#11436 = DIRECTION('',(0.,0.,1.));
#11437 = ORIENTED_EDGE('',*,*,#11414,.F.);
#11438 = ORIENTED_EDGE('',*,*,#11432,.F.);
#11439 = CYLINDRICAL_SURFACE('',#11440,1.075);
#11440 = AXIS2_PLACEMENT_3D('',#11441,#11442,#11443);
#11441 = CARTESIAN_POINT('',(134.51,-134.585,-4.6E-02));
#11442 = DIRECTION('',(-0.,-0.,-1.));
#11443 = DIRECTION('',(-0.,-1.,0.));
#11444 = MANIFOLD_SOLID_BREP('',#11445);
#11445 = CLOSED_SHELL('',(#11446,#11479,#11499,#11519));
#11446 = ADVANCED_FACE('',(#11447),#11474,.T.);
#11447 = FACE_BOUND('',#11448,.T.);
#11448 = EDGE_LOOP('',(#11449,#11459,#11466,#11467));
#11449 = ORIENTED_EDGE('',*,*,#11450,.T.);
#11450 = EDGE_CURVE('',#11451,#11453,#11455,.T.);
#11451 = VERTEX_POINT('',#11452);
#11452 = CARTESIAN_POINT('',(135.81,-134.585,0.));
#11453 = VERTEX_POINT('',#11454);
#11454 = CARTESIAN_POINT('',(135.81,-134.585,-4.E-02));
#11455 = LINE('',#11456,#11457);
#11456 = CARTESIAN_POINT('',(135.81,-134.585,0.));
#11457 = VECTOR('',#11458,1.);
#11458 = DIRECTION('',(0.,0.,-1.));
#11459 = ORIENTED_EDGE('',*,*,#11460,.T.);
#11460 = EDGE_CURVE('',#11453,#11453,#11461,.T.);
#11461 = CIRCLE('',#11462,1.3);
#11462 = AXIS2_PLACEMENT_3D('',#11463,#11464,#11465);
#11463 = CARTESIAN_POINT('',(134.51,-134.585,-4.E-02));
#11464 = DIRECTION('',(0.,0.,1.));
#11465 = DIRECTION('',(1.,0.,-0.));
#11466 = ORIENTED_EDGE('',*,*,#11450,.F.);
#11467 = ORIENTED_EDGE('',*,*,#11468,.F.);
#11468 = EDGE_CURVE('',#11451,#11451,#11469,.T.);
#11469 = CIRCLE('',#11470,1.3);
#11470 = AXIS2_PLACEMENT_3D('',#11471,#11472,#11473);
#11471 = CARTESIAN_POINT('',(134.51,-134.585,0.));
#11472 = DIRECTION('',(0.,0.,1.));
#11473 = DIRECTION('',(1.,0.,-0.));
#11474 = CYLINDRICAL_SURFACE('',#11475,1.3);
#11475 = AXIS2_PLACEMENT_3D('',#11476,#11477,#11478);
#11476 = CARTESIAN_POINT('',(134.51,-134.585,0.));
#11477 = DIRECTION('',(0.,0.,1.));
#11478 = DIRECTION('',(1.,0.,-0.));
#11479 = ADVANCED_FACE('',(#11480,#11483),#11494,.F.);
#11480 = FACE_BOUND('',#11481,.F.);
#11481 = EDGE_LOOP('',(#11482));
#11482 = ORIENTED_EDGE('',*,*,#11468,.F.);
#11483 = FACE_BOUND('',#11484,.F.);
#11484 = EDGE_LOOP('',(#11485));
#11485 = ORIENTED_EDGE('',*,*,#11486,.F.);
#11486 = EDGE_CURVE('',#11487,#11487,#11489,.T.);
#11487 = VERTEX_POINT('',#11488);
#11488 = CARTESIAN_POINT('',(134.51,-135.66,0.));
#11489 = CIRCLE('',#11490,1.075);
#11490 = AXIS2_PLACEMENT_3D('',#11491,#11492,#11493);
#11491 = CARTESIAN_POINT('',(134.51,-134.585,0.));
#11492 = DIRECTION('',(-0.,0.,-1.));
#11493 = DIRECTION('',(-0.,-1.,0.));
#11494 = PLANE('',#11495);
#11495 = AXIS2_PLACEMENT_3D('',#11496,#11497,#11498);
#11496 = CARTESIAN_POINT('',(0.,0.,0.));
#11497 = DIRECTION('',(-0.,-0.,-1.));
#11498 = DIRECTION('',(-1.,0.,0.));
#11499 = ADVANCED_FACE('',(#11500,#11503),#11514,.T.);
#11500 = FACE_BOUND('',#11501,.T.);
#11501 = EDGE_LOOP('',(#11502));
#11502 = ORIENTED_EDGE('',*,*,#11460,.F.);
#11503 = FACE_BOUND('',#11504,.T.);
#11504 = EDGE_LOOP('',(#11505));
#11505 = ORIENTED_EDGE('',*,*,#11506,.F.);
#11506 = EDGE_CURVE('',#11507,#11507,#11509,.T.);
#11507 = VERTEX_POINT('',#11508);
#11508 = CARTESIAN_POINT('',(134.51,-135.66,-4.E-02));
#11509 = CIRCLE('',#11510,1.075);
#11510 = AXIS2_PLACEMENT_3D('',#11511,#11512,#11513);
#11511 = CARTESIAN_POINT('',(134.51,-134.585,-4.E-02));
#11512 = DIRECTION('',(-0.,0.,-1.));
#11513 = DIRECTION('',(-0.,-1.,0.));
#11514 = PLANE('',#11515);
#11515 = AXIS2_PLACEMENT_3D('',#11516,#11517,#11518);
#11516 = CARTESIAN_POINT('',(0.,0.,-4.E-02));
#11517 = DIRECTION('',(-0.,-0.,-1.));
#11518 = DIRECTION('',(-1.,0.,0.));
#11519 = ADVANCED_FACE('',(#11520),#11531,.F.);
#11520 = FACE_BOUND('',#11521,.T.);
#11521 = EDGE_LOOP('',(#11522,#11523,#11529,#11530));
#11522 = ORIENTED_EDGE('',*,*,#11506,.T.);
#11523 = ORIENTED_EDGE('',*,*,#11524,.T.);
#11524 = EDGE_CURVE('',#11507,#11487,#11525,.T.);
#11525 = LINE('',#11526,#11527);
#11526 = CARTESIAN_POINT('',(134.51,-135.66,-4.6E-02));
#11527 = VECTOR('',#11528,1.);
#11528 = DIRECTION('',(0.,0.,1.));
#11529 = ORIENTED_EDGE('',*,*,#11486,.F.);
#11530 = ORIENTED_EDGE('',*,*,#11524,.F.);
#11531 = CYLINDRICAL_SURFACE('',#11532,1.075);
#11532 = AXIS2_PLACEMENT_3D('',#11533,#11534,#11535);
#11533 = CARTESIAN_POINT('',(134.51,-134.585,-4.6E-02));
#11534 = DIRECTION('',(-0.,-0.,-1.));
#11535 = DIRECTION('',(-0.,-1.,0.));
#11536 = MANIFOLD_SOLID_BREP('',#11537);
#11537 = CLOSED_SHELL('',(#11538,#11571,#11591,#11611));
#11538 = ADVANCED_FACE('',(#11539),#11566,.T.);
#11539 = FACE_BOUND('',#11540,.F.);
#11540 = EDGE_LOOP('',(#11541,#11551,#11558,#11559));
#11541 = ORIENTED_EDGE('',*,*,#11542,.T.);
#11542 = EDGE_CURVE('',#11543,#11545,#11547,.T.);
#11543 = VERTEX_POINT('',#11544);
#11544 = CARTESIAN_POINT('',(134.51,-135.685,-4.E-02));
#11545 = VERTEX_POINT('',#11546);
#11546 = CARTESIAN_POINT('',(134.51,-135.685,1.55));
#11547 = LINE('',#11548,#11549);
#11548 = CARTESIAN_POINT('',(134.51,-135.685,-4.E-02));
#11549 = VECTOR('',#11550,1.);
#11550 = DIRECTION('',(0.,0.,1.));
#11551 = ORIENTED_EDGE('',*,*,#11552,.T.);
#11552 = EDGE_CURVE('',#11545,#11545,#11553,.T.);
#11553 = CIRCLE('',#11554,1.1);
#11554 = AXIS2_PLACEMENT_3D('',#11555,#11556,#11557);
#11555 = CARTESIAN_POINT('',(134.51,-134.585,1.55));
#11556 = DIRECTION('',(0.,0.,1.));
#11557 = DIRECTION('',(-0.,-1.,0.));
#11558 = ORIENTED_EDGE('',*,*,#11542,.F.);
#11559 = ORIENTED_EDGE('',*,*,#11560,.F.);
#11560 = EDGE_CURVE('',#11543,#11543,#11561,.T.);
#11561 = CIRCLE('',#11562,1.1);
#11562 = AXIS2_PLACEMENT_3D('',#11563,#11564,#11565);
#11563 = CARTESIAN_POINT('',(134.51,-134.585,-4.E-02));
#11564 = DIRECTION('',(0.,0.,1.));
#11565 = DIRECTION('',(-0.,-1.,0.));
#11566 = CYLINDRICAL_SURFACE('',#11567,1.1);
#11567 = AXIS2_PLACEMENT_3D('',#11568,#11569,#11570);
#11568 = CARTESIAN_POINT('',(134.51,-134.585,-4.E-02));
#11569 = DIRECTION('',(-0.,-0.,-1.));
#11570 = DIRECTION('',(-0.,-1.,0.));
#11571 = ADVANCED_FACE('',(#11572,#11575),#11586,.F.);
#11572 = FACE_BOUND('',#11573,.F.);
#11573 = EDGE_LOOP('',(#11574));
#11574 = ORIENTED_EDGE('',*,*,#11560,.T.);
#11575 = FACE_BOUND('',#11576,.F.);
#11576 = EDGE_LOOP('',(#11577));
#11577 = ORIENTED_EDGE('',*,*,#11578,.T.);
#11578 = EDGE_CURVE('',#11579,#11579,#11581,.T.);
#11579 = VERTEX_POINT('',#11580);
#11580 = CARTESIAN_POINT('',(134.51,-135.66,-4.E-02));
#11581 = CIRCLE('',#11582,1.075);
#11582 = AXIS2_PLACEMENT_3D('',#11583,#11584,#11585);
#11583 = CARTESIAN_POINT('',(134.51,-134.585,-4.E-02));
#11584 = DIRECTION('',(-0.,0.,-1.));
#11585 = DIRECTION('',(-0.,-1.,0.));
#11586 = PLANE('',#11587);
#11587 = AXIS2_PLACEMENT_3D('',#11588,#11589,#11590);
#11588 = CARTESIAN_POINT('',(134.51,-135.685,-4.E-02));
#11589 = DIRECTION('',(0.,0.,1.));
#11590 = DIRECTION('',(1.,0.,-0.));
#11591 = ADVANCED_FACE('',(#11592,#11595),#11606,.T.);
#11592 = FACE_BOUND('',#11593,.T.);
#11593 = EDGE_LOOP('',(#11594));
#11594 = ORIENTED_EDGE('',*,*,#11552,.T.);
#11595 = FACE_BOUND('',#11596,.T.);
#11596 = EDGE_LOOP('',(#11597));
#11597 = ORIENTED_EDGE('',*,*,#11598,.T.);
#11598 = EDGE_CURVE('',#11599,#11599,#11601,.T.);
#11599 = VERTEX_POINT('',#11600);
#11600 = CARTESIAN_POINT('',(134.51,-135.66,1.55));
#11601 = CIRCLE('',#11602,1.075);
#11602 = AXIS2_PLACEMENT_3D('',#11603,#11604,#11605);
#11603 = CARTESIAN_POINT('',(134.51,-134.585,1.55));
#11604 = DIRECTION('',(-0.,0.,-1.));
#11605 = DIRECTION('',(-0.,-1.,0.));
#11606 = PLANE('',#11607);
#11607 = AXIS2_PLACEMENT_3D('',#11608,#11609,#11610);
#11608 = CARTESIAN_POINT('',(134.51,-135.685,1.55));
#11609 = DIRECTION('',(0.,0.,1.));
#11610 = DIRECTION('',(1.,0.,-0.));
#11611 = ADVANCED_FACE('',(#11612),#11623,.F.);
#11612 = FACE_BOUND('',#11613,.T.);
#11613 = EDGE_LOOP('',(#11614,#11615,#11621,#11622));
#11614 = ORIENTED_EDGE('',*,*,#11578,.T.);
#11615 = ORIENTED_EDGE('',*,*,#11616,.T.);
#11616 = EDGE_CURVE('',#11579,#11599,#11617,.T.);
#11617 = LINE('',#11618,#11619);
#11618 = CARTESIAN_POINT('',(134.51,-135.66,-4.6E-02));
#11619 = VECTOR('',#11620,1.);
#11620 = DIRECTION('',(0.,0.,1.));
#11621 = ORIENTED_EDGE('',*,*,#11598,.F.);
#11622 = ORIENTED_EDGE('',*,*,#11616,.F.);
#11623 = CYLINDRICAL_SURFACE('',#11624,1.075);
#11624 = AXIS2_PLACEMENT_3D('',#11625,#11626,#11627);
#11625 = CARTESIAN_POINT('',(134.51,-134.585,-4.6E-02));
#11626 = DIRECTION('',(-0.,-0.,-1.));
#11627 = DIRECTION('',(-0.,-1.,0.));
#11628 = MANIFOLD_SOLID_BREP('',#11629);
#11629 = CLOSED_SHELL('',(#11630,#11663,#11683,#11703));
#11630 = ADVANCED_FACE('',(#11631),#11658,.T.);
#11631 = FACE_BOUND('',#11632,.F.);
#11632 = EDGE_LOOP('',(#11633,#11643,#11650,#11651));
#11633 = ORIENTED_EDGE('',*,*,#11634,.T.);
#11634 = EDGE_CURVE('',#11635,#11637,#11639,.T.);
#11635 = VERTEX_POINT('',#11636);
#11636 = CARTESIAN_POINT('',(136.41,-134.585,1.51));
#11637 = VERTEX_POINT('',#11638);
#11638 = CARTESIAN_POINT('',(136.41,-134.585,1.55));
#11639 = LINE('',#11640,#11641);
#11640 = CARTESIAN_POINT('',(136.41,-134.585,1.51));
#11641 = VECTOR('',#11642,1.);
#11642 = DIRECTION('',(0.,0.,1.));
#11643 = ORIENTED_EDGE('',*,*,#11644,.T.);
#11644 = EDGE_CURVE('',#11637,#11637,#11645,.T.);
#11645 = CIRCLE('',#11646,1.9);
#11646 = AXIS2_PLACEMENT_3D('',#11647,#11648,#11649);
#11647 = CARTESIAN_POINT('',(134.51,-134.585,1.55));
#11648 = DIRECTION('',(0.,0.,1.));
#11649 = DIRECTION('',(1.,0.,-0.));
#11650 = ORIENTED_EDGE('',*,*,#11634,.F.);
#11651 = ORIENTED_EDGE('',*,*,#11652,.F.);
#11652 = EDGE_CURVE('',#11635,#11635,#11653,.T.);
#11653 = CIRCLE('',#11654,1.9);
#11654 = AXIS2_PLACEMENT_3D('',#11655,#11656,#11657);
#11655 = CARTESIAN_POINT('',(134.51,-134.585,1.51));
#11656 = DIRECTION('',(0.,0.,1.));
#11657 = DIRECTION('',(1.,0.,-0.));
#11658 = CYLINDRICAL_SURFACE('',#11659,1.9);
#11659 = AXIS2_PLACEMENT_3D('',#11660,#11661,#11662);
#11660 = CARTESIAN_POINT('',(134.51,-134.585,1.51));
#11661 = DIRECTION('',(-0.,-0.,-1.));
#11662 = DIRECTION('',(1.,0.,-0.));
#11663 = ADVANCED_FACE('',(#11664,#11667),#11678,.F.);
#11664 = FACE_BOUND('',#11665,.F.);
#11665 = EDGE_LOOP('',(#11666));
#11666 = ORIENTED_EDGE('',*,*,#11652,.T.);
#11667 = FACE_BOUND('',#11668,.F.);
#11668 = EDGE_LOOP('',(#11669));
#11669 = ORIENTED_EDGE('',*,*,#11670,.T.);
#11670 = EDGE_CURVE('',#11671,#11671,#11673,.T.);
#11671 = VERTEX_POINT('',#11672);
#11672 = CARTESIAN_POINT('',(134.51,-135.66,1.51));
#11673 = CIRCLE('',#11674,1.075);
#11674 = AXIS2_PLACEMENT_3D('',#11675,#11676,#11677);
#11675 = CARTESIAN_POINT('',(134.51,-134.585,1.51));
#11676 = DIRECTION('',(-0.,0.,-1.));
#11677 = DIRECTION('',(-0.,-1.,0.));
#11678 = PLANE('',#11679);
#11679 = AXIS2_PLACEMENT_3D('',#11680,#11681,#11682);
#11680 = CARTESIAN_POINT('',(0.,0.,1.51));
#11681 = DIRECTION('',(0.,0.,1.));
#11682 = DIRECTION('',(1.,0.,-0.));
#11683 = ADVANCED_FACE('',(#11684,#11687),#11698,.T.);
#11684 = FACE_BOUND('',#11685,.T.);
#11685 = EDGE_LOOP('',(#11686));
#11686 = ORIENTED_EDGE('',*,*,#11644,.T.);
#11687 = FACE_BOUND('',#11688,.T.);
#11688 = EDGE_LOOP('',(#11689));
#11689 = ORIENTED_EDGE('',*,*,#11690,.T.);
#11690 = EDGE_CURVE('',#11691,#11691,#11693,.T.);
#11691 = VERTEX_POINT('',#11692);
#11692 = CARTESIAN_POINT('',(134.51,-135.66,1.55));
#11693 = CIRCLE('',#11694,1.075);
#11694 = AXIS2_PLACEMENT_3D('',#11695,#11696,#11697);
#11695 = CARTESIAN_POINT('',(134.51,-134.585,1.55));
#11696 = DIRECTION('',(-0.,0.,-1.));
#11697 = DIRECTION('',(-0.,-1.,0.));
#11698 = PLANE('',#11699);
#11699 = AXIS2_PLACEMENT_3D('',#11700,#11701,#11702);
#11700 = CARTESIAN_POINT('',(0.,0.,1.55));
#11701 = DIRECTION('',(0.,0.,1.));
#11702 = DIRECTION('',(1.,0.,-0.));
#11703 = ADVANCED_FACE('',(#11704),#11715,.F.);
#11704 = FACE_BOUND('',#11705,.T.);
#11705 = EDGE_LOOP('',(#11706,#11707,#11713,#11714));
#11706 = ORIENTED_EDGE('',*,*,#11670,.T.);
#11707 = ORIENTED_EDGE('',*,*,#11708,.T.);
#11708 = EDGE_CURVE('',#11671,#11691,#11709,.T.);
#11709 = LINE('',#11710,#11711);
#11710 = CARTESIAN_POINT('',(134.51,-135.66,-4.6E-02));
#11711 = VECTOR('',#11712,1.);
#11712 = DIRECTION('',(0.,0.,1.));
#11713 = ORIENTED_EDGE('',*,*,#11690,.F.);
#11714 = ORIENTED_EDGE('',*,*,#11708,.F.);
#11715 = CYLINDRICAL_SURFACE('',#11716,1.075);
#11716 = AXIS2_PLACEMENT_3D('',#11717,#11718,#11719);
#11717 = CARTESIAN_POINT('',(134.51,-134.585,-4.6E-02));
#11718 = DIRECTION('',(-0.,-0.,-1.));
#11719 = DIRECTION('',(-0.,-1.,0.));
#11720 = MANIFOLD_SOLID_BREP('',#11721);
#11721 = CLOSED_SHELL('',(#11722,#11755,#11775,#11795));
#11722 = ADVANCED_FACE('',(#11723),#11750,.T.);
#11723 = FACE_BOUND('',#11724,.T.);
#11724 = EDGE_LOOP('',(#11725,#11735,#11742,#11743));
#11725 = ORIENTED_EDGE('',*,*,#11726,.T.);
#11726 = EDGE_CURVE('',#11727,#11729,#11731,.T.);
#11727 = VERTEX_POINT('',#11728);
#11728 = CARTESIAN_POINT('',(136.41,-134.585,0.));
#11729 = VERTEX_POINT('',#11730);
#11730 = CARTESIAN_POINT('',(136.41,-134.585,-4.E-02));
#11731 = LINE('',#11732,#11733);
#11732 = CARTESIAN_POINT('',(136.41,-134.585,0.));
#11733 = VECTOR('',#11734,1.);
#11734 = DIRECTION('',(0.,0.,-1.));
#11735 = ORIENTED_EDGE('',*,*,#11736,.T.);
#11736 = EDGE_CURVE('',#11729,#11729,#11737,.T.);
#11737 = CIRCLE('',#11738,1.9);
#11738 = AXIS2_PLACEMENT_3D('',#11739,#11740,#11741);
#11739 = CARTESIAN_POINT('',(134.51,-134.585,-4.E-02));
#11740 = DIRECTION('',(0.,0.,1.));
#11741 = DIRECTION('',(1.,0.,-0.));
#11742 = ORIENTED_EDGE('',*,*,#11726,.F.);
#11743 = ORIENTED_EDGE('',*,*,#11744,.F.);
#11744 = EDGE_CURVE('',#11727,#11727,#11745,.T.);
#11745 = CIRCLE('',#11746,1.9);
#11746 = AXIS2_PLACEMENT_3D('',#11747,#11748,#11749);
#11747 = CARTESIAN_POINT('',(134.51,-134.585,0.));
#11748 = DIRECTION('',(0.,0.,1.));
#11749 = DIRECTION('',(1.,0.,-0.));
#11750 = CYLINDRICAL_SURFACE('',#11751,1.9);
#11751 = AXIS2_PLACEMENT_3D('',#11752,#11753,#11754);
#11752 = CARTESIAN_POINT('',(134.51,-134.585,0.));
#11753 = DIRECTION('',(0.,0.,1.));
#11754 = DIRECTION('',(1.,0.,-0.));
#11755 = ADVANCED_FACE('',(#11756,#11759),#11770,.F.);
#11756 = FACE_BOUND('',#11757,.F.);
#11757 = EDGE_LOOP('',(#11758));
#11758 = ORIENTED_EDGE('',*,*,#11744,.F.);
#11759 = FACE_BOUND('',#11760,.F.);
#11760 = EDGE_LOOP('',(#11761));
#11761 = ORIENTED_EDGE('',*,*,#11762,.F.);
#11762 = EDGE_CURVE('',#11763,#11763,#11765,.T.);
#11763 = VERTEX_POINT('',#11764);
#11764 = CARTESIAN_POINT('',(134.51,-135.66,0.));
#11765 = CIRCLE('',#11766,1.075);
#11766 = AXIS2_PLACEMENT_3D('',#11767,#11768,#11769);
#11767 = CARTESIAN_POINT('',(134.51,-134.585,0.));
#11768 = DIRECTION('',(-0.,0.,-1.));
#11769 = DIRECTION('',(-0.,-1.,0.));
#11770 = PLANE('',#11771);
#11771 = AXIS2_PLACEMENT_3D('',#11772,#11773,#11774);
#11772 = CARTESIAN_POINT('',(0.,0.,0.));
#11773 = DIRECTION('',(-0.,-0.,-1.));
#11774 = DIRECTION('',(-1.,0.,0.));
#11775 = ADVANCED_FACE('',(#11776,#11779),#11790,.T.);
#11776 = FACE_BOUND('',#11777,.T.);
#11777 = EDGE_LOOP('',(#11778));
#11778 = ORIENTED_EDGE('',*,*,#11736,.F.);
#11779 = FACE_BOUND('',#11780,.T.);
#11780 = EDGE_LOOP('',(#11781));
#11781 = ORIENTED_EDGE('',*,*,#11782,.F.);
#11782 = EDGE_CURVE('',#11783,#11783,#11785,.T.);
#11783 = VERTEX_POINT('',#11784);
#11784 = CARTESIAN_POINT('',(134.51,-135.66,-4.E-02));
#11785 = CIRCLE('',#11786,1.075);
#11786 = AXIS2_PLACEMENT_3D('',#11787,#11788,#11789);
#11787 = CARTESIAN_POINT('',(134.51,-134.585,-4.E-02));
#11788 = DIRECTION('',(-0.,0.,-1.));
#11789 = DIRECTION('',(-0.,-1.,0.));
#11790 = PLANE('',#11791);
#11791 = AXIS2_PLACEMENT_3D('',#11792,#11793,#11794);
#11792 = CARTESIAN_POINT('',(0.,0.,-4.E-02));
#11793 = DIRECTION('',(-0.,-0.,-1.));
#11794 = DIRECTION('',(-1.,0.,0.));
#11795 = ADVANCED_FACE('',(#11796),#11807,.F.);
#11796 = FACE_BOUND('',#11797,.T.);
#11797 = EDGE_LOOP('',(#11798,#11799,#11805,#11806));
#11798 = ORIENTED_EDGE('',*,*,#11782,.T.);
#11799 = ORIENTED_EDGE('',*,*,#11800,.T.);
#11800 = EDGE_CURVE('',#11783,#11763,#11801,.T.);
#11801 = LINE('',#11802,#11803);
#11802 = CARTESIAN_POINT('',(134.51,-135.66,-4.6E-02));
#11803 = VECTOR('',#11804,1.);
#11804 = DIRECTION('',(0.,0.,1.));
#11805 = ORIENTED_EDGE('',*,*,#11762,.F.);
#11806 = ORIENTED_EDGE('',*,*,#11800,.F.);
#11807 = CYLINDRICAL_SURFACE('',#11808,1.075);
#11808 = AXIS2_PLACEMENT_3D('',#11809,#11810,#11811);
#11809 = CARTESIAN_POINT('',(134.51,-134.585,-4.6E-02));
#11810 = DIRECTION('',(-0.,-0.,-1.));
#11811 = DIRECTION('',(-0.,-1.,0.));
#11812 = MANIFOLD_SOLID_BREP('',#11813);
#11813 = CLOSED_SHELL('',(#11814,#11847,#11867,#11887));
#11814 = ADVANCED_FACE('',(#11815),#11842,.T.);
#11815 = FACE_BOUND('',#11816,.F.);
#11816 = EDGE_LOOP('',(#11817,#11827,#11834,#11835));
#11817 = ORIENTED_EDGE('',*,*,#11818,.T.);
#11818 = EDGE_CURVE('',#11819,#11821,#11823,.T.);
#11819 = VERTEX_POINT('',#11820);
#11820 = CARTESIAN_POINT('',(160.89,-134.585,1.51));
#11821 = VERTEX_POINT('',#11822);
#11822 = CARTESIAN_POINT('',(160.89,-134.585,1.55));
#11823 = LINE('',#11824,#11825);
#11824 = CARTESIAN_POINT('',(160.89,-134.585,1.51));
#11825 = VECTOR('',#11826,1.);
#11826 = DIRECTION('',(0.,0.,1.));
#11827 = ORIENTED_EDGE('',*,*,#11828,.T.);
#11828 = EDGE_CURVE('',#11821,#11821,#11829,.T.);
#11829 = CIRCLE('',#11830,1.3);
#11830 = AXIS2_PLACEMENT_3D('',#11831,#11832,#11833);
#11831 = CARTESIAN_POINT('',(159.59,-134.585,1.55));
#11832 = DIRECTION('',(0.,0.,1.));
#11833 = DIRECTION('',(1.,0.,-0.));
#11834 = ORIENTED_EDGE('',*,*,#11818,.F.);
#11835 = ORIENTED_EDGE('',*,*,#11836,.F.);
#11836 = EDGE_CURVE('',#11819,#11819,#11837,.T.);
#11837 = CIRCLE('',#11838,1.3);
#11838 = AXIS2_PLACEMENT_3D('',#11839,#11840,#11841);
#11839 = CARTESIAN_POINT('',(159.59,-134.585,1.51));
#11840 = DIRECTION('',(0.,0.,1.));
#11841 = DIRECTION('',(1.,0.,-0.));
#11842 = CYLINDRICAL_SURFACE('',#11843,1.3);
#11843 = AXIS2_PLACEMENT_3D('',#11844,#11845,#11846);
#11844 = CARTESIAN_POINT('',(159.59,-134.585,1.51));
#11845 = DIRECTION('',(-0.,-0.,-1.));
#11846 = DIRECTION('',(1.,0.,-0.));
#11847 = ADVANCED_FACE('',(#11848,#11851),#11862,.F.);
#11848 = FACE_BOUND('',#11849,.F.);
#11849 = EDGE_LOOP('',(#11850));
#11850 = ORIENTED_EDGE('',*,*,#11836,.T.);
#11851 = FACE_BOUND('',#11852,.F.);
#11852 = EDGE_LOOP('',(#11853));
#11853 = ORIENTED_EDGE('',*,*,#11854,.T.);
#11854 = EDGE_CURVE('',#11855,#11855,#11857,.T.);
#11855 = VERTEX_POINT('',#11856);
#11856 = CARTESIAN_POINT('',(159.59,-135.66,1.51));
#11857 = CIRCLE('',#11858,1.075);
#11858 = AXIS2_PLACEMENT_3D('',#11859,#11860,#11861);
#11859 = CARTESIAN_POINT('',(159.59,-134.585,1.51));
#11860 = DIRECTION('',(-0.,0.,-1.));
#11861 = DIRECTION('',(2.643879947014E-14,-1.,-0.));
#11862 = PLANE('',#11863);
#11863 = AXIS2_PLACEMENT_3D('',#11864,#11865,#11866);
#11864 = CARTESIAN_POINT('',(0.,0.,1.51));
#11865 = DIRECTION('',(0.,0.,1.));
#11866 = DIRECTION('',(1.,0.,-0.));
#11867 = ADVANCED_FACE('',(#11868,#11871),#11882,.T.);
#11868 = FACE_BOUND('',#11869,.T.);
#11869 = EDGE_LOOP('',(#11870));
#11870 = ORIENTED_EDGE('',*,*,#11828,.T.);
#11871 = FACE_BOUND('',#11872,.T.);
#11872 = EDGE_LOOP('',(#11873));
#11873 = ORIENTED_EDGE('',*,*,#11874,.T.);
#11874 = EDGE_CURVE('',#11875,#11875,#11877,.T.);
#11875 = VERTEX_POINT('',#11876);
#11876 = CARTESIAN_POINT('',(159.59,-135.66,1.55));
#11877 = CIRCLE('',#11878,1.075);
#11878 = AXIS2_PLACEMENT_3D('',#11879,#11880,#11881);
#11879 = CARTESIAN_POINT('',(159.59,-134.585,1.55));
#11880 = DIRECTION('',(-0.,0.,-1.));
#11881 = DIRECTION('',(2.643879947014E-14,-1.,-0.));
#11882 = PLANE('',#11883);
#11883 = AXIS2_PLACEMENT_3D('',#11884,#11885,#11886);
#11884 = CARTESIAN_POINT('',(0.,0.,1.55));
#11885 = DIRECTION('',(0.,0.,1.));
#11886 = DIRECTION('',(1.,0.,-0.));
#11887 = ADVANCED_FACE('',(#11888),#11899,.F.);
#11888 = FACE_BOUND('',#11889,.T.);
#11889 = EDGE_LOOP('',(#11890,#11891,#11897,#11898));
#11890 = ORIENTED_EDGE('',*,*,#11854,.T.);
#11891 = ORIENTED_EDGE('',*,*,#11892,.T.);
#11892 = EDGE_CURVE('',#11855,#11875,#11893,.T.);
#11893 = LINE('',#11894,#11895);
#11894 = CARTESIAN_POINT('',(159.59,-135.66,-4.6E-02));
#11895 = VECTOR('',#11896,1.);
#11896 = DIRECTION('',(0.,0.,1.));
#11897 = ORIENTED_EDGE('',*,*,#11874,.F.);
#11898 = ORIENTED_EDGE('',*,*,#11892,.F.);
#11899 = CYLINDRICAL_SURFACE('',#11900,1.075);
#11900 = AXIS2_PLACEMENT_3D('',#11901,#11902,#11903);
#11901 = CARTESIAN_POINT('',(159.59,-134.585,-4.6E-02));
#11902 = DIRECTION('',(-0.,0.,-1.));
#11903 = DIRECTION('',(2.643879947014E-14,-1.,-0.));
#11904 = MANIFOLD_SOLID_BREP('',#11905);
#11905 = CLOSED_SHELL('',(#11906,#11939,#11959,#11979));
#11906 = ADVANCED_FACE('',(#11907),#11934,.T.);
#11907 = FACE_BOUND('',#11908,.T.);
#11908 = EDGE_LOOP('',(#11909,#11919,#11926,#11927));
#11909 = ORIENTED_EDGE('',*,*,#11910,.T.);
#11910 = EDGE_CURVE('',#11911,#11913,#11915,.T.);
#11911 = VERTEX_POINT('',#11912);
#11912 = CARTESIAN_POINT('',(160.89,-134.585,0.));
#11913 = VERTEX_POINT('',#11914);
#11914 = CARTESIAN_POINT('',(160.89,-134.585,-4.E-02));
#11915 = LINE('',#11916,#11917);
#11916 = CARTESIAN_POINT('',(160.89,-134.585,0.));
#11917 = VECTOR('',#11918,1.);
#11918 = DIRECTION('',(0.,0.,-1.));
#11919 = ORIENTED_EDGE('',*,*,#11920,.T.);
#11920 = EDGE_CURVE('',#11913,#11913,#11921,.T.);
#11921 = CIRCLE('',#11922,1.3);
#11922 = AXIS2_PLACEMENT_3D('',#11923,#11924,#11925);
#11923 = CARTESIAN_POINT('',(159.59,-134.585,-4.E-02));
#11924 = DIRECTION('',(0.,0.,1.));
#11925 = DIRECTION('',(1.,0.,-0.));
#11926 = ORIENTED_EDGE('',*,*,#11910,.F.);
#11927 = ORIENTED_EDGE('',*,*,#11928,.F.);
#11928 = EDGE_CURVE('',#11911,#11911,#11929,.T.);
#11929 = CIRCLE('',#11930,1.3);
#11930 = AXIS2_PLACEMENT_3D('',#11931,#11932,#11933);
#11931 = CARTESIAN_POINT('',(159.59,-134.585,0.));
#11932 = DIRECTION('',(0.,0.,1.));
#11933 = DIRECTION('',(1.,0.,-0.));
#11934 = CYLINDRICAL_SURFACE('',#11935,1.3);
#11935 = AXIS2_PLACEMENT_3D('',#11936,#11937,#11938);
#11936 = CARTESIAN_POINT('',(159.59,-134.585,0.));
#11937 = DIRECTION('',(0.,0.,1.));
#11938 = DIRECTION('',(1.,0.,-0.));
#11939 = ADVANCED_FACE('',(#11940,#11943),#11954,.F.);
#11940 = FACE_BOUND('',#11941,.F.);
#11941 = EDGE_LOOP('',(#11942));
#11942 = ORIENTED_EDGE('',*,*,#11928,.F.);
#11943 = FACE_BOUND('',#11944,.F.);
#11944 = EDGE_LOOP('',(#11945));
#11945 = ORIENTED_EDGE('',*,*,#11946,.F.);
#11946 = EDGE_CURVE('',#11947,#11947,#11949,.T.);
#11947 = VERTEX_POINT('',#11948);
#11948 = CARTESIAN_POINT('',(159.59,-135.66,0.));
#11949 = CIRCLE('',#11950,1.075);
#11950 = AXIS2_PLACEMENT_3D('',#11951,#11952,#11953);
#11951 = CARTESIAN_POINT('',(159.59,-134.585,0.));
#11952 = DIRECTION('',(-0.,0.,-1.));
#11953 = DIRECTION('',(2.643879947014E-14,-1.,-0.));
#11954 = PLANE('',#11955);
#11955 = AXIS2_PLACEMENT_3D('',#11956,#11957,#11958);
#11956 = CARTESIAN_POINT('',(0.,0.,0.));
#11957 = DIRECTION('',(-0.,-0.,-1.));
#11958 = DIRECTION('',(-1.,0.,0.));
#11959 = ADVANCED_FACE('',(#11960,#11963),#11974,.T.);
#11960 = FACE_BOUND('',#11961,.T.);
#11961 = EDGE_LOOP('',(#11962));
#11962 = ORIENTED_EDGE('',*,*,#11920,.F.);
#11963 = FACE_BOUND('',#11964,.T.);
#11964 = EDGE_LOOP('',(#11965));
#11965 = ORIENTED_EDGE('',*,*,#11966,.F.);
#11966 = EDGE_CURVE('',#11967,#11967,#11969,.T.);
#11967 = VERTEX_POINT('',#11968);
#11968 = CARTESIAN_POINT('',(159.59,-135.66,-4.E-02));
#11969 = CIRCLE('',#11970,1.075);
#11970 = AXIS2_PLACEMENT_3D('',#11971,#11972,#11973);
#11971 = CARTESIAN_POINT('',(159.59,-134.585,-4.E-02));
#11972 = DIRECTION('',(-0.,0.,-1.));
#11973 = DIRECTION('',(2.643879947014E-14,-1.,-0.));
#11974 = PLANE('',#11975);
#11975 = AXIS2_PLACEMENT_3D('',#11976,#11977,#11978);
#11976 = CARTESIAN_POINT('',(0.,0.,-4.E-02));
#11977 = DIRECTION('',(-0.,-0.,-1.));
#11978 = DIRECTION('',(-1.,0.,0.));
#11979 = ADVANCED_FACE('',(#11980),#11991,.F.);
#11980 = FACE_BOUND('',#11981,.T.);
#11981 = EDGE_LOOP('',(#11982,#11983,#11989,#11990));
#11982 = ORIENTED_EDGE('',*,*,#11966,.T.);
#11983 = ORIENTED_EDGE('',*,*,#11984,.T.);
#11984 = EDGE_CURVE('',#11967,#11947,#11985,.T.);
#11985 = LINE('',#11986,#11987);
#11986 = CARTESIAN_POINT('',(159.59,-135.66,-4.6E-02));
#11987 = VECTOR('',#11988,1.);
#11988 = DIRECTION('',(0.,0.,1.));
#11989 = ORIENTED_EDGE('',*,*,#11946,.F.);
#11990 = ORIENTED_EDGE('',*,*,#11984,.F.);
#11991 = CYLINDRICAL_SURFACE('',#11992,1.075);
#11992 = AXIS2_PLACEMENT_3D('',#11993,#11994,#11995);
#11993 = CARTESIAN_POINT('',(159.59,-134.585,-4.6E-02));
#11994 = DIRECTION('',(-0.,0.,-1.));
#11995 = DIRECTION('',(2.643879947014E-14,-1.,-0.));
#11996 = MANIFOLD_SOLID_BREP('',#11997);
#11997 = CLOSED_SHELL('',(#11998,#12031,#12051,#12071));
#11998 = ADVANCED_FACE('',(#11999),#12026,.T.);
#11999 = FACE_BOUND('',#12000,.F.);
#12000 = EDGE_LOOP('',(#12001,#12011,#12018,#12019));
#12001 = ORIENTED_EDGE('',*,*,#12002,.T.);
#12002 = EDGE_CURVE('',#12003,#12005,#12007,.T.);
#12003 = VERTEX_POINT('',#12004);
#12004 = CARTESIAN_POINT('',(159.59,-135.685,-4.E-02));
#12005 = VERTEX_POINT('',#12006);
#12006 = CARTESIAN_POINT('',(159.59,-135.685,1.55));
#12007 = LINE('',#12008,#12009);
#12008 = CARTESIAN_POINT('',(159.59,-135.685,-4.E-02));
#12009 = VECTOR('',#12010,1.);
#12010 = DIRECTION('',(0.,0.,1.));
#12011 = ORIENTED_EDGE('',*,*,#12012,.T.);
#12012 = EDGE_CURVE('',#12005,#12005,#12013,.T.);
#12013 = CIRCLE('',#12014,1.1);
#12014 = AXIS2_PLACEMENT_3D('',#12015,#12016,#12017);
#12015 = CARTESIAN_POINT('',(159.59,-134.585,1.55));
#12016 = DIRECTION('',(0.,0.,1.));
#12017 = DIRECTION('',(-0.,-1.,0.));
#12018 = ORIENTED_EDGE('',*,*,#12002,.F.);
#12019 = ORIENTED_EDGE('',*,*,#12020,.F.);
#12020 = EDGE_CURVE('',#12003,#12003,#12021,.T.);
#12021 = CIRCLE('',#12022,1.1);
#12022 = AXIS2_PLACEMENT_3D('',#12023,#12024,#12025);
#12023 = CARTESIAN_POINT('',(159.59,-134.585,-4.E-02));
#12024 = DIRECTION('',(0.,0.,1.));
#12025 = DIRECTION('',(-0.,-1.,0.));
#12026 = CYLINDRICAL_SURFACE('',#12027,1.1);
#12027 = AXIS2_PLACEMENT_3D('',#12028,#12029,#12030);
#12028 = CARTESIAN_POINT('',(159.59,-134.585,-4.E-02));
#12029 = DIRECTION('',(-0.,-0.,-1.));
#12030 = DIRECTION('',(-0.,-1.,0.));
#12031 = ADVANCED_FACE('',(#12032,#12035),#12046,.F.);
#12032 = FACE_BOUND('',#12033,.F.);
#12033 = EDGE_LOOP('',(#12034));
#12034 = ORIENTED_EDGE('',*,*,#12020,.T.);
#12035 = FACE_BOUND('',#12036,.F.);
#12036 = EDGE_LOOP('',(#12037));
#12037 = ORIENTED_EDGE('',*,*,#12038,.T.);
#12038 = EDGE_CURVE('',#12039,#12039,#12041,.T.);
#12039 = VERTEX_POINT('',#12040);
#12040 = CARTESIAN_POINT('',(159.59,-135.66,-4.E-02));
#12041 = CIRCLE('',#12042,1.075);
#12042 = AXIS2_PLACEMENT_3D('',#12043,#12044,#12045);
#12043 = CARTESIAN_POINT('',(159.59,-134.585,-4.E-02));
#12044 = DIRECTION('',(-0.,0.,-1.));
#12045 = DIRECTION('',(2.643879947014E-14,-1.,-0.));
#12046 = PLANE('',#12047);
#12047 = AXIS2_PLACEMENT_3D('',#12048,#12049,#12050);
#12048 = CARTESIAN_POINT('',(159.59,-135.685,-4.E-02));
#12049 = DIRECTION('',(0.,0.,1.));
#12050 = DIRECTION('',(1.,0.,-0.));
#12051 = ADVANCED_FACE('',(#12052,#12055),#12066,.T.);
#12052 = FACE_BOUND('',#12053,.T.);
#12053 = EDGE_LOOP('',(#12054));
#12054 = ORIENTED_EDGE('',*,*,#12012,.T.);
#12055 = FACE_BOUND('',#12056,.T.);
#12056 = EDGE_LOOP('',(#12057));
#12057 = ORIENTED_EDGE('',*,*,#12058,.T.);
#12058 = EDGE_CURVE('',#12059,#12059,#12061,.T.);
#12059 = VERTEX_POINT('',#12060);
#12060 = CARTESIAN_POINT('',(159.59,-135.66,1.55));
#12061 = CIRCLE('',#12062,1.075);
#12062 = AXIS2_PLACEMENT_3D('',#12063,#12064,#12065);
#12063 = CARTESIAN_POINT('',(159.59,-134.585,1.55));
#12064 = DIRECTION('',(-0.,0.,-1.));
#12065 = DIRECTION('',(2.643879947014E-14,-1.,-0.));
#12066 = PLANE('',#12067);
#12067 = AXIS2_PLACEMENT_3D('',#12068,#12069,#12070);
#12068 = CARTESIAN_POINT('',(159.59,-135.685,1.55));
#12069 = DIRECTION('',(0.,0.,1.));
#12070 = DIRECTION('',(1.,0.,-0.));
#12071 = ADVANCED_FACE('',(#12072),#12083,.F.);
#12072 = FACE_BOUND('',#12073,.T.);
#12073 = EDGE_LOOP('',(#12074,#12075,#12081,#12082));
#12074 = ORIENTED_EDGE('',*,*,#12038,.T.);
#12075 = ORIENTED_EDGE('',*,*,#12076,.T.);
#12076 = EDGE_CURVE('',#12039,#12059,#12077,.T.);
#12077 = LINE('',#12078,#12079);
#12078 = CARTESIAN_POINT('',(159.59,-135.66,-4.6E-02));
#12079 = VECTOR('',#12080,1.);
#12080 = DIRECTION('',(0.,0.,1.));
#12081 = ORIENTED_EDGE('',*,*,#12058,.F.);
#12082 = ORIENTED_EDGE('',*,*,#12076,.F.);
#12083 = CYLINDRICAL_SURFACE('',#12084,1.075);
#12084 = AXIS2_PLACEMENT_3D('',#12085,#12086,#12087);
#12085 = CARTESIAN_POINT('',(159.59,-134.585,-4.6E-02));
#12086 = DIRECTION('',(-0.,0.,-1.));
#12087 = DIRECTION('',(2.643879947014E-14,-1.,-0.));
#12088 = MANIFOLD_SOLID_BREP('',#12089);
#12089 = CLOSED_SHELL('',(#12090,#12123,#12143,#12163));
#12090 = ADVANCED_FACE('',(#12091),#12118,.T.);
#12091 = FACE_BOUND('',#12092,.F.);
#12092 = EDGE_LOOP('',(#12093,#12103,#12110,#12111));
#12093 = ORIENTED_EDGE('',*,*,#12094,.T.);
#12094 = EDGE_CURVE('',#12095,#12097,#12099,.T.);
#12095 = VERTEX_POINT('',#12096);
#12096 = CARTESIAN_POINT('',(161.49,-134.585,1.51));
#12097 = VERTEX_POINT('',#12098);
#12098 = CARTESIAN_POINT('',(161.49,-134.585,1.55));
#12099 = LINE('',#12100,#12101);
#12100 = CARTESIAN_POINT('',(161.49,-134.585,1.51));
#12101 = VECTOR('',#12102,1.);
#12102 = DIRECTION('',(0.,0.,1.));
#12103 = ORIENTED_EDGE('',*,*,#12104,.T.);
#12104 = EDGE_CURVE('',#12097,#12097,#12105,.T.);
#12105 = CIRCLE('',#12106,1.9);
#12106 = AXIS2_PLACEMENT_3D('',#12107,#12108,#12109);
#12107 = CARTESIAN_POINT('',(159.59,-134.585,1.55));
#12108 = DIRECTION('',(0.,0.,1.));
#12109 = DIRECTION('',(1.,0.,-0.));
#12110 = ORIENTED_EDGE('',*,*,#12094,.F.);
#12111 = ORIENTED_EDGE('',*,*,#12112,.F.);
#12112 = EDGE_CURVE('',#12095,#12095,#12113,.T.);
#12113 = CIRCLE('',#12114,1.9);
#12114 = AXIS2_PLACEMENT_3D('',#12115,#12116,#12117);
#12115 = CARTESIAN_POINT('',(159.59,-134.585,1.51));
#12116 = DIRECTION('',(0.,0.,1.));
#12117 = DIRECTION('',(1.,0.,-0.));
#12118 = CYLINDRICAL_SURFACE('',#12119,1.9);
#12119 = AXIS2_PLACEMENT_3D('',#12120,#12121,#12122);
#12120 = CARTESIAN_POINT('',(159.59,-134.585,1.51));
#12121 = DIRECTION('',(-0.,-0.,-1.));
#12122 = DIRECTION('',(1.,0.,-0.));
#12123 = ADVANCED_FACE('',(#12124,#12127),#12138,.F.);
#12124 = FACE_BOUND('',#12125,.F.);
#12125 = EDGE_LOOP('',(#12126));
#12126 = ORIENTED_EDGE('',*,*,#12112,.T.);
#12127 = FACE_BOUND('',#12128,.F.);
#12128 = EDGE_LOOP('',(#12129));
#12129 = ORIENTED_EDGE('',*,*,#12130,.T.);
#12130 = EDGE_CURVE('',#12131,#12131,#12133,.T.);
#12131 = VERTEX_POINT('',#12132);
#12132 = CARTESIAN_POINT('',(159.59,-135.66,1.51));
#12133 = CIRCLE('',#12134,1.075);
#12134 = AXIS2_PLACEMENT_3D('',#12135,#12136,#12137);
#12135 = CARTESIAN_POINT('',(159.59,-134.585,1.51));
#12136 = DIRECTION('',(-0.,0.,-1.));
#12137 = DIRECTION('',(2.643879947014E-14,-1.,-0.));
#12138 = PLANE('',#12139);
#12139 = AXIS2_PLACEMENT_3D('',#12140,#12141,#12142);
#12140 = CARTESIAN_POINT('',(0.,0.,1.51));
#12141 = DIRECTION('',(0.,0.,1.));
#12142 = DIRECTION('',(1.,0.,-0.));
#12143 = ADVANCED_FACE('',(#12144,#12147),#12158,.T.);
#12144 = FACE_BOUND('',#12145,.T.);
#12145 = EDGE_LOOP('',(#12146));
#12146 = ORIENTED_EDGE('',*,*,#12104,.T.);
#12147 = FACE_BOUND('',#12148,.T.);
#12148 = EDGE_LOOP('',(#12149));
#12149 = ORIENTED_EDGE('',*,*,#12150,.T.);
#12150 = EDGE_CURVE('',#12151,#12151,#12153,.T.);
#12151 = VERTEX_POINT('',#12152);
#12152 = CARTESIAN_POINT('',(159.59,-135.66,1.55));
#12153 = CIRCLE('',#12154,1.075);
#12154 = AXIS2_PLACEMENT_3D('',#12155,#12156,#12157);
#12155 = CARTESIAN_POINT('',(159.59,-134.585,1.55));
#12156 = DIRECTION('',(-0.,0.,-1.));
#12157 = DIRECTION('',(2.643879947014E-14,-1.,-0.));
#12158 = PLANE('',#12159);
#12159 = AXIS2_PLACEMENT_3D('',#12160,#12161,#12162);
#12160 = CARTESIAN_POINT('',(0.,0.,1.55));
#12161 = DIRECTION('',(0.,0.,1.));
#12162 = DIRECTION('',(1.,0.,-0.));
#12163 = ADVANCED_FACE('',(#12164),#12175,.F.);
#12164 = FACE_BOUND('',#12165,.T.);
#12165 = EDGE_LOOP('',(#12166,#12167,#12173,#12174));
#12166 = ORIENTED_EDGE('',*,*,#12130,.T.);
#12167 = ORIENTED_EDGE('',*,*,#12168,.T.);
#12168 = EDGE_CURVE('',#12131,#12151,#12169,.T.);
#12169 = LINE('',#12170,#12171);
#12170 = CARTESIAN_POINT('',(159.59,-135.66,-4.6E-02));
#12171 = VECTOR('',#12172,1.);
#12172 = DIRECTION('',(0.,0.,1.));
#12173 = ORIENTED_EDGE('',*,*,#12150,.F.);
#12174 = ORIENTED_EDGE('',*,*,#12168,.F.);
#12175 = CYLINDRICAL_SURFACE('',#12176,1.075);
#12176 = AXIS2_PLACEMENT_3D('',#12177,#12178,#12179);
#12177 = CARTESIAN_POINT('',(159.59,-134.585,-4.6E-02));
#12178 = DIRECTION('',(-0.,0.,-1.));
#12179 = DIRECTION('',(2.643879947014E-14,-1.,-0.));
#12180 = MANIFOLD_SOLID_BREP('',#12181);
#12181 = CLOSED_SHELL('',(#12182,#12215,#12235,#12255));
#12182 = ADVANCED_FACE('',(#12183),#12210,.T.);
#12183 = FACE_BOUND('',#12184,.T.);
#12184 = EDGE_LOOP('',(#12185,#12195,#12202,#12203));
#12185 = ORIENTED_EDGE('',*,*,#12186,.T.);
#12186 = EDGE_CURVE('',#12187,#12189,#12191,.T.);
#12187 = VERTEX_POINT('',#12188);
#12188 = CARTESIAN_POINT('',(161.49,-134.585,0.));
#12189 = VERTEX_POINT('',#12190);
#12190 = CARTESIAN_POINT('',(161.49,-134.585,-4.E-02));
#12191 = LINE('',#12192,#12193);
#12192 = CARTESIAN_POINT('',(161.49,-134.585,0.));
#12193 = VECTOR('',#12194,1.);
#12194 = DIRECTION('',(0.,0.,-1.));
#12195 = ORIENTED_EDGE('',*,*,#12196,.T.);
#12196 = EDGE_CURVE('',#12189,#12189,#12197,.T.);
#12197 = CIRCLE('',#12198,1.9);
#12198 = AXIS2_PLACEMENT_3D('',#12199,#12200,#12201);
#12199 = CARTESIAN_POINT('',(159.59,-134.585,-4.E-02));
#12200 = DIRECTION('',(0.,0.,1.));
#12201 = DIRECTION('',(1.,0.,-0.));
#12202 = ORIENTED_EDGE('',*,*,#12186,.F.);
#12203 = ORIENTED_EDGE('',*,*,#12204,.F.);
#12204 = EDGE_CURVE('',#12187,#12187,#12205,.T.);
#12205 = CIRCLE('',#12206,1.9);
#12206 = AXIS2_PLACEMENT_3D('',#12207,#12208,#12209);
#12207 = CARTESIAN_POINT('',(159.59,-134.585,0.));
#12208 = DIRECTION('',(0.,0.,1.));
#12209 = DIRECTION('',(1.,0.,-0.));
#12210 = CYLINDRICAL_SURFACE('',#12211,1.9);
#12211 = AXIS2_PLACEMENT_3D('',#12212,#12213,#12214);
#12212 = CARTESIAN_POINT('',(159.59,-134.585,0.));
#12213 = DIRECTION('',(0.,0.,1.));
#12214 = DIRECTION('',(1.,0.,-0.));
#12215 = ADVANCED_FACE('',(#12216,#12219),#12230,.F.);
#12216 = FACE_BOUND('',#12217,.F.);
#12217 = EDGE_LOOP('',(#12218));
#12218 = ORIENTED_EDGE('',*,*,#12204,.F.);
#12219 = FACE_BOUND('',#12220,.F.);
#12220 = EDGE_LOOP('',(#12221));
#12221 = ORIENTED_EDGE('',*,*,#12222,.F.);
#12222 = EDGE_CURVE('',#12223,#12223,#12225,.T.);
#12223 = VERTEX_POINT('',#12224);
#12224 = CARTESIAN_POINT('',(159.59,-135.66,0.));
#12225 = CIRCLE('',#12226,1.075);
#12226 = AXIS2_PLACEMENT_3D('',#12227,#12228,#12229);
#12227 = CARTESIAN_POINT('',(159.59,-134.585,0.));
#12228 = DIRECTION('',(-0.,0.,-1.));
#12229 = DIRECTION('',(2.643879947014E-14,-1.,-0.));
#12230 = PLANE('',#12231);
#12231 = AXIS2_PLACEMENT_3D('',#12232,#12233,#12234);
#12232 = CARTESIAN_POINT('',(0.,0.,0.));
#12233 = DIRECTION('',(-0.,-0.,-1.));
#12234 = DIRECTION('',(-1.,0.,0.));
#12235 = ADVANCED_FACE('',(#12236,#12239),#12250,.T.);
#12236 = FACE_BOUND('',#12237,.T.);
#12237 = EDGE_LOOP('',(#12238));
#12238 = ORIENTED_EDGE('',*,*,#12196,.F.);
#12239 = FACE_BOUND('',#12240,.T.);
#12240 = EDGE_LOOP('',(#12241));
#12241 = ORIENTED_EDGE('',*,*,#12242,.F.);
#12242 = EDGE_CURVE('',#12243,#12243,#12245,.T.);
#12243 = VERTEX_POINT('',#12244);
#12244 = CARTESIAN_POINT('',(159.59,-135.66,-4.E-02));
#12245 = CIRCLE('',#12246,1.075);
#12246 = AXIS2_PLACEMENT_3D('',#12247,#12248,#12249);
#12247 = CARTESIAN_POINT('',(159.59,-134.585,-4.E-02));
#12248 = DIRECTION('',(-0.,0.,-1.));
#12249 = DIRECTION('',(2.643879947014E-14,-1.,-0.));
#12250 = PLANE('',#12251);
#12251 = AXIS2_PLACEMENT_3D('',#12252,#12253,#12254);
#12252 = CARTESIAN_POINT('',(0.,0.,-4.E-02));
#12253 = DIRECTION('',(-0.,-0.,-1.));
#12254 = DIRECTION('',(-1.,0.,0.));
#12255 = ADVANCED_FACE('',(#12256),#12267,.F.);
#12256 = FACE_BOUND('',#12257,.T.);
#12257 = EDGE_LOOP('',(#12258,#12259,#12265,#12266));
#12258 = ORIENTED_EDGE('',*,*,#12242,.T.);
#12259 = ORIENTED_EDGE('',*,*,#12260,.T.);
#12260 = EDGE_CURVE('',#12243,#12223,#12261,.T.);
#12261 = LINE('',#12262,#12263);
#12262 = CARTESIAN_POINT('',(159.59,-135.66,-4.6E-02));
#12263 = VECTOR('',#12264,1.);
#12264 = DIRECTION('',(0.,0.,1.));
#12265 = ORIENTED_EDGE('',*,*,#12222,.F.);
#12266 = ORIENTED_EDGE('',*,*,#12260,.F.);
#12267 = CYLINDRICAL_SURFACE('',#12268,1.075);
#12268 = AXIS2_PLACEMENT_3D('',#12269,#12270,#12271);
#12269 = CARTESIAN_POINT('',(159.59,-134.585,-4.6E-02));
#12270 = DIRECTION('',(-0.,0.,-1.));
#12271 = DIRECTION('',(2.643879947014E-14,-1.,-0.));
#12272 = MANIFOLD_SOLID_BREP('',#12273);
#12273 = CLOSED_SHELL('',(#12274,#12307,#12327,#12347));
#12274 = ADVANCED_FACE('',(#12275),#12302,.T.);
#12275 = FACE_BOUND('',#12276,.F.);
#12276 = EDGE_LOOP('',(#12277,#12287,#12294,#12295));
#12277 = ORIENTED_EDGE('',*,*,#12278,.T.);
#12278 = EDGE_CURVE('',#12279,#12281,#12283,.T.);
#12279 = VERTEX_POINT('',#12280);
#12280 = CARTESIAN_POINT('',(135.81,-53.12,1.51));
#12281 = VERTEX_POINT('',#12282);
#12282 = CARTESIAN_POINT('',(135.81,-53.12,1.55));
#12283 = LINE('',#12284,#12285);
#12284 = CARTESIAN_POINT('',(135.81,-53.12,1.51));
#12285 = VECTOR('',#12286,1.);
#12286 = DIRECTION('',(0.,0.,1.));
#12287 = ORIENTED_EDGE('',*,*,#12288,.T.);
#12288 = EDGE_CURVE('',#12281,#12281,#12289,.T.);
#12289 = CIRCLE('',#12290,1.3);
#12290 = AXIS2_PLACEMENT_3D('',#12291,#12292,#12293);
#12291 = CARTESIAN_POINT('',(134.51,-53.12,1.55));
#12292 = DIRECTION('',(0.,0.,1.));
#12293 = DIRECTION('',(1.,0.,-0.));
#12294 = ORIENTED_EDGE('',*,*,#12278,.F.);
#12295 = ORIENTED_EDGE('',*,*,#12296,.F.);
#12296 = EDGE_CURVE('',#12279,#12279,#12297,.T.);
#12297 = CIRCLE('',#12298,1.3);
#12298 = AXIS2_PLACEMENT_3D('',#12299,#12300,#12301);
#12299 = CARTESIAN_POINT('',(134.51,-53.12,1.51));
#12300 = DIRECTION('',(0.,0.,1.));
#12301 = DIRECTION('',(1.,0.,-0.));
#12302 = CYLINDRICAL_SURFACE('',#12303,1.3);
#12303 = AXIS2_PLACEMENT_3D('',#12304,#12305,#12306);
#12304 = CARTESIAN_POINT('',(134.51,-53.12,1.51));
#12305 = DIRECTION('',(-0.,-0.,-1.));
#12306 = DIRECTION('',(1.,0.,-0.));
#12307 = ADVANCED_FACE('',(#12308,#12311),#12322,.F.);
#12308 = FACE_BOUND('',#12309,.F.);
#12309 = EDGE_LOOP('',(#12310));
#12310 = ORIENTED_EDGE('',*,*,#12296,.T.);
#12311 = FACE_BOUND('',#12312,.F.);
#12312 = EDGE_LOOP('',(#12313));
#12313 = ORIENTED_EDGE('',*,*,#12314,.T.);
#12314 = EDGE_CURVE('',#12315,#12315,#12317,.T.);
#12315 = VERTEX_POINT('',#12316);
#12316 = CARTESIAN_POINT('',(134.51,-54.195,1.51));
#12317 = CIRCLE('',#12318,1.075);
#12318 = AXIS2_PLACEMENT_3D('',#12319,#12320,#12321);
#12319 = CARTESIAN_POINT('',(134.51,-53.12,1.51));
#12320 = DIRECTION('',(-0.,0.,-1.));
#12321 = DIRECTION('',(-0.,-1.,0.));
#12322 = PLANE('',#12323);
#12323 = AXIS2_PLACEMENT_3D('',#12324,#12325,#12326);
#12324 = CARTESIAN_POINT('',(0.,0.,1.51));
#12325 = DIRECTION('',(0.,0.,1.));
#12326 = DIRECTION('',(1.,0.,-0.));
#12327 = ADVANCED_FACE('',(#12328,#12331),#12342,.T.);
#12328 = FACE_BOUND('',#12329,.T.);
#12329 = EDGE_LOOP('',(#12330));
#12330 = ORIENTED_EDGE('',*,*,#12288,.T.);
#12331 = FACE_BOUND('',#12332,.T.);
#12332 = EDGE_LOOP('',(#12333));
#12333 = ORIENTED_EDGE('',*,*,#12334,.T.);
#12334 = EDGE_CURVE('',#12335,#12335,#12337,.T.);
#12335 = VERTEX_POINT('',#12336);
#12336 = CARTESIAN_POINT('',(134.51,-54.195,1.55));
#12337 = CIRCLE('',#12338,1.075);
#12338 = AXIS2_PLACEMENT_3D('',#12339,#12340,#12341);
#12339 = CARTESIAN_POINT('',(134.51,-53.12,1.55));
#12340 = DIRECTION('',(-0.,0.,-1.));
#12341 = DIRECTION('',(-0.,-1.,0.));
#12342 = PLANE('',#12343);
#12343 = AXIS2_PLACEMENT_3D('',#12344,#12345,#12346);
#12344 = CARTESIAN_POINT('',(0.,0.,1.55));
#12345 = DIRECTION('',(0.,0.,1.));
#12346 = DIRECTION('',(1.,0.,-0.));
#12347 = ADVANCED_FACE('',(#12348),#12359,.F.);
#12348 = FACE_BOUND('',#12349,.T.);
#12349 = EDGE_LOOP('',(#12350,#12351,#12357,#12358));
#12350 = ORIENTED_EDGE('',*,*,#12314,.T.);
#12351 = ORIENTED_EDGE('',*,*,#12352,.T.);
#12352 = EDGE_CURVE('',#12315,#12335,#12353,.T.);
#12353 = LINE('',#12354,#12355);
#12354 = CARTESIAN_POINT('',(134.51,-54.195,-4.6E-02));
#12355 = VECTOR('',#12356,1.);
#12356 = DIRECTION('',(0.,0.,1.));
#12357 = ORIENTED_EDGE('',*,*,#12334,.F.);
#12358 = ORIENTED_EDGE('',*,*,#12352,.F.);
#12359 = CYLINDRICAL_SURFACE('',#12360,1.075);
#12360 = AXIS2_PLACEMENT_3D('',#12361,#12362,#12363);
#12361 = CARTESIAN_POINT('',(134.51,-53.12,-4.6E-02));
#12362 = DIRECTION('',(-0.,-0.,-1.));
#12363 = DIRECTION('',(-0.,-1.,0.));
#12364 = MANIFOLD_SOLID_BREP('',#12365);
#12365 = CLOSED_SHELL('',(#12366,#12399,#12419,#12439));
#12366 = ADVANCED_FACE('',(#12367),#12394,.T.);
#12367 = FACE_BOUND('',#12368,.T.);
#12368 = EDGE_LOOP('',(#12369,#12379,#12386,#12387));
#12369 = ORIENTED_EDGE('',*,*,#12370,.T.);
#12370 = EDGE_CURVE('',#12371,#12373,#12375,.T.);
#12371 = VERTEX_POINT('',#12372);
#12372 = CARTESIAN_POINT('',(135.81,-53.12,0.));
#12373 = VERTEX_POINT('',#12374);
#12374 = CARTESIAN_POINT('',(135.81,-53.12,-4.E-02));
#12375 = LINE('',#12376,#12377);
#12376 = CARTESIAN_POINT('',(135.81,-53.12,0.));
#12377 = VECTOR('',#12378,1.);
#12378 = DIRECTION('',(0.,0.,-1.));
#12379 = ORIENTED_EDGE('',*,*,#12380,.T.);
#12380 = EDGE_CURVE('',#12373,#12373,#12381,.T.);
#12381 = CIRCLE('',#12382,1.3);
#12382 = AXIS2_PLACEMENT_3D('',#12383,#12384,#12385);
#12383 = CARTESIAN_POINT('',(134.51,-53.12,-4.E-02));
#12384 = DIRECTION('',(0.,0.,1.));
#12385 = DIRECTION('',(1.,0.,-0.));
#12386 = ORIENTED_EDGE('',*,*,#12370,.F.);
#12387 = ORIENTED_EDGE('',*,*,#12388,.F.);
#12388 = EDGE_CURVE('',#12371,#12371,#12389,.T.);
#12389 = CIRCLE('',#12390,1.3);
#12390 = AXIS2_PLACEMENT_3D('',#12391,#12392,#12393);
#12391 = CARTESIAN_POINT('',(134.51,-53.12,0.));
#12392 = DIRECTION('',(0.,0.,1.));
#12393 = DIRECTION('',(1.,0.,-0.));
#12394 = CYLINDRICAL_SURFACE('',#12395,1.3);
#12395 = AXIS2_PLACEMENT_3D('',#12396,#12397,#12398);
#12396 = CARTESIAN_POINT('',(134.51,-53.12,0.));
#12397 = DIRECTION('',(0.,0.,1.));
#12398 = DIRECTION('',(1.,0.,-0.));
#12399 = ADVANCED_FACE('',(#12400,#12403),#12414,.F.);
#12400 = FACE_BOUND('',#12401,.F.);
#12401 = EDGE_LOOP('',(#12402));
#12402 = ORIENTED_EDGE('',*,*,#12388,.F.);
#12403 = FACE_BOUND('',#12404,.F.);
#12404 = EDGE_LOOP('',(#12405));
#12405 = ORIENTED_EDGE('',*,*,#12406,.F.);
#12406 = EDGE_CURVE('',#12407,#12407,#12409,.T.);
#12407 = VERTEX_POINT('',#12408);
#12408 = CARTESIAN_POINT('',(134.51,-54.195,0.));
#12409 = CIRCLE('',#12410,1.075);
#12410 = AXIS2_PLACEMENT_3D('',#12411,#12412,#12413);
#12411 = CARTESIAN_POINT('',(134.51,-53.12,0.));
#12412 = DIRECTION('',(-0.,0.,-1.));
#12413 = DIRECTION('',(-0.,-1.,0.));
#12414 = PLANE('',#12415);
#12415 = AXIS2_PLACEMENT_3D('',#12416,#12417,#12418);
#12416 = CARTESIAN_POINT('',(0.,0.,0.));
#12417 = DIRECTION('',(-0.,-0.,-1.));
#12418 = DIRECTION('',(-1.,0.,0.));
#12419 = ADVANCED_FACE('',(#12420,#12423),#12434,.T.);
#12420 = FACE_BOUND('',#12421,.T.);
#12421 = EDGE_LOOP('',(#12422));
#12422 = ORIENTED_EDGE('',*,*,#12380,.F.);
#12423 = FACE_BOUND('',#12424,.T.);
#12424 = EDGE_LOOP('',(#12425));
#12425 = ORIENTED_EDGE('',*,*,#12426,.F.);
#12426 = EDGE_CURVE('',#12427,#12427,#12429,.T.);
#12427 = VERTEX_POINT('',#12428);
#12428 = CARTESIAN_POINT('',(134.51,-54.195,-4.E-02));
#12429 = CIRCLE('',#12430,1.075);
#12430 = AXIS2_PLACEMENT_3D('',#12431,#12432,#12433);
#12431 = CARTESIAN_POINT('',(134.51,-53.12,-4.E-02));
#12432 = DIRECTION('',(-0.,0.,-1.));
#12433 = DIRECTION('',(-0.,-1.,0.));
#12434 = PLANE('',#12435);
#12435 = AXIS2_PLACEMENT_3D('',#12436,#12437,#12438);
#12436 = CARTESIAN_POINT('',(0.,0.,-4.E-02));
#12437 = DIRECTION('',(-0.,-0.,-1.));
#12438 = DIRECTION('',(-1.,0.,0.));
#12439 = ADVANCED_FACE('',(#12440),#12451,.F.);
#12440 = FACE_BOUND('',#12441,.T.);
#12441 = EDGE_LOOP('',(#12442,#12443,#12449,#12450));
#12442 = ORIENTED_EDGE('',*,*,#12426,.T.);
#12443 = ORIENTED_EDGE('',*,*,#12444,.T.);
#12444 = EDGE_CURVE('',#12427,#12407,#12445,.T.);
#12445 = LINE('',#12446,#12447);
#12446 = CARTESIAN_POINT('',(134.51,-54.195,-4.6E-02));
#12447 = VECTOR('',#12448,1.);
#12448 = DIRECTION('',(0.,0.,1.));
#12449 = ORIENTED_EDGE('',*,*,#12406,.F.);
#12450 = ORIENTED_EDGE('',*,*,#12444,.F.);
#12451 = CYLINDRICAL_SURFACE('',#12452,1.075);
#12452 = AXIS2_PLACEMENT_3D('',#12453,#12454,#12455);
#12453 = CARTESIAN_POINT('',(134.51,-53.12,-4.6E-02));
#12454 = DIRECTION('',(-0.,-0.,-1.));
#12455 = DIRECTION('',(-0.,-1.,0.));
#12456 = MANIFOLD_SOLID_BREP('',#12457);
#12457 = CLOSED_SHELL('',(#12458,#12491,#12511,#12531));
#12458 = ADVANCED_FACE('',(#12459),#12486,.T.);
#12459 = FACE_BOUND('',#12460,.F.);
#12460 = EDGE_LOOP('',(#12461,#12471,#12478,#12479));
#12461 = ORIENTED_EDGE('',*,*,#12462,.T.);
#12462 = EDGE_CURVE('',#12463,#12465,#12467,.T.);
#12463 = VERTEX_POINT('',#12464);
#12464 = CARTESIAN_POINT('',(134.51,-54.22,-4.E-02));
#12465 = VERTEX_POINT('',#12466);
#12466 = CARTESIAN_POINT('',(134.51,-54.22,1.55));
#12467 = LINE('',#12468,#12469);
#12468 = CARTESIAN_POINT('',(134.51,-54.22,-4.E-02));
#12469 = VECTOR('',#12470,1.);
#12470 = DIRECTION('',(0.,0.,1.));
#12471 = ORIENTED_EDGE('',*,*,#12472,.T.);
#12472 = EDGE_CURVE('',#12465,#12465,#12473,.T.);
#12473 = CIRCLE('',#12474,1.1);
#12474 = AXIS2_PLACEMENT_3D('',#12475,#12476,#12477);
#12475 = CARTESIAN_POINT('',(134.51,-53.12,1.55));
#12476 = DIRECTION('',(0.,0.,1.));
#12477 = DIRECTION('',(-0.,-1.,0.));
#12478 = ORIENTED_EDGE('',*,*,#12462,.F.);
#12479 = ORIENTED_EDGE('',*,*,#12480,.F.);
#12480 = EDGE_CURVE('',#12463,#12463,#12481,.T.);
#12481 = CIRCLE('',#12482,1.1);
#12482 = AXIS2_PLACEMENT_3D('',#12483,#12484,#12485);
#12483 = CARTESIAN_POINT('',(134.51,-53.12,-4.E-02));
#12484 = DIRECTION('',(0.,0.,1.));
#12485 = DIRECTION('',(-0.,-1.,0.));
#12486 = CYLINDRICAL_SURFACE('',#12487,1.1);
#12487 = AXIS2_PLACEMENT_3D('',#12488,#12489,#12490);
#12488 = CARTESIAN_POINT('',(134.51,-53.12,-4.E-02));
#12489 = DIRECTION('',(-0.,-0.,-1.));
#12490 = DIRECTION('',(-0.,-1.,0.));
#12491 = ADVANCED_FACE('',(#12492,#12495),#12506,.F.);
#12492 = FACE_BOUND('',#12493,.F.);
#12493 = EDGE_LOOP('',(#12494));
#12494 = ORIENTED_EDGE('',*,*,#12480,.T.);
#12495 = FACE_BOUND('',#12496,.F.);
#12496 = EDGE_LOOP('',(#12497));
#12497 = ORIENTED_EDGE('',*,*,#12498,.T.);
#12498 = EDGE_CURVE('',#12499,#12499,#12501,.T.);
#12499 = VERTEX_POINT('',#12500);
#12500 = CARTESIAN_POINT('',(134.51,-54.195,-4.E-02));
#12501 = CIRCLE('',#12502,1.075);
#12502 = AXIS2_PLACEMENT_3D('',#12503,#12504,#12505);
#12503 = CARTESIAN_POINT('',(134.51,-53.12,-4.E-02));
#12504 = DIRECTION('',(-0.,0.,-1.));
#12505 = DIRECTION('',(-0.,-1.,0.));
#12506 = PLANE('',#12507);
#12507 = AXIS2_PLACEMENT_3D('',#12508,#12509,#12510);
#12508 = CARTESIAN_POINT('',(134.51,-54.22,-4.E-02));
#12509 = DIRECTION('',(0.,0.,1.));
#12510 = DIRECTION('',(1.,0.,-0.));
#12511 = ADVANCED_FACE('',(#12512,#12515),#12526,.T.);
#12512 = FACE_BOUND('',#12513,.T.);
#12513 = EDGE_LOOP('',(#12514));
#12514 = ORIENTED_EDGE('',*,*,#12472,.T.);
#12515 = FACE_BOUND('',#12516,.T.);
#12516 = EDGE_LOOP('',(#12517));
#12517 = ORIENTED_EDGE('',*,*,#12518,.T.);
#12518 = EDGE_CURVE('',#12519,#12519,#12521,.T.);
#12519 = VERTEX_POINT('',#12520);
#12520 = CARTESIAN_POINT('',(134.51,-54.195,1.55));
#12521 = CIRCLE('',#12522,1.075);
#12522 = AXIS2_PLACEMENT_3D('',#12523,#12524,#12525);
#12523 = CARTESIAN_POINT('',(134.51,-53.12,1.55));
#12524 = DIRECTION('',(-0.,0.,-1.));
#12525 = DIRECTION('',(-0.,-1.,0.));
#12526 = PLANE('',#12527);
#12527 = AXIS2_PLACEMENT_3D('',#12528,#12529,#12530);
#12528 = CARTESIAN_POINT('',(134.51,-54.22,1.55));
#12529 = DIRECTION('',(0.,0.,1.));
#12530 = DIRECTION('',(1.,0.,-0.));
#12531 = ADVANCED_FACE('',(#12532),#12543,.F.);
#12532 = FACE_BOUND('',#12533,.T.);
#12533 = EDGE_LOOP('',(#12534,#12535,#12541,#12542));
#12534 = ORIENTED_EDGE('',*,*,#12498,.T.);
#12535 = ORIENTED_EDGE('',*,*,#12536,.T.);
#12536 = EDGE_CURVE('',#12499,#12519,#12537,.T.);
#12537 = LINE('',#12538,#12539);
#12538 = CARTESIAN_POINT('',(134.51,-54.195,-4.6E-02));
#12539 = VECTOR('',#12540,1.);
#12540 = DIRECTION('',(0.,0.,1.));
#12541 = ORIENTED_EDGE('',*,*,#12518,.F.);
#12542 = ORIENTED_EDGE('',*,*,#12536,.F.);
#12543 = CYLINDRICAL_SURFACE('',#12544,1.075);
#12544 = AXIS2_PLACEMENT_3D('',#12545,#12546,#12547);
#12545 = CARTESIAN_POINT('',(134.51,-53.12,-4.6E-02));
#12546 = DIRECTION('',(-0.,-0.,-1.));
#12547 = DIRECTION('',(-0.,-1.,0.));
#12548 = MANIFOLD_SOLID_BREP('',#12549);
#12549 = CLOSED_SHELL('',(#12550,#12583,#12603,#12623));
#12550 = ADVANCED_FACE('',(#12551),#12578,.T.);
#12551 = FACE_BOUND('',#12552,.F.);
#12552 = EDGE_LOOP('',(#12553,#12563,#12570,#12571));
#12553 = ORIENTED_EDGE('',*,*,#12554,.T.);
#12554 = EDGE_CURVE('',#12555,#12557,#12559,.T.);
#12555 = VERTEX_POINT('',#12556);
#12556 = CARTESIAN_POINT('',(136.41,-53.12,1.51));
#12557 = VERTEX_POINT('',#12558);
#12558 = CARTESIAN_POINT('',(136.41,-53.12,1.55));
#12559 = LINE('',#12560,#12561);
#12560 = CARTESIAN_POINT('',(136.41,-53.12,1.51));
#12561 = VECTOR('',#12562,1.);
#12562 = DIRECTION('',(0.,0.,1.));
#12563 = ORIENTED_EDGE('',*,*,#12564,.T.);
#12564 = EDGE_CURVE('',#12557,#12557,#12565,.T.);
#12565 = CIRCLE('',#12566,1.9);
#12566 = AXIS2_PLACEMENT_3D('',#12567,#12568,#12569);
#12567 = CARTESIAN_POINT('',(134.51,-53.12,1.55));
#12568 = DIRECTION('',(0.,0.,1.));
#12569 = DIRECTION('',(1.,0.,-0.));
#12570 = ORIENTED_EDGE('',*,*,#12554,.F.);
#12571 = ORIENTED_EDGE('',*,*,#12572,.F.);
#12572 = EDGE_CURVE('',#12555,#12555,#12573,.T.);
#12573 = CIRCLE('',#12574,1.9);
#12574 = AXIS2_PLACEMENT_3D('',#12575,#12576,#12577);
#12575 = CARTESIAN_POINT('',(134.51,-53.12,1.51));
#12576 = DIRECTION('',(0.,0.,1.));
#12577 = DIRECTION('',(1.,0.,-0.));
#12578 = CYLINDRICAL_SURFACE('',#12579,1.9);
#12579 = AXIS2_PLACEMENT_3D('',#12580,#12581,#12582);
#12580 = CARTESIAN_POINT('',(134.51,-53.12,1.51));
#12581 = DIRECTION('',(-0.,-0.,-1.));
#12582 = DIRECTION('',(1.,0.,-0.));
#12583 = ADVANCED_FACE('',(#12584,#12587),#12598,.F.);
#12584 = FACE_BOUND('',#12585,.F.);
#12585 = EDGE_LOOP('',(#12586));
#12586 = ORIENTED_EDGE('',*,*,#12572,.T.);
#12587 = FACE_BOUND('',#12588,.F.);
#12588 = EDGE_LOOP('',(#12589));
#12589 = ORIENTED_EDGE('',*,*,#12590,.T.);
#12590 = EDGE_CURVE('',#12591,#12591,#12593,.T.);
#12591 = VERTEX_POINT('',#12592);
#12592 = CARTESIAN_POINT('',(134.51,-54.195,1.51));
#12593 = CIRCLE('',#12594,1.075);
#12594 = AXIS2_PLACEMENT_3D('',#12595,#12596,#12597);
#12595 = CARTESIAN_POINT('',(134.51,-53.12,1.51));
#12596 = DIRECTION('',(-0.,0.,-1.));
#12597 = DIRECTION('',(-0.,-1.,0.));
#12598 = PLANE('',#12599);
#12599 = AXIS2_PLACEMENT_3D('',#12600,#12601,#12602);
#12600 = CARTESIAN_POINT('',(0.,0.,1.51));
#12601 = DIRECTION('',(0.,0.,1.));
#12602 = DIRECTION('',(1.,0.,-0.));
#12603 = ADVANCED_FACE('',(#12604,#12607),#12618,.T.);
#12604 = FACE_BOUND('',#12605,.T.);
#12605 = EDGE_LOOP('',(#12606));
#12606 = ORIENTED_EDGE('',*,*,#12564,.T.);
#12607 = FACE_BOUND('',#12608,.T.);
#12608 = EDGE_LOOP('',(#12609));
#12609 = ORIENTED_EDGE('',*,*,#12610,.T.);
#12610 = EDGE_CURVE('',#12611,#12611,#12613,.T.);
#12611 = VERTEX_POINT('',#12612);
#12612 = CARTESIAN_POINT('',(134.51,-54.195,1.55));
#12613 = CIRCLE('',#12614,1.075);
#12614 = AXIS2_PLACEMENT_3D('',#12615,#12616,#12617);
#12615 = CARTESIAN_POINT('',(134.51,-53.12,1.55));
#12616 = DIRECTION('',(-0.,0.,-1.));
#12617 = DIRECTION('',(-0.,-1.,0.));
#12618 = PLANE('',#12619);
#12619 = AXIS2_PLACEMENT_3D('',#12620,#12621,#12622);
#12620 = CARTESIAN_POINT('',(0.,0.,1.55));
#12621 = DIRECTION('',(0.,0.,1.));
#12622 = DIRECTION('',(1.,0.,-0.));
#12623 = ADVANCED_FACE('',(#12624),#12635,.F.);
#12624 = FACE_BOUND('',#12625,.T.);
#12625 = EDGE_LOOP('',(#12626,#12627,#12633,#12634));
#12626 = ORIENTED_EDGE('',*,*,#12590,.T.);
#12627 = ORIENTED_EDGE('',*,*,#12628,.T.);
#12628 = EDGE_CURVE('',#12591,#12611,#12629,.T.);
#12629 = LINE('',#12630,#12631);
#12630 = CARTESIAN_POINT('',(134.51,-54.195,-4.6E-02));
#12631 = VECTOR('',#12632,1.);
#12632 = DIRECTION('',(0.,0.,1.));
#12633 = ORIENTED_EDGE('',*,*,#12610,.F.);
#12634 = ORIENTED_EDGE('',*,*,#12628,.F.);
#12635 = CYLINDRICAL_SURFACE('',#12636,1.075);
#12636 = AXIS2_PLACEMENT_3D('',#12637,#12638,#12639);
#12637 = CARTESIAN_POINT('',(134.51,-53.12,-4.6E-02));
#12638 = DIRECTION('',(-0.,-0.,-1.));
#12639 = DIRECTION('',(-0.,-1.,0.));
#12640 = MANIFOLD_SOLID_BREP('',#12641);
#12641 = CLOSED_SHELL('',(#12642,#12675,#12695,#12715));
#12642 = ADVANCED_FACE('',(#12643),#12670,.T.);
#12643 = FACE_BOUND('',#12644,.T.);
#12644 = EDGE_LOOP('',(#12645,#12655,#12662,#12663));
#12645 = ORIENTED_EDGE('',*,*,#12646,.T.);
#12646 = EDGE_CURVE('',#12647,#12649,#12651,.T.);
#12647 = VERTEX_POINT('',#12648);
#12648 = CARTESIAN_POINT('',(136.41,-53.12,0.));
#12649 = VERTEX_POINT('',#12650);
#12650 = CARTESIAN_POINT('',(136.41,-53.12,-4.E-02));
#12651 = LINE('',#12652,#12653);
#12652 = CARTESIAN_POINT('',(136.41,-53.12,0.));
#12653 = VECTOR('',#12654,1.);
#12654 = DIRECTION('',(0.,0.,-1.));
#12655 = ORIENTED_EDGE('',*,*,#12656,.T.);
#12656 = EDGE_CURVE('',#12649,#12649,#12657,.T.);
#12657 = CIRCLE('',#12658,1.9);
#12658 = AXIS2_PLACEMENT_3D('',#12659,#12660,#12661);
#12659 = CARTESIAN_POINT('',(134.51,-53.12,-4.E-02));
#12660 = DIRECTION('',(0.,0.,1.));
#12661 = DIRECTION('',(1.,0.,-0.));
#12662 = ORIENTED_EDGE('',*,*,#12646,.F.);
#12663 = ORIENTED_EDGE('',*,*,#12664,.F.);
#12664 = EDGE_CURVE('',#12647,#12647,#12665,.T.);
#12665 = CIRCLE('',#12666,1.9);
#12666 = AXIS2_PLACEMENT_3D('',#12667,#12668,#12669);
#12667 = CARTESIAN_POINT('',(134.51,-53.12,0.));
#12668 = DIRECTION('',(0.,0.,1.));
#12669 = DIRECTION('',(1.,0.,-0.));
#12670 = CYLINDRICAL_SURFACE('',#12671,1.9);
#12671 = AXIS2_PLACEMENT_3D('',#12672,#12673,#12674);
#12672 = CARTESIAN_POINT('',(134.51,-53.12,0.));
#12673 = DIRECTION('',(0.,0.,1.));
#12674 = DIRECTION('',(1.,0.,-0.));
#12675 = ADVANCED_FACE('',(#12676,#12679),#12690,.F.);
#12676 = FACE_BOUND('',#12677,.F.);
#12677 = EDGE_LOOP('',(#12678));
#12678 = ORIENTED_EDGE('',*,*,#12664,.F.);
#12679 = FACE_BOUND('',#12680,.F.);
#12680 = EDGE_LOOP('',(#12681));
#12681 = ORIENTED_EDGE('',*,*,#12682,.F.);
#12682 = EDGE_CURVE('',#12683,#12683,#12685,.T.);
#12683 = VERTEX_POINT('',#12684);
#12684 = CARTESIAN_POINT('',(134.51,-54.195,0.));
#12685 = CIRCLE('',#12686,1.075);
#12686 = AXIS2_PLACEMENT_3D('',#12687,#12688,#12689);
#12687 = CARTESIAN_POINT('',(134.51,-53.12,0.));
#12688 = DIRECTION('',(-0.,0.,-1.));
#12689 = DIRECTION('',(-0.,-1.,0.));
#12690 = PLANE('',#12691);
#12691 = AXIS2_PLACEMENT_3D('',#12692,#12693,#12694);
#12692 = CARTESIAN_POINT('',(0.,0.,0.));
#12693 = DIRECTION('',(-0.,-0.,-1.));
#12694 = DIRECTION('',(-1.,0.,0.));
#12695 = ADVANCED_FACE('',(#12696,#12699),#12710,.T.);
#12696 = FACE_BOUND('',#12697,.T.);
#12697 = EDGE_LOOP('',(#12698));
#12698 = ORIENTED_EDGE('',*,*,#12656,.F.);
#12699 = FACE_BOUND('',#12700,.T.);
#12700 = EDGE_LOOP('',(#12701));
#12701 = ORIENTED_EDGE('',*,*,#12702,.F.);
#12702 = EDGE_CURVE('',#12703,#12703,#12705,.T.);
#12703 = VERTEX_POINT('',#12704);
#12704 = CARTESIAN_POINT('',(134.51,-54.195,-4.E-02));
#12705 = CIRCLE('',#12706,1.075);
#12706 = AXIS2_PLACEMENT_3D('',#12707,#12708,#12709);
#12707 = CARTESIAN_POINT('',(134.51,-53.12,-4.E-02));
#12708 = DIRECTION('',(-0.,0.,-1.));
#12709 = DIRECTION('',(-0.,-1.,0.));
#12710 = PLANE('',#12711);
#12711 = AXIS2_PLACEMENT_3D('',#12712,#12713,#12714);
#12712 = CARTESIAN_POINT('',(0.,0.,-4.E-02));
#12713 = DIRECTION('',(-0.,-0.,-1.));
#12714 = DIRECTION('',(-1.,0.,0.));
#12715 = ADVANCED_FACE('',(#12716),#12727,.F.);
#12716 = FACE_BOUND('',#12717,.T.);
#12717 = EDGE_LOOP('',(#12718,#12719,#12725,#12726));
#12718 = ORIENTED_EDGE('',*,*,#12702,.T.);
#12719 = ORIENTED_EDGE('',*,*,#12720,.T.);
#12720 = EDGE_CURVE('',#12703,#12683,#12721,.T.);
#12721 = LINE('',#12722,#12723);
#12722 = CARTESIAN_POINT('',(134.51,-54.195,-4.6E-02));
#12723 = VECTOR('',#12724,1.);
#12724 = DIRECTION('',(0.,0.,1.));
#12725 = ORIENTED_EDGE('',*,*,#12682,.F.);
#12726 = ORIENTED_EDGE('',*,*,#12720,.F.);
#12727 = CYLINDRICAL_SURFACE('',#12728,1.075);
#12728 = AXIS2_PLACEMENT_3D('',#12729,#12730,#12731);
#12729 = CARTESIAN_POINT('',(134.51,-53.12,-4.6E-02));
#12730 = DIRECTION('',(-0.,-0.,-1.));
#12731 = DIRECTION('',(-0.,-1.,0.));
#12732 = MANIFOLD_SOLID_BREP('',#12733);
#12733 = CLOSED_SHELL('',(#12734,#12776,#12807,#12838,#12901,#12964,
    #12981,#12998,#13015,#13032,#13044));
#12734 = ADVANCED_FACE('',(#12735),#12771,.T.);
#12735 = FACE_BOUND('',#12736,.T.);
#12736 = EDGE_LOOP('',(#12737,#12747,#12756,#12764));
#12737 = ORIENTED_EDGE('',*,*,#12738,.T.);
#12738 = EDGE_CURVE('',#12739,#12741,#12743,.T.);
#12739 = VERTEX_POINT('',#12740);
#12740 = CARTESIAN_POINT('',(159.675,-127.025,1.51));
#12741 = VERTEX_POINT('',#12742);
#12742 = CARTESIAN_POINT('',(159.675,-127.025,1.55));
#12743 = LINE('',#12744,#12745);
#12744 = CARTESIAN_POINT('',(159.675,-127.025,1.51));
#12745 = VECTOR('',#12746,1.);
#12746 = DIRECTION('',(0.,0.,1.));
#12747 = ORIENTED_EDGE('',*,*,#12748,.T.);
#12748 = EDGE_CURVE('',#12741,#12749,#12751,.T.);
#12749 = VERTEX_POINT('',#12750);
#12750 = CARTESIAN_POINT('',(159.925,-126.775,1.55));
#12751 = CIRCLE('',#12752,0.249998959685);
#12752 = AXIS2_PLACEMENT_3D('',#12753,#12754,#12755);
#12753 = CARTESIAN_POINT('',(159.92499895968,-127.0249989596,1.55));
#12754 = DIRECTION('',(0.,0.,-1.));
#12755 = DIRECTION('',(-0.999999999991,-4.161285950754E-06,-0.));
#12756 = ORIENTED_EDGE('',*,*,#12757,.F.);
#12757 = EDGE_CURVE('',#12758,#12749,#12760,.T.);
#12758 = VERTEX_POINT('',#12759);
#12759 = CARTESIAN_POINT('',(159.925,-126.775,1.51));
#12760 = LINE('',#12761,#12762);
#12761 = CARTESIAN_POINT('',(159.925,-126.775,1.51));
#12762 = VECTOR('',#12763,1.);
#12763 = DIRECTION('',(0.,0.,1.));
#12764 = ORIENTED_EDGE('',*,*,#12765,.F.);
#12765 = EDGE_CURVE('',#12739,#12758,#12766,.T.);
#12766 = CIRCLE('',#12767,0.249998959685);
#12767 = AXIS2_PLACEMENT_3D('',#12768,#12769,#12770);
#12768 = CARTESIAN_POINT('',(159.92499895968,-127.0249989596,1.51));
#12769 = DIRECTION('',(0.,0.,-1.));
#12770 = DIRECTION('',(-0.999999999991,-4.161285950754E-06,-0.));
#12771 = CYLINDRICAL_SURFACE('',#12772,0.249998959685);
#12772 = AXIS2_PLACEMENT_3D('',#12773,#12774,#12775);
#12773 = CARTESIAN_POINT('',(159.92499895968,-127.0249989596,1.51));
#12774 = DIRECTION('',(0.,0.,-1.));
#12775 = DIRECTION('',(-0.999999999991,-4.161285950754E-06,-0.));
#12776 = ADVANCED_FACE('',(#12777),#12802,.T.);
#12777 = FACE_BOUND('',#12778,.T.);
#12778 = EDGE_LOOP('',(#12779,#12789,#12795,#12796));
#12779 = ORIENTED_EDGE('',*,*,#12780,.T.);
#12780 = EDGE_CURVE('',#12781,#12783,#12785,.T.);
#12781 = VERTEX_POINT('',#12782);
#12782 = CARTESIAN_POINT('',(159.675,-128.125,1.51));
#12783 = VERTEX_POINT('',#12784);
#12784 = CARTESIAN_POINT('',(159.675,-128.125,1.55));
#12785 = LINE('',#12786,#12787);
#12786 = CARTESIAN_POINT('',(159.675,-128.125,1.51));
#12787 = VECTOR('',#12788,1.);
#12788 = DIRECTION('',(0.,0.,1.));
#12789 = ORIENTED_EDGE('',*,*,#12790,.T.);
#12790 = EDGE_CURVE('',#12783,#12741,#12791,.T.);
#12791 = LINE('',#12792,#12793);
#12792 = CARTESIAN_POINT('',(159.675,-128.125,1.55));
#12793 = VECTOR('',#12794,1.);
#12794 = DIRECTION('',(0.,1.,0.));
#12795 = ORIENTED_EDGE('',*,*,#12738,.F.);
#12796 = ORIENTED_EDGE('',*,*,#12797,.F.);
#12797 = EDGE_CURVE('',#12781,#12739,#12798,.T.);
#12798 = LINE('',#12799,#12800);
#12799 = CARTESIAN_POINT('',(159.675,-128.125,1.51));
#12800 = VECTOR('',#12801,1.);
#12801 = DIRECTION('',(0.,1.,0.));
#12802 = PLANE('',#12803);
#12803 = AXIS2_PLACEMENT_3D('',#12804,#12805,#12806);
#12804 = CARTESIAN_POINT('',(159.675,-128.125,1.51));
#12805 = DIRECTION('',(-1.,0.,0.));
#12806 = DIRECTION('',(0.,1.,0.));
#12807 = ADVANCED_FACE('',(#12808),#12833,.T.);
#12808 = FACE_BOUND('',#12809,.T.);
#12809 = EDGE_LOOP('',(#12810,#12811,#12819,#12827));
#12810 = ORIENTED_EDGE('',*,*,#12757,.T.);
#12811 = ORIENTED_EDGE('',*,*,#12812,.T.);
#12812 = EDGE_CURVE('',#12749,#12813,#12815,.T.);
#12813 = VERTEX_POINT('',#12814);
#12814 = CARTESIAN_POINT('',(161.025,-126.775,1.55));
#12815 = LINE('',#12816,#12817);
#12816 = CARTESIAN_POINT('',(159.925,-126.775,1.55));
#12817 = VECTOR('',#12818,1.);
#12818 = DIRECTION('',(1.,0.,0.));
#12819 = ORIENTED_EDGE('',*,*,#12820,.F.);
#12820 = EDGE_CURVE('',#12821,#12813,#12823,.T.);
#12821 = VERTEX_POINT('',#12822);
#12822 = CARTESIAN_POINT('',(161.025,-126.775,1.51));
#12823 = LINE('',#12824,#12825);
#12824 = CARTESIAN_POINT('',(161.025,-126.775,1.51));
#12825 = VECTOR('',#12826,1.);
#12826 = DIRECTION('',(0.,0.,1.));
#12827 = ORIENTED_EDGE('',*,*,#12828,.F.);
#12828 = EDGE_CURVE('',#12758,#12821,#12829,.T.);
#12829 = LINE('',#12830,#12831);
#12830 = CARTESIAN_POINT('',(159.925,-126.775,1.51));
#12831 = VECTOR('',#12832,1.);
#12832 = DIRECTION('',(1.,0.,0.));
#12833 = PLANE('',#12834);
#12834 = AXIS2_PLACEMENT_3D('',#12835,#12836,#12837);
#12835 = CARTESIAN_POINT('',(159.925,-126.775,1.51));
#12836 = DIRECTION('',(0.,1.,0.));
#12837 = DIRECTION('',(1.,0.,0.));
#12838 = ADVANCED_FACE('',(#12839,#12885),#12896,.F.);
#12839 = FACE_BOUND('',#12840,.F.);
#12840 = EDGE_LOOP('',(#12841,#12842,#12843,#12852,#12860,#12869,#12877,
    #12884));
#12841 = ORIENTED_EDGE('',*,*,#12765,.F.);
#12842 = ORIENTED_EDGE('',*,*,#12797,.F.);
#12843 = ORIENTED_EDGE('',*,*,#12844,.F.);
#12844 = EDGE_CURVE('',#12845,#12781,#12847,.T.);
#12845 = VERTEX_POINT('',#12846);
#12846 = CARTESIAN_POINT('',(159.925,-128.375,1.51));
#12847 = CIRCLE('',#12848,0.249998959685);
#12848 = AXIS2_PLACEMENT_3D('',#12849,#12850,#12851);
#12849 = CARTESIAN_POINT('',(159.92499895968,-128.1250010403,1.51));
#12850 = DIRECTION('',(0.,0.,-1.));
#12851 = DIRECTION('',(4.161285837067E-06,-0.999999999991,0.));
#12852 = ORIENTED_EDGE('',*,*,#12853,.F.);
#12853 = EDGE_CURVE('',#12854,#12845,#12856,.T.);
#12854 = VERTEX_POINT('',#12855);
#12855 = CARTESIAN_POINT('',(161.025,-128.375,1.51));
#12856 = LINE('',#12857,#12858);
#12857 = CARTESIAN_POINT('',(161.025,-128.375,1.51));
#12858 = VECTOR('',#12859,1.);
#12859 = DIRECTION('',(-1.,0.,0.));
#12860 = ORIENTED_EDGE('',*,*,#12861,.F.);
#12861 = EDGE_CURVE('',#12862,#12854,#12864,.T.);
#12862 = VERTEX_POINT('',#12863);
#12863 = CARTESIAN_POINT('',(161.275,-128.125,1.51));
#12864 = CIRCLE('',#12865,0.249998959685);
#12865 = AXIS2_PLACEMENT_3D('',#12866,#12867,#12868);
#12866 = CARTESIAN_POINT('',(161.02500104031,-128.1250010403,1.51));
#12867 = DIRECTION('',(0.,0.,-1.));
#12868 = DIRECTION('',(0.999999999991,4.161285723378E-06,0.));
#12869 = ORIENTED_EDGE('',*,*,#12870,.F.);
#12870 = EDGE_CURVE('',#12871,#12862,#12873,.T.);
#12871 = VERTEX_POINT('',#12872);
#12872 = CARTESIAN_POINT('',(161.275,-127.025,1.51));
#12873 = LINE('',#12874,#12875);
#12874 = CARTESIAN_POINT('',(161.275,-127.025,1.51));
#12875 = VECTOR('',#12876,1.);
#12876 = DIRECTION('',(0.,-1.,0.));
#12877 = ORIENTED_EDGE('',*,*,#12878,.F.);
#12878 = EDGE_CURVE('',#12821,#12871,#12879,.T.);
#12879 = CIRCLE('',#12880,0.249998959685);
#12880 = AXIS2_PLACEMENT_3D('',#12881,#12882,#12883);
#12881 = CARTESIAN_POINT('',(161.02500104031,-127.0249989596,1.51));
#12882 = DIRECTION('',(0.,0.,-1.));
#12883 = DIRECTION('',(-4.161285723379E-06,0.999999999991,0.));
#12884 = ORIENTED_EDGE('',*,*,#12828,.F.);
#12885 = FACE_BOUND('',#12886,.F.);
#12886 = EDGE_LOOP('',(#12887));
#12887 = ORIENTED_EDGE('',*,*,#12888,.T.);
#12888 = EDGE_CURVE('',#12889,#12889,#12891,.T.);
#12889 = VERTEX_POINT('',#12890);
#12890 = CARTESIAN_POINT('',(160.475,-127.85,1.51));
#12891 = CIRCLE('',#12892,0.275);
#12892 = AXIS2_PLACEMENT_3D('',#12893,#12894,#12895);
#12893 = CARTESIAN_POINT('',(160.475,-127.575,1.51));
#12894 = DIRECTION('',(-0.,0.,-1.));
#12895 = DIRECTION('',(-0.,-1.,0.));
#12896 = PLANE('',#12897);
#12897 = AXIS2_PLACEMENT_3D('',#12898,#12899,#12900);
#12898 = CARTESIAN_POINT('',(0.,0.,1.51));
#12899 = DIRECTION('',(0.,0.,1.));
#12900 = DIRECTION('',(1.,0.,-0.));
#12901 = ADVANCED_FACE('',(#12902,#12948),#12959,.T.);
#12902 = FACE_BOUND('',#12903,.T.);
#12903 = EDGE_LOOP('',(#12904,#12905,#12906,#12915,#12923,#12932,#12940,
    #12947));
#12904 = ORIENTED_EDGE('',*,*,#12748,.F.);
#12905 = ORIENTED_EDGE('',*,*,#12790,.F.);
#12906 = ORIENTED_EDGE('',*,*,#12907,.F.);
#12907 = EDGE_CURVE('',#12908,#12783,#12910,.T.);
#12908 = VERTEX_POINT('',#12909);
#12909 = CARTESIAN_POINT('',(159.925,-128.375,1.55));
#12910 = CIRCLE('',#12911,0.249998959685);
#12911 = AXIS2_PLACEMENT_3D('',#12912,#12913,#12914);
#12912 = CARTESIAN_POINT('',(159.92499895968,-128.1250010403,1.55));
#12913 = DIRECTION('',(0.,0.,-1.));
#12914 = DIRECTION('',(4.161285837067E-06,-0.999999999991,0.));
#12915 = ORIENTED_EDGE('',*,*,#12916,.F.);
#12916 = EDGE_CURVE('',#12917,#12908,#12919,.T.);
#12917 = VERTEX_POINT('',#12918);
#12918 = CARTESIAN_POINT('',(161.025,-128.375,1.55));
#12919 = LINE('',#12920,#12921);
#12920 = CARTESIAN_POINT('',(161.025,-128.375,1.55));
#12921 = VECTOR('',#12922,1.);
#12922 = DIRECTION('',(-1.,0.,0.));
#12923 = ORIENTED_EDGE('',*,*,#12924,.F.);
#12924 = EDGE_CURVE('',#12925,#12917,#12927,.T.);
#12925 = VERTEX_POINT('',#12926);
#12926 = CARTESIAN_POINT('',(161.275,-128.125,1.55));
#12927 = CIRCLE('',#12928,0.249998959685);
#12928 = AXIS2_PLACEMENT_3D('',#12929,#12930,#12931);
#12929 = CARTESIAN_POINT('',(161.02500104031,-128.1250010403,1.55));
#12930 = DIRECTION('',(0.,0.,-1.));
#12931 = DIRECTION('',(0.999999999991,4.161285723378E-06,0.));
#12932 = ORIENTED_EDGE('',*,*,#12933,.F.);
#12933 = EDGE_CURVE('',#12934,#12925,#12936,.T.);
#12934 = VERTEX_POINT('',#12935);
#12935 = CARTESIAN_POINT('',(161.275,-127.025,1.55));
#12936 = LINE('',#12937,#12938);
#12937 = CARTESIAN_POINT('',(161.275,-127.025,1.55));
#12938 = VECTOR('',#12939,1.);
#12939 = DIRECTION('',(0.,-1.,0.));
#12940 = ORIENTED_EDGE('',*,*,#12941,.F.);
#12941 = EDGE_CURVE('',#12813,#12934,#12942,.T.);
#12942 = CIRCLE('',#12943,0.249998959685);
#12943 = AXIS2_PLACEMENT_3D('',#12944,#12945,#12946);
#12944 = CARTESIAN_POINT('',(161.02500104031,-127.0249989596,1.55));
#12945 = DIRECTION('',(0.,0.,-1.));
#12946 = DIRECTION('',(-4.161285723379E-06,0.999999999991,0.));
#12947 = ORIENTED_EDGE('',*,*,#12812,.F.);
#12948 = FACE_BOUND('',#12949,.T.);
#12949 = EDGE_LOOP('',(#12950));
#12950 = ORIENTED_EDGE('',*,*,#12951,.T.);
#12951 = EDGE_CURVE('',#12952,#12952,#12954,.T.);
#12952 = VERTEX_POINT('',#12953);
#12953 = CARTESIAN_POINT('',(160.475,-127.85,1.55));
#12954 = CIRCLE('',#12955,0.275);
#12955 = AXIS2_PLACEMENT_3D('',#12956,#12957,#12958);
#12956 = CARTESIAN_POINT('',(160.475,-127.575,1.55));
#12957 = DIRECTION('',(-0.,0.,-1.));
#12958 = DIRECTION('',(-0.,-1.,0.));
#12959 = PLANE('',#12960);
#12960 = AXIS2_PLACEMENT_3D('',#12961,#12962,#12963);
#12961 = CARTESIAN_POINT('',(0.,0.,1.55));
#12962 = DIRECTION('',(0.,0.,1.));
#12963 = DIRECTION('',(1.,0.,-0.));
#12964 = ADVANCED_FACE('',(#12965),#12976,.T.);
#12965 = FACE_BOUND('',#12966,.T.);
#12966 = EDGE_LOOP('',(#12967,#12973,#12974,#12975));
#12967 = ORIENTED_EDGE('',*,*,#12968,.T.);
#12968 = EDGE_CURVE('',#12845,#12908,#12969,.T.);
#12969 = LINE('',#12970,#12971);
#12970 = CARTESIAN_POINT('',(159.925,-128.375,1.51));
#12971 = VECTOR('',#12972,1.);
#12972 = DIRECTION('',(0.,0.,1.));
#12973 = ORIENTED_EDGE('',*,*,#12907,.T.);
#12974 = ORIENTED_EDGE('',*,*,#12780,.F.);
#12975 = ORIENTED_EDGE('',*,*,#12844,.F.);
#12976 = CYLINDRICAL_SURFACE('',#12977,0.249998959685);
#12977 = AXIS2_PLACEMENT_3D('',#12978,#12979,#12980);
#12978 = CARTESIAN_POINT('',(159.92499895968,-128.1250010403,1.51));
#12979 = DIRECTION('',(0.,0.,-1.));
#12980 = DIRECTION('',(4.161285837067E-06,-0.999999999991,0.));
#12981 = ADVANCED_FACE('',(#12982),#12993,.T.);
#12982 = FACE_BOUND('',#12983,.T.);
#12983 = EDGE_LOOP('',(#12984,#12985,#12986,#12992));
#12984 = ORIENTED_EDGE('',*,*,#12820,.T.);
#12985 = ORIENTED_EDGE('',*,*,#12941,.T.);
#12986 = ORIENTED_EDGE('',*,*,#12987,.F.);
#12987 = EDGE_CURVE('',#12871,#12934,#12988,.T.);
#12988 = LINE('',#12989,#12990);
#12989 = CARTESIAN_POINT('',(161.275,-127.025,1.51));
#12990 = VECTOR('',#12991,1.);
#12991 = DIRECTION('',(0.,0.,1.));
#12992 = ORIENTED_EDGE('',*,*,#12878,.F.);
#12993 = CYLINDRICAL_SURFACE('',#12994,0.249998959685);
#12994 = AXIS2_PLACEMENT_3D('',#12995,#12996,#12997);
#12995 = CARTESIAN_POINT('',(161.02500104031,-127.0249989596,1.51));
#12996 = DIRECTION('',(0.,0.,-1.));
#12997 = DIRECTION('',(-4.161285723379E-06,0.999999999991,0.));
#12998 = ADVANCED_FACE('',(#12999),#13010,.T.);
#12999 = FACE_BOUND('',#13000,.T.);
#13000 = EDGE_LOOP('',(#13001,#13007,#13008,#13009));
#13001 = ORIENTED_EDGE('',*,*,#13002,.T.);
#13002 = EDGE_CURVE('',#12854,#12917,#13003,.T.);
#13003 = LINE('',#13004,#13005);
#13004 = CARTESIAN_POINT('',(161.025,-128.375,1.51));
#13005 = VECTOR('',#13006,1.);
#13006 = DIRECTION('',(0.,0.,1.));
#13007 = ORIENTED_EDGE('',*,*,#12916,.T.);
#13008 = ORIENTED_EDGE('',*,*,#12968,.F.);
#13009 = ORIENTED_EDGE('',*,*,#12853,.F.);
#13010 = PLANE('',#13011);
#13011 = AXIS2_PLACEMENT_3D('',#13012,#13013,#13014);
#13012 = CARTESIAN_POINT('',(161.025,-128.375,1.51));
#13013 = DIRECTION('',(0.,-1.,0.));
#13014 = DIRECTION('',(-1.,0.,0.));
#13015 = ADVANCED_FACE('',(#13016),#13027,.T.);
#13016 = FACE_BOUND('',#13017,.T.);
#13017 = EDGE_LOOP('',(#13018,#13019,#13020,#13026));
#13018 = ORIENTED_EDGE('',*,*,#12987,.T.);
#13019 = ORIENTED_EDGE('',*,*,#12933,.T.);
#13020 = ORIENTED_EDGE('',*,*,#13021,.F.);
#13021 = EDGE_CURVE('',#12862,#12925,#13022,.T.);
#13022 = LINE('',#13023,#13024);
#13023 = CARTESIAN_POINT('',(161.275,-128.125,1.51));
#13024 = VECTOR('',#13025,1.);
#13025 = DIRECTION('',(0.,0.,1.));
#13026 = ORIENTED_EDGE('',*,*,#12870,.F.);
#13027 = PLANE('',#13028);
#13028 = AXIS2_PLACEMENT_3D('',#13029,#13030,#13031);
#13029 = CARTESIAN_POINT('',(161.275,-127.025,1.51));
#13030 = DIRECTION('',(1.,0.,-0.));
#13031 = DIRECTION('',(0.,-1.,0.));
#13032 = ADVANCED_FACE('',(#13033),#13039,.T.);
#13033 = FACE_BOUND('',#13034,.T.);
#13034 = EDGE_LOOP('',(#13035,#13036,#13037,#13038));
#13035 = ORIENTED_EDGE('',*,*,#13021,.T.);
#13036 = ORIENTED_EDGE('',*,*,#12924,.T.);
#13037 = ORIENTED_EDGE('',*,*,#13002,.F.);
#13038 = ORIENTED_EDGE('',*,*,#12861,.F.);
#13039 = CYLINDRICAL_SURFACE('',#13040,0.249998959685);
#13040 = AXIS2_PLACEMENT_3D('',#13041,#13042,#13043);
#13041 = CARTESIAN_POINT('',(161.02500104031,-128.1250010403,1.51));
#13042 = DIRECTION('',(0.,0.,-1.));
#13043 = DIRECTION('',(0.999999999991,4.161285723378E-06,0.));
#13044 = ADVANCED_FACE('',(#13045),#13056,.F.);
#13045 = FACE_BOUND('',#13046,.T.);
#13046 = EDGE_LOOP('',(#13047,#13048,#13054,#13055));
#13047 = ORIENTED_EDGE('',*,*,#12888,.T.);
#13048 = ORIENTED_EDGE('',*,*,#13049,.T.);
#13049 = EDGE_CURVE('',#12889,#12952,#13050,.T.);
#13050 = LINE('',#13051,#13052);
#13051 = CARTESIAN_POINT('',(160.475,-127.85,-4.6E-02));
#13052 = VECTOR('',#13053,1.);
#13053 = DIRECTION('',(0.,0.,1.));
#13054 = ORIENTED_EDGE('',*,*,#12951,.F.);
#13055 = ORIENTED_EDGE('',*,*,#13049,.F.);
#13056 = CYLINDRICAL_SURFACE('',#13057,0.275);
#13057 = AXIS2_PLACEMENT_3D('',#13058,#13059,#13060);
#13058 = CARTESIAN_POINT('',(160.475,-127.575,-4.6E-02));
#13059 = DIRECTION('',(-0.,-0.,-1.));
#13060 = DIRECTION('',(-0.,-1.,0.));
#13061 = MANIFOLD_SOLID_BREP('',#13062);
#13062 = CLOSED_SHELL('',(#13063,#13105,#13136,#13167,#13230,#13293,
    #13310,#13327,#13344,#13361,#13373));
#13063 = ADVANCED_FACE('',(#13064),#13100,.T.);
#13064 = FACE_BOUND('',#13065,.F.);
#13065 = EDGE_LOOP('',(#13066,#13076,#13085,#13093));
#13066 = ORIENTED_EDGE('',*,*,#13067,.T.);
#13067 = EDGE_CURVE('',#13068,#13070,#13072,.T.);
#13068 = VERTEX_POINT('',#13069);
#13069 = CARTESIAN_POINT('',(159.675,-127.025,0.));
#13070 = VERTEX_POINT('',#13071);
#13071 = CARTESIAN_POINT('',(159.675,-127.025,-4.E-02));
#13072 = LINE('',#13073,#13074);
#13073 = CARTESIAN_POINT('',(159.675,-127.025,0.));
#13074 = VECTOR('',#13075,1.);
#13075 = DIRECTION('',(0.,0.,-1.));
#13076 = ORIENTED_EDGE('',*,*,#13077,.T.);
#13077 = EDGE_CURVE('',#13070,#13078,#13080,.T.);
#13078 = VERTEX_POINT('',#13079);
#13079 = CARTESIAN_POINT('',(159.925,-126.775,-4.E-02));
#13080 = CIRCLE('',#13081,0.249998959685);
#13081 = AXIS2_PLACEMENT_3D('',#13082,#13083,#13084);
#13082 = CARTESIAN_POINT('',(159.92499895968,-127.0249989596,-4.E-02));
#13083 = DIRECTION('',(0.,0.,-1.));
#13084 = DIRECTION('',(-0.999999999991,-4.161285950754E-06,-0.));
#13085 = ORIENTED_EDGE('',*,*,#13086,.F.);
#13086 = EDGE_CURVE('',#13087,#13078,#13089,.T.);
#13087 = VERTEX_POINT('',#13088);
#13088 = CARTESIAN_POINT('',(159.925,-126.775,0.));
#13089 = LINE('',#13090,#13091);
#13090 = CARTESIAN_POINT('',(159.925,-126.775,0.));
#13091 = VECTOR('',#13092,1.);
#13092 = DIRECTION('',(0.,0.,-1.));
#13093 = ORIENTED_EDGE('',*,*,#13094,.F.);
#13094 = EDGE_CURVE('',#13068,#13087,#13095,.T.);
#13095 = CIRCLE('',#13096,0.249998959685);
#13096 = AXIS2_PLACEMENT_3D('',#13097,#13098,#13099);
#13097 = CARTESIAN_POINT('',(159.92499895968,-127.0249989596,0.));
#13098 = DIRECTION('',(0.,0.,-1.));
#13099 = DIRECTION('',(-0.999999999991,-4.161285950754E-06,-0.));
#13100 = CYLINDRICAL_SURFACE('',#13101,0.249998959685);
#13101 = AXIS2_PLACEMENT_3D('',#13102,#13103,#13104);
#13102 = CARTESIAN_POINT('',(159.92499895968,-127.0249989596,0.));
#13103 = DIRECTION('',(-0.,-0.,1.));
#13104 = DIRECTION('',(-0.999999999991,-4.161285950754E-06,-0.));
#13105 = ADVANCED_FACE('',(#13106),#13131,.F.);
#13106 = FACE_BOUND('',#13107,.F.);
#13107 = EDGE_LOOP('',(#13108,#13118,#13124,#13125));
#13108 = ORIENTED_EDGE('',*,*,#13109,.T.);
#13109 = EDGE_CURVE('',#13110,#13112,#13114,.T.);
#13110 = VERTEX_POINT('',#13111);
#13111 = CARTESIAN_POINT('',(159.675,-128.125,0.));
#13112 = VERTEX_POINT('',#13113);
#13113 = CARTESIAN_POINT('',(159.675,-128.125,-4.E-02));
#13114 = LINE('',#13115,#13116);
#13115 = CARTESIAN_POINT('',(159.675,-128.125,0.));
#13116 = VECTOR('',#13117,1.);
#13117 = DIRECTION('',(0.,0.,-1.));
#13118 = ORIENTED_EDGE('',*,*,#13119,.T.);
#13119 = EDGE_CURVE('',#13112,#13070,#13120,.T.);
#13120 = LINE('',#13121,#13122);
#13121 = CARTESIAN_POINT('',(159.675,-128.125,-4.E-02));
#13122 = VECTOR('',#13123,1.);
#13123 = DIRECTION('',(0.,1.,0.));
#13124 = ORIENTED_EDGE('',*,*,#13067,.F.);
#13125 = ORIENTED_EDGE('',*,*,#13126,.F.);
#13126 = EDGE_CURVE('',#13110,#13068,#13127,.T.);
#13127 = LINE('',#13128,#13129);
#13128 = CARTESIAN_POINT('',(159.675,-128.125,0.));
#13129 = VECTOR('',#13130,1.);
#13130 = DIRECTION('',(0.,1.,0.));
#13131 = PLANE('',#13132);
#13132 = AXIS2_PLACEMENT_3D('',#13133,#13134,#13135);
#13133 = CARTESIAN_POINT('',(159.675,-128.125,0.));
#13134 = DIRECTION('',(1.,-0.,0.));
#13135 = DIRECTION('',(0.,1.,0.));
#13136 = ADVANCED_FACE('',(#13137),#13162,.F.);
#13137 = FACE_BOUND('',#13138,.F.);
#13138 = EDGE_LOOP('',(#13139,#13140,#13148,#13156));
#13139 = ORIENTED_EDGE('',*,*,#13086,.T.);
#13140 = ORIENTED_EDGE('',*,*,#13141,.T.);
#13141 = EDGE_CURVE('',#13078,#13142,#13144,.T.);
#13142 = VERTEX_POINT('',#13143);
#13143 = CARTESIAN_POINT('',(161.025,-126.775,-4.E-02));
#13144 = LINE('',#13145,#13146);
#13145 = CARTESIAN_POINT('',(159.925,-126.775,-4.E-02));
#13146 = VECTOR('',#13147,1.);
#13147 = DIRECTION('',(1.,0.,0.));
#13148 = ORIENTED_EDGE('',*,*,#13149,.F.);
#13149 = EDGE_CURVE('',#13150,#13142,#13152,.T.);
#13150 = VERTEX_POINT('',#13151);
#13151 = CARTESIAN_POINT('',(161.025,-126.775,0.));
#13152 = LINE('',#13153,#13154);
#13153 = CARTESIAN_POINT('',(161.025,-126.775,0.));
#13154 = VECTOR('',#13155,1.);
#13155 = DIRECTION('',(0.,0.,-1.));
#13156 = ORIENTED_EDGE('',*,*,#13157,.F.);
#13157 = EDGE_CURVE('',#13087,#13150,#13158,.T.);
#13158 = LINE('',#13159,#13160);
#13159 = CARTESIAN_POINT('',(159.925,-126.775,0.));
#13160 = VECTOR('',#13161,1.);
#13161 = DIRECTION('',(1.,0.,0.));
#13162 = PLANE('',#13163);
#13163 = AXIS2_PLACEMENT_3D('',#13164,#13165,#13166);
#13164 = CARTESIAN_POINT('',(159.925,-126.775,0.));
#13165 = DIRECTION('',(0.,-1.,0.));
#13166 = DIRECTION('',(1.,0.,0.));
#13167 = ADVANCED_FACE('',(#13168,#13214),#13225,.F.);
#13168 = FACE_BOUND('',#13169,.F.);
#13169 = EDGE_LOOP('',(#13170,#13171,#13172,#13181,#13189,#13198,#13206,
    #13213));
#13170 = ORIENTED_EDGE('',*,*,#13094,.T.);
#13171 = ORIENTED_EDGE('',*,*,#13157,.T.);
#13172 = ORIENTED_EDGE('',*,*,#13173,.T.);
#13173 = EDGE_CURVE('',#13150,#13174,#13176,.T.);
#13174 = VERTEX_POINT('',#13175);
#13175 = CARTESIAN_POINT('',(161.275,-127.025,0.));
#13176 = CIRCLE('',#13177,0.249998959685);
#13177 = AXIS2_PLACEMENT_3D('',#13178,#13179,#13180);
#13178 = CARTESIAN_POINT('',(161.02500104031,-127.0249989596,0.));
#13179 = DIRECTION('',(0.,0.,-1.));
#13180 = DIRECTION('',(-4.161285723379E-06,0.999999999991,0.));
#13181 = ORIENTED_EDGE('',*,*,#13182,.T.);
#13182 = EDGE_CURVE('',#13174,#13183,#13185,.T.);
#13183 = VERTEX_POINT('',#13184);
#13184 = CARTESIAN_POINT('',(161.275,-128.125,0.));
#13185 = LINE('',#13186,#13187);
#13186 = CARTESIAN_POINT('',(161.275,-127.025,0.));
#13187 = VECTOR('',#13188,1.);
#13188 = DIRECTION('',(0.,-1.,0.));
#13189 = ORIENTED_EDGE('',*,*,#13190,.T.);
#13190 = EDGE_CURVE('',#13183,#13191,#13193,.T.);
#13191 = VERTEX_POINT('',#13192);
#13192 = CARTESIAN_POINT('',(161.025,-128.375,0.));
#13193 = CIRCLE('',#13194,0.249998959685);
#13194 = AXIS2_PLACEMENT_3D('',#13195,#13196,#13197);
#13195 = CARTESIAN_POINT('',(161.02500104031,-128.1250010403,0.));
#13196 = DIRECTION('',(0.,0.,-1.));
#13197 = DIRECTION('',(0.999999999991,4.161285723378E-06,0.));
#13198 = ORIENTED_EDGE('',*,*,#13199,.T.);
#13199 = EDGE_CURVE('',#13191,#13200,#13202,.T.);
#13200 = VERTEX_POINT('',#13201);
#13201 = CARTESIAN_POINT('',(159.925,-128.375,0.));
#13202 = LINE('',#13203,#13204);
#13203 = CARTESIAN_POINT('',(161.025,-128.375,0.));
#13204 = VECTOR('',#13205,1.);
#13205 = DIRECTION('',(-1.,0.,0.));
#13206 = ORIENTED_EDGE('',*,*,#13207,.T.);
#13207 = EDGE_CURVE('',#13200,#13110,#13208,.T.);
#13208 = CIRCLE('',#13209,0.249998959685);
#13209 = AXIS2_PLACEMENT_3D('',#13210,#13211,#13212);
#13210 = CARTESIAN_POINT('',(159.92499895968,-128.1250010403,0.));
#13211 = DIRECTION('',(0.,0.,-1.));
#13212 = DIRECTION('',(4.161285837067E-06,-0.999999999991,0.));
#13213 = ORIENTED_EDGE('',*,*,#13126,.T.);
#13214 = FACE_BOUND('',#13215,.F.);
#13215 = EDGE_LOOP('',(#13216));
#13216 = ORIENTED_EDGE('',*,*,#13217,.F.);
#13217 = EDGE_CURVE('',#13218,#13218,#13220,.T.);
#13218 = VERTEX_POINT('',#13219);
#13219 = CARTESIAN_POINT('',(160.475,-127.85,0.));
#13220 = CIRCLE('',#13221,0.275);
#13221 = AXIS2_PLACEMENT_3D('',#13222,#13223,#13224);
#13222 = CARTESIAN_POINT('',(160.475,-127.575,0.));
#13223 = DIRECTION('',(-0.,0.,-1.));
#13224 = DIRECTION('',(-0.,-1.,0.));
#13225 = PLANE('',#13226);
#13226 = AXIS2_PLACEMENT_3D('',#13227,#13228,#13229);
#13227 = CARTESIAN_POINT('',(0.,0.,0.));
#13228 = DIRECTION('',(-0.,-0.,-1.));
#13229 = DIRECTION('',(-1.,0.,0.));
#13230 = ADVANCED_FACE('',(#13231,#13277),#13288,.T.);
#13231 = FACE_BOUND('',#13232,.T.);
#13232 = EDGE_LOOP('',(#13233,#13234,#13235,#13244,#13252,#13261,#13269,
    #13276));
#13233 = ORIENTED_EDGE('',*,*,#13077,.T.);
#13234 = ORIENTED_EDGE('',*,*,#13141,.T.);
#13235 = ORIENTED_EDGE('',*,*,#13236,.T.);
#13236 = EDGE_CURVE('',#13142,#13237,#13239,.T.);
#13237 = VERTEX_POINT('',#13238);
#13238 = CARTESIAN_POINT('',(161.275,-127.025,-4.E-02));
#13239 = CIRCLE('',#13240,0.249998959685);
#13240 = AXIS2_PLACEMENT_3D('',#13241,#13242,#13243);
#13241 = CARTESIAN_POINT('',(161.02500104031,-127.0249989596,-4.E-02));
#13242 = DIRECTION('',(0.,0.,-1.));
#13243 = DIRECTION('',(-4.161285723379E-06,0.999999999991,0.));
#13244 = ORIENTED_EDGE('',*,*,#13245,.T.);
#13245 = EDGE_CURVE('',#13237,#13246,#13248,.T.);
#13246 = VERTEX_POINT('',#13247);
#13247 = CARTESIAN_POINT('',(161.275,-128.125,-4.E-02));
#13248 = LINE('',#13249,#13250);
#13249 = CARTESIAN_POINT('',(161.275,-127.025,-4.E-02));
#13250 = VECTOR('',#13251,1.);
#13251 = DIRECTION('',(0.,-1.,0.));
#13252 = ORIENTED_EDGE('',*,*,#13253,.T.);
#13253 = EDGE_CURVE('',#13246,#13254,#13256,.T.);
#13254 = VERTEX_POINT('',#13255);
#13255 = CARTESIAN_POINT('',(161.025,-128.375,-4.E-02));
#13256 = CIRCLE('',#13257,0.249998959685);
#13257 = AXIS2_PLACEMENT_3D('',#13258,#13259,#13260);
#13258 = CARTESIAN_POINT('',(161.02500104031,-128.1250010403,-4.E-02));
#13259 = DIRECTION('',(0.,0.,-1.));
#13260 = DIRECTION('',(0.999999999991,4.161285723378E-06,0.));
#13261 = ORIENTED_EDGE('',*,*,#13262,.T.);
#13262 = EDGE_CURVE('',#13254,#13263,#13265,.T.);
#13263 = VERTEX_POINT('',#13264);
#13264 = CARTESIAN_POINT('',(159.925,-128.375,-4.E-02));
#13265 = LINE('',#13266,#13267);
#13266 = CARTESIAN_POINT('',(161.025,-128.375,-4.E-02));
#13267 = VECTOR('',#13268,1.);
#13268 = DIRECTION('',(-1.,0.,0.));
#13269 = ORIENTED_EDGE('',*,*,#13270,.T.);
#13270 = EDGE_CURVE('',#13263,#13112,#13271,.T.);
#13271 = CIRCLE('',#13272,0.249998959685);
#13272 = AXIS2_PLACEMENT_3D('',#13273,#13274,#13275);
#13273 = CARTESIAN_POINT('',(159.92499895968,-128.1250010403,-4.E-02));
#13274 = DIRECTION('',(0.,0.,-1.));
#13275 = DIRECTION('',(4.161285837067E-06,-0.999999999991,0.));
#13276 = ORIENTED_EDGE('',*,*,#13119,.T.);
#13277 = FACE_BOUND('',#13278,.T.);
#13278 = EDGE_LOOP('',(#13279));
#13279 = ORIENTED_EDGE('',*,*,#13280,.F.);
#13280 = EDGE_CURVE('',#13281,#13281,#13283,.T.);
#13281 = VERTEX_POINT('',#13282);
#13282 = CARTESIAN_POINT('',(160.475,-127.85,-4.E-02));
#13283 = CIRCLE('',#13284,0.275);
#13284 = AXIS2_PLACEMENT_3D('',#13285,#13286,#13287);
#13285 = CARTESIAN_POINT('',(160.475,-127.575,-4.E-02));
#13286 = DIRECTION('',(-0.,0.,-1.));
#13287 = DIRECTION('',(-0.,-1.,0.));
#13288 = PLANE('',#13289);
#13289 = AXIS2_PLACEMENT_3D('',#13290,#13291,#13292);
#13290 = CARTESIAN_POINT('',(0.,0.,-4.E-02));
#13291 = DIRECTION('',(-0.,-0.,-1.));
#13292 = DIRECTION('',(-1.,0.,0.));
#13293 = ADVANCED_FACE('',(#13294),#13305,.T.);
#13294 = FACE_BOUND('',#13295,.F.);
#13295 = EDGE_LOOP('',(#13296,#13302,#13303,#13304));
#13296 = ORIENTED_EDGE('',*,*,#13297,.T.);
#13297 = EDGE_CURVE('',#13200,#13263,#13298,.T.);
#13298 = LINE('',#13299,#13300);
#13299 = CARTESIAN_POINT('',(159.925,-128.375,0.));
#13300 = VECTOR('',#13301,1.);
#13301 = DIRECTION('',(0.,0.,-1.));
#13302 = ORIENTED_EDGE('',*,*,#13270,.T.);
#13303 = ORIENTED_EDGE('',*,*,#13109,.F.);
#13304 = ORIENTED_EDGE('',*,*,#13207,.F.);
#13305 = CYLINDRICAL_SURFACE('',#13306,0.249998959685);
#13306 = AXIS2_PLACEMENT_3D('',#13307,#13308,#13309);
#13307 = CARTESIAN_POINT('',(159.92499895968,-128.1250010403,0.));
#13308 = DIRECTION('',(-0.,-0.,1.));
#13309 = DIRECTION('',(4.161285837067E-06,-0.999999999991,0.));
#13310 = ADVANCED_FACE('',(#13311),#13322,.T.);
#13311 = FACE_BOUND('',#13312,.F.);
#13312 = EDGE_LOOP('',(#13313,#13314,#13315,#13321));
#13313 = ORIENTED_EDGE('',*,*,#13149,.T.);
#13314 = ORIENTED_EDGE('',*,*,#13236,.T.);
#13315 = ORIENTED_EDGE('',*,*,#13316,.F.);
#13316 = EDGE_CURVE('',#13174,#13237,#13317,.T.);
#13317 = LINE('',#13318,#13319);
#13318 = CARTESIAN_POINT('',(161.275,-127.025,0.));
#13319 = VECTOR('',#13320,1.);
#13320 = DIRECTION('',(0.,0.,-1.));
#13321 = ORIENTED_EDGE('',*,*,#13173,.F.);
#13322 = CYLINDRICAL_SURFACE('',#13323,0.249998959685);
#13323 = AXIS2_PLACEMENT_3D('',#13324,#13325,#13326);
#13324 = CARTESIAN_POINT('',(161.02500104031,-127.0249989596,0.));
#13325 = DIRECTION('',(-0.,-0.,1.));
#13326 = DIRECTION('',(-4.161285723379E-06,0.999999999991,0.));
#13327 = ADVANCED_FACE('',(#13328),#13339,.F.);
#13328 = FACE_BOUND('',#13329,.F.);
#13329 = EDGE_LOOP('',(#13330,#13336,#13337,#13338));
#13330 = ORIENTED_EDGE('',*,*,#13331,.T.);
#13331 = EDGE_CURVE('',#13191,#13254,#13332,.T.);
#13332 = LINE('',#13333,#13334);
#13333 = CARTESIAN_POINT('',(161.025,-128.375,0.));
#13334 = VECTOR('',#13335,1.);
#13335 = DIRECTION('',(0.,0.,-1.));
#13336 = ORIENTED_EDGE('',*,*,#13262,.T.);
#13337 = ORIENTED_EDGE('',*,*,#13297,.F.);
#13338 = ORIENTED_EDGE('',*,*,#13199,.F.);
#13339 = PLANE('',#13340);
#13340 = AXIS2_PLACEMENT_3D('',#13341,#13342,#13343);
#13341 = CARTESIAN_POINT('',(161.025,-128.375,0.));
#13342 = DIRECTION('',(0.,1.,0.));
#13343 = DIRECTION('',(-1.,0.,0.));
#13344 = ADVANCED_FACE('',(#13345),#13356,.F.);
#13345 = FACE_BOUND('',#13346,.F.);
#13346 = EDGE_LOOP('',(#13347,#13348,#13349,#13355));
#13347 = ORIENTED_EDGE('',*,*,#13316,.T.);
#13348 = ORIENTED_EDGE('',*,*,#13245,.T.);
#13349 = ORIENTED_EDGE('',*,*,#13350,.F.);
#13350 = EDGE_CURVE('',#13183,#13246,#13351,.T.);
#13351 = LINE('',#13352,#13353);
#13352 = CARTESIAN_POINT('',(161.275,-128.125,0.));
#13353 = VECTOR('',#13354,1.);
#13354 = DIRECTION('',(0.,0.,-1.));
#13355 = ORIENTED_EDGE('',*,*,#13182,.F.);
#13356 = PLANE('',#13357);
#13357 = AXIS2_PLACEMENT_3D('',#13358,#13359,#13360);
#13358 = CARTESIAN_POINT('',(161.275,-127.025,0.));
#13359 = DIRECTION('',(-1.,-0.,-0.));
#13360 = DIRECTION('',(0.,-1.,0.));
#13361 = ADVANCED_FACE('',(#13362),#13368,.T.);
#13362 = FACE_BOUND('',#13363,.F.);
#13363 = EDGE_LOOP('',(#13364,#13365,#13366,#13367));
#13364 = ORIENTED_EDGE('',*,*,#13350,.T.);
#13365 = ORIENTED_EDGE('',*,*,#13253,.T.);
#13366 = ORIENTED_EDGE('',*,*,#13331,.F.);
#13367 = ORIENTED_EDGE('',*,*,#13190,.F.);
#13368 = CYLINDRICAL_SURFACE('',#13369,0.249998959685);
#13369 = AXIS2_PLACEMENT_3D('',#13370,#13371,#13372);
#13370 = CARTESIAN_POINT('',(161.02500104031,-128.1250010403,0.));
#13371 = DIRECTION('',(-0.,-0.,1.));
#13372 = DIRECTION('',(0.999999999991,4.161285723378E-06,0.));
#13373 = ADVANCED_FACE('',(#13374),#13385,.F.);
#13374 = FACE_BOUND('',#13375,.T.);
#13375 = EDGE_LOOP('',(#13376,#13377,#13383,#13384));
#13376 = ORIENTED_EDGE('',*,*,#13280,.T.);
#13377 = ORIENTED_EDGE('',*,*,#13378,.T.);
#13378 = EDGE_CURVE('',#13281,#13218,#13379,.T.);
#13379 = LINE('',#13380,#13381);
#13380 = CARTESIAN_POINT('',(160.475,-127.85,-4.6E-02));
#13381 = VECTOR('',#13382,1.);
#13382 = DIRECTION('',(0.,0.,1.));
#13383 = ORIENTED_EDGE('',*,*,#13217,.F.);
#13384 = ORIENTED_EDGE('',*,*,#13378,.F.);
#13385 = CYLINDRICAL_SURFACE('',#13386,0.275);
#13386 = AXIS2_PLACEMENT_3D('',#13387,#13388,#13389);
#13387 = CARTESIAN_POINT('',(160.475,-127.575,-4.6E-02));
#13388 = DIRECTION('',(-0.,-0.,-1.));
#13389 = DIRECTION('',(-0.,-1.,0.));
#13390 = MANIFOLD_SOLID_BREP('',#13391);
#13391 = CLOSED_SHELL('',(#13392,#13425,#13445,#13465));
#13392 = ADVANCED_FACE('',(#13393),#13420,.T.);
#13393 = FACE_BOUND('',#13394,.F.);
#13394 = EDGE_LOOP('',(#13395,#13405,#13412,#13413));
#13395 = ORIENTED_EDGE('',*,*,#13396,.T.);
#13396 = EDGE_CURVE('',#13397,#13399,#13401,.T.);
#13397 = VERTEX_POINT('',#13398);
#13398 = CARTESIAN_POINT('',(160.475,-127.875,-4.E-02));
#13399 = VERTEX_POINT('',#13400);
#13400 = CARTESIAN_POINT('',(160.475,-127.875,1.55));
#13401 = LINE('',#13402,#13403);
#13402 = CARTESIAN_POINT('',(160.475,-127.875,-4.E-02));
#13403 = VECTOR('',#13404,1.);
#13404 = DIRECTION('',(0.,0.,1.));
#13405 = ORIENTED_EDGE('',*,*,#13406,.T.);
#13406 = EDGE_CURVE('',#13399,#13399,#13407,.T.);
#13407 = CIRCLE('',#13408,0.3);
#13408 = AXIS2_PLACEMENT_3D('',#13409,#13410,#13411);
#13409 = CARTESIAN_POINT('',(160.475,-127.575,1.55));
#13410 = DIRECTION('',(0.,0.,1.));
#13411 = DIRECTION('',(-9.473903143468E-14,-1.,0.));
#13412 = ORIENTED_EDGE('',*,*,#13396,.F.);
#13413 = ORIENTED_EDGE('',*,*,#13414,.F.);
#13414 = EDGE_CURVE('',#13397,#13397,#13415,.T.);
#13415 = CIRCLE('',#13416,0.3);
#13416 = AXIS2_PLACEMENT_3D('',#13417,#13418,#13419);
#13417 = CARTESIAN_POINT('',(160.475,-127.575,-4.E-02));
#13418 = DIRECTION('',(0.,0.,1.));
#13419 = DIRECTION('',(-9.473903143468E-14,-1.,0.));
#13420 = CYLINDRICAL_SURFACE('',#13421,0.3);
#13421 = AXIS2_PLACEMENT_3D('',#13422,#13423,#13424);
#13422 = CARTESIAN_POINT('',(160.475,-127.575,-4.E-02));
#13423 = DIRECTION('',(-0.,-0.,-1.));
#13424 = DIRECTION('',(-9.473903143468E-14,-1.,0.));
#13425 = ADVANCED_FACE('',(#13426,#13429),#13440,.F.);
#13426 = FACE_BOUND('',#13427,.F.);
#13427 = EDGE_LOOP('',(#13428));
#13428 = ORIENTED_EDGE('',*,*,#13414,.T.);
#13429 = FACE_BOUND('',#13430,.F.);
#13430 = EDGE_LOOP('',(#13431));
#13431 = ORIENTED_EDGE('',*,*,#13432,.T.);
#13432 = EDGE_CURVE('',#13433,#13433,#13435,.T.);
#13433 = VERTEX_POINT('',#13434);
#13434 = CARTESIAN_POINT('',(160.475,-127.85,-4.E-02));
#13435 = CIRCLE('',#13436,0.275);
#13436 = AXIS2_PLACEMENT_3D('',#13437,#13438,#13439);
#13437 = CARTESIAN_POINT('',(160.475,-127.575,-4.E-02));
#13438 = DIRECTION('',(-0.,0.,-1.));
#13439 = DIRECTION('',(-0.,-1.,0.));
#13440 = PLANE('',#13441);
#13441 = AXIS2_PLACEMENT_3D('',#13442,#13443,#13444);
#13442 = CARTESIAN_POINT('',(160.475,-127.875,-4.E-02));
#13443 = DIRECTION('',(0.,0.,1.));
#13444 = DIRECTION('',(1.,0.,-0.));
#13445 = ADVANCED_FACE('',(#13446,#13449),#13460,.T.);
#13446 = FACE_BOUND('',#13447,.T.);
#13447 = EDGE_LOOP('',(#13448));
#13448 = ORIENTED_EDGE('',*,*,#13406,.T.);
#13449 = FACE_BOUND('',#13450,.T.);
#13450 = EDGE_LOOP('',(#13451));
#13451 = ORIENTED_EDGE('',*,*,#13452,.T.);
#13452 = EDGE_CURVE('',#13453,#13453,#13455,.T.);
#13453 = VERTEX_POINT('',#13454);
#13454 = CARTESIAN_POINT('',(160.475,-127.85,1.55));
#13455 = CIRCLE('',#13456,0.275);
#13456 = AXIS2_PLACEMENT_3D('',#13457,#13458,#13459);
#13457 = CARTESIAN_POINT('',(160.475,-127.575,1.55));
#13458 = DIRECTION('',(-0.,0.,-1.));
#13459 = DIRECTION('',(-0.,-1.,0.));
#13460 = PLANE('',#13461);
#13461 = AXIS2_PLACEMENT_3D('',#13462,#13463,#13464);
#13462 = CARTESIAN_POINT('',(160.475,-127.875,1.55));
#13463 = DIRECTION('',(0.,0.,1.));
#13464 = DIRECTION('',(1.,0.,-0.));
#13465 = ADVANCED_FACE('',(#13466),#13477,.F.);
#13466 = FACE_BOUND('',#13467,.T.);
#13467 = EDGE_LOOP('',(#13468,#13469,#13475,#13476));
#13468 = ORIENTED_EDGE('',*,*,#13432,.T.);
#13469 = ORIENTED_EDGE('',*,*,#13470,.T.);
#13470 = EDGE_CURVE('',#13433,#13453,#13471,.T.);
#13471 = LINE('',#13472,#13473);
#13472 = CARTESIAN_POINT('',(160.475,-127.85,-4.6E-02));
#13473 = VECTOR('',#13474,1.);
#13474 = DIRECTION('',(0.,0.,1.));
#13475 = ORIENTED_EDGE('',*,*,#13452,.F.);
#13476 = ORIENTED_EDGE('',*,*,#13470,.F.);
#13477 = CYLINDRICAL_SURFACE('',#13478,0.275);
#13478 = AXIS2_PLACEMENT_3D('',#13479,#13480,#13481);
#13479 = CARTESIAN_POINT('',(160.475,-127.575,-4.6E-02));
#13480 = DIRECTION('',(-0.,-0.,-1.));
#13481 = DIRECTION('',(-0.,-1.,0.));
#13482 = MANIFOLD_SOLID_BREP('',#13483);
#13483 = CLOSED_SHELL('',(#13484,#13526,#13557,#13590,#13621,#13654,
    #13685,#13718,#13740,#13756));
#13484 = ADVANCED_FACE('',(#13485),#13521,.T.);
#13485 = FACE_BOUND('',#13486,.F.);
#13486 = EDGE_LOOP('',(#13487,#13497,#13506,#13514));
#13487 = ORIENTED_EDGE('',*,*,#13488,.T.);
#13488 = EDGE_CURVE('',#13489,#13491,#13493,.T.);
#13489 = VERTEX_POINT('',#13490);
#13490 = CARTESIAN_POINT('',(139.9,-79.5125,0.));
#13491 = VERTEX_POINT('',#13492);
#13492 = CARTESIAN_POINT('',(139.9,-79.5125,-4.E-02));
#13493 = LINE('',#13494,#13495);
#13494 = CARTESIAN_POINT('',(139.9,-79.5125,0.));
#13495 = VECTOR('',#13496,1.);
#13496 = DIRECTION('',(0.,0.,-1.));
#13497 = ORIENTED_EDGE('',*,*,#13498,.T.);
#13498 = EDGE_CURVE('',#13491,#13499,#13501,.T.);
#13499 = VERTEX_POINT('',#13500);
#13500 = CARTESIAN_POINT('',(140.1375,-79.275,-4.E-02));
#13501 = CIRCLE('',#13502,0.237499523827);
#13502 = AXIS2_PLACEMENT_3D('',#13503,#13504,#13505);
#13503 = CARTESIAN_POINT('',(140.13749952382,-79.51249952382,-4.E-02));
#13504 = DIRECTION('',(0.,0.,-1.));
#13505 = DIRECTION('',(-0.999999999998,-2.00494332489E-06,-0.));
#13506 = ORIENTED_EDGE('',*,*,#13507,.F.);
#13507 = EDGE_CURVE('',#13508,#13499,#13510,.T.);
#13508 = VERTEX_POINT('',#13509);
#13509 = CARTESIAN_POINT('',(140.1375,-79.275,0.));
#13510 = LINE('',#13511,#13512);
#13511 = CARTESIAN_POINT('',(140.1375,-79.275,0.));
#13512 = VECTOR('',#13513,1.);
#13513 = DIRECTION('',(0.,0.,-1.));
#13514 = ORIENTED_EDGE('',*,*,#13515,.F.);
#13515 = EDGE_CURVE('',#13489,#13508,#13516,.T.);
#13516 = CIRCLE('',#13517,0.237499523827);
#13517 = AXIS2_PLACEMENT_3D('',#13518,#13519,#13520);
#13518 = CARTESIAN_POINT('',(140.13749952382,-79.51249952382,0.));
#13519 = DIRECTION('',(0.,0.,-1.));
#13520 = DIRECTION('',(-0.999999999998,-2.00494332489E-06,-0.));
#13521 = CYLINDRICAL_SURFACE('',#13522,0.237499523827);
#13522 = AXIS2_PLACEMENT_3D('',#13523,#13524,#13525);
#13523 = CARTESIAN_POINT('',(140.13749952382,-79.51249952382,0.));
#13524 = DIRECTION('',(-0.,-0.,1.));
#13525 = DIRECTION('',(-0.999999999998,-2.00494332489E-06,-0.));
#13526 = ADVANCED_FACE('',(#13527),#13552,.F.);
#13527 = FACE_BOUND('',#13528,.F.);
#13528 = EDGE_LOOP('',(#13529,#13530,#13538,#13546));
#13529 = ORIENTED_EDGE('',*,*,#13507,.T.);
#13530 = ORIENTED_EDGE('',*,*,#13531,.T.);
#13531 = EDGE_CURVE('',#13499,#13532,#13534,.T.);
#13532 = VERTEX_POINT('',#13533);
#13533 = CARTESIAN_POINT('',(140.7375,-79.275,-4.E-02));
#13534 = LINE('',#13535,#13536);
#13535 = CARTESIAN_POINT('',(140.1375,-79.275,-4.E-02));
#13536 = VECTOR('',#13537,1.);
#13537 = DIRECTION('',(1.,0.,0.));
#13538 = ORIENTED_EDGE('',*,*,#13539,.F.);
#13539 = EDGE_CURVE('',#13540,#13532,#13542,.T.);
#13540 = VERTEX_POINT('',#13541);
#13541 = CARTESIAN_POINT('',(140.7375,-79.275,0.));
#13542 = LINE('',#13543,#13544);
#13543 = CARTESIAN_POINT('',(140.7375,-79.275,0.));
#13544 = VECTOR('',#13545,1.);
#13545 = DIRECTION('',(0.,0.,-1.));
#13546 = ORIENTED_EDGE('',*,*,#13547,.F.);
#13547 = EDGE_CURVE('',#13508,#13540,#13548,.T.);
#13548 = LINE('',#13549,#13550);
#13549 = CARTESIAN_POINT('',(140.1375,-79.275,0.));
#13550 = VECTOR('',#13551,1.);
#13551 = DIRECTION('',(1.,0.,0.));
#13552 = PLANE('',#13553);
#13553 = AXIS2_PLACEMENT_3D('',#13554,#13555,#13556);
#13554 = CARTESIAN_POINT('',(140.1375,-79.275,0.));
#13555 = DIRECTION('',(0.,-1.,0.));
#13556 = DIRECTION('',(1.,0.,0.));
#13557 = ADVANCED_FACE('',(#13558),#13585,.T.);
#13558 = FACE_BOUND('',#13559,.F.);
#13559 = EDGE_LOOP('',(#13560,#13561,#13570,#13578));
#13560 = ORIENTED_EDGE('',*,*,#13539,.T.);
#13561 = ORIENTED_EDGE('',*,*,#13562,.T.);
#13562 = EDGE_CURVE('',#13532,#13563,#13565,.T.);
#13563 = VERTEX_POINT('',#13564);
#13564 = CARTESIAN_POINT('',(140.975,-79.5125,-4.E-02));
#13565 = CIRCLE('',#13566,0.237499523827);
#13566 = AXIS2_PLACEMENT_3D('',#13567,#13568,#13569);
#13567 = CARTESIAN_POINT('',(140.73750047617,-79.51249952382,-4.E-02));
#13568 = DIRECTION('',(0.,0.,-1.));
#13569 = DIRECTION('',(-2.004943205219E-06,0.999999999998,0.));
#13570 = ORIENTED_EDGE('',*,*,#13571,.F.);
#13571 = EDGE_CURVE('',#13572,#13563,#13574,.T.);
#13572 = VERTEX_POINT('',#13573);
#13573 = CARTESIAN_POINT('',(140.975,-79.5125,0.));
#13574 = LINE('',#13575,#13576);
#13575 = CARTESIAN_POINT('',(140.975,-79.5125,0.));
#13576 = VECTOR('',#13577,1.);
#13577 = DIRECTION('',(0.,0.,-1.));
#13578 = ORIENTED_EDGE('',*,*,#13579,.F.);
#13579 = EDGE_CURVE('',#13540,#13572,#13580,.T.);
#13580 = CIRCLE('',#13581,0.237499523827);
#13581 = AXIS2_PLACEMENT_3D('',#13582,#13583,#13584);
#13582 = CARTESIAN_POINT('',(140.73750047617,-79.51249952382,0.));
#13583 = DIRECTION('',(0.,0.,-1.));
#13584 = DIRECTION('',(-2.004943205219E-06,0.999999999998,0.));
#13585 = CYLINDRICAL_SURFACE('',#13586,0.237499523827);
#13586 = AXIS2_PLACEMENT_3D('',#13587,#13588,#13589);
#13587 = CARTESIAN_POINT('',(140.73750047617,-79.51249952382,0.));
#13588 = DIRECTION('',(-0.,-0.,1.));
#13589 = DIRECTION('',(-2.004943205219E-06,0.999999999998,0.));
#13590 = ADVANCED_FACE('',(#13591),#13616,.F.);
#13591 = FACE_BOUND('',#13592,.F.);
#13592 = EDGE_LOOP('',(#13593,#13594,#13602,#13610));
#13593 = ORIENTED_EDGE('',*,*,#13571,.T.);
#13594 = ORIENTED_EDGE('',*,*,#13595,.T.);
#13595 = EDGE_CURVE('',#13563,#13596,#13598,.T.);
#13596 = VERTEX_POINT('',#13597);
#13597 = CARTESIAN_POINT('',(140.975,-79.9875,-4.E-02));
#13598 = LINE('',#13599,#13600);
#13599 = CARTESIAN_POINT('',(140.975,-79.5125,-4.E-02));
#13600 = VECTOR('',#13601,1.);
#13601 = DIRECTION('',(0.,-1.,0.));
#13602 = ORIENTED_EDGE('',*,*,#13603,.F.);
#13603 = EDGE_CURVE('',#13604,#13596,#13606,.T.);
#13604 = VERTEX_POINT('',#13605);
#13605 = CARTESIAN_POINT('',(140.975,-79.9875,0.));
#13606 = LINE('',#13607,#13608);
#13607 = CARTESIAN_POINT('',(140.975,-79.9875,0.));
#13608 = VECTOR('',#13609,1.);
#13609 = DIRECTION('',(0.,0.,-1.));
#13610 = ORIENTED_EDGE('',*,*,#13611,.F.);
#13611 = EDGE_CURVE('',#13572,#13604,#13612,.T.);
#13612 = LINE('',#13613,#13614);
#13613 = CARTESIAN_POINT('',(140.975,-79.5125,0.));
#13614 = VECTOR('',#13615,1.);
#13615 = DIRECTION('',(0.,-1.,0.));
#13616 = PLANE('',#13617);
#13617 = AXIS2_PLACEMENT_3D('',#13618,#13619,#13620);
#13618 = CARTESIAN_POINT('',(140.975,-79.5125,0.));
#13619 = DIRECTION('',(-1.,-0.,-0.));
#13620 = DIRECTION('',(0.,-1.,0.));
#13621 = ADVANCED_FACE('',(#13622),#13649,.T.);
#13622 = FACE_BOUND('',#13623,.F.);
#13623 = EDGE_LOOP('',(#13624,#13625,#13634,#13642));
#13624 = ORIENTED_EDGE('',*,*,#13603,.T.);
#13625 = ORIENTED_EDGE('',*,*,#13626,.T.);
#13626 = EDGE_CURVE('',#13596,#13627,#13629,.T.);
#13627 = VERTEX_POINT('',#13628);
#13628 = CARTESIAN_POINT('',(140.7375,-80.225,-4.E-02));
#13629 = CIRCLE('',#13630,0.237499523827);
#13630 = AXIS2_PLACEMENT_3D('',#13631,#13632,#13633);
#13631 = CARTESIAN_POINT('',(140.73750047617,-79.98750047617,-4.E-02));
#13632 = DIRECTION('',(0.,0.,-1.));
#13633 = DIRECTION('',(0.999999999998,2.00494332489E-06,0.));
#13634 = ORIENTED_EDGE('',*,*,#13635,.F.);
#13635 = EDGE_CURVE('',#13636,#13627,#13638,.T.);
#13636 = VERTEX_POINT('',#13637);
#13637 = CARTESIAN_POINT('',(140.7375,-80.225,0.));
#13638 = LINE('',#13639,#13640);
#13639 = CARTESIAN_POINT('',(140.7375,-80.225,0.));
#13640 = VECTOR('',#13641,1.);
#13641 = DIRECTION('',(0.,0.,-1.));
#13642 = ORIENTED_EDGE('',*,*,#13643,.F.);
#13643 = EDGE_CURVE('',#13604,#13636,#13644,.T.);
#13644 = CIRCLE('',#13645,0.237499523827);
#13645 = AXIS2_PLACEMENT_3D('',#13646,#13647,#13648);
#13646 = CARTESIAN_POINT('',(140.73750047617,-79.98750047617,0.));
#13647 = DIRECTION('',(0.,0.,-1.));
#13648 = DIRECTION('',(0.999999999998,2.00494332489E-06,0.));
#13649 = CYLINDRICAL_SURFACE('',#13650,0.237499523827);
#13650 = AXIS2_PLACEMENT_3D('',#13651,#13652,#13653);
#13651 = CARTESIAN_POINT('',(140.73750047617,-79.98750047617,0.));
#13652 = DIRECTION('',(-0.,-0.,1.));
#13653 = DIRECTION('',(0.999999999998,2.00494332489E-06,0.));
#13654 = ADVANCED_FACE('',(#13655),#13680,.F.);
#13655 = FACE_BOUND('',#13656,.F.);
#13656 = EDGE_LOOP('',(#13657,#13658,#13666,#13674));
#13657 = ORIENTED_EDGE('',*,*,#13635,.T.);
#13658 = ORIENTED_EDGE('',*,*,#13659,.T.);
#13659 = EDGE_CURVE('',#13627,#13660,#13662,.T.);
#13660 = VERTEX_POINT('',#13661);
#13661 = CARTESIAN_POINT('',(140.1375,-80.225,-4.E-02));
#13662 = LINE('',#13663,#13664);
#13663 = CARTESIAN_POINT('',(140.7375,-80.225,-4.E-02));
#13664 = VECTOR('',#13665,1.);
#13665 = DIRECTION('',(-1.,0.,0.));
#13666 = ORIENTED_EDGE('',*,*,#13667,.F.);
#13667 = EDGE_CURVE('',#13668,#13660,#13670,.T.);
#13668 = VERTEX_POINT('',#13669);
#13669 = CARTESIAN_POINT('',(140.1375,-80.225,0.));
#13670 = LINE('',#13671,#13672);
#13671 = CARTESIAN_POINT('',(140.1375,-80.225,0.));
#13672 = VECTOR('',#13673,1.);
#13673 = DIRECTION('',(0.,0.,-1.));
#13674 = ORIENTED_EDGE('',*,*,#13675,.F.);
#13675 = EDGE_CURVE('',#13636,#13668,#13676,.T.);
#13676 = LINE('',#13677,#13678);
#13677 = CARTESIAN_POINT('',(140.7375,-80.225,0.));
#13678 = VECTOR('',#13679,1.);
#13679 = DIRECTION('',(-1.,0.,0.));
#13680 = PLANE('',#13681);
#13681 = AXIS2_PLACEMENT_3D('',#13682,#13683,#13684);
#13682 = CARTESIAN_POINT('',(140.7375,-80.225,0.));
#13683 = DIRECTION('',(0.,1.,0.));
#13684 = DIRECTION('',(-1.,0.,0.));
#13685 = ADVANCED_FACE('',(#13686),#13713,.T.);
#13686 = FACE_BOUND('',#13687,.F.);
#13687 = EDGE_LOOP('',(#13688,#13689,#13698,#13706));
#13688 = ORIENTED_EDGE('',*,*,#13667,.T.);
#13689 = ORIENTED_EDGE('',*,*,#13690,.T.);
#13690 = EDGE_CURVE('',#13660,#13691,#13693,.T.);
#13691 = VERTEX_POINT('',#13692);
#13692 = CARTESIAN_POINT('',(139.9,-79.9875,-4.E-02));
#13693 = CIRCLE('',#13694,0.237499523827);
#13694 = AXIS2_PLACEMENT_3D('',#13695,#13696,#13697);
#13695 = CARTESIAN_POINT('',(140.13749952382,-79.98750047617,-4.E-02));
#13696 = DIRECTION('',(0.,0.,-1.));
#13697 = DIRECTION('',(2.004943205219E-06,-0.999999999998,0.));
#13698 = ORIENTED_EDGE('',*,*,#13699,.F.);
#13699 = EDGE_CURVE('',#13700,#13691,#13702,.T.);
#13700 = VERTEX_POINT('',#13701);
#13701 = CARTESIAN_POINT('',(139.9,-79.9875,0.));
#13702 = LINE('',#13703,#13704);
#13703 = CARTESIAN_POINT('',(139.9,-79.9875,0.));
#13704 = VECTOR('',#13705,1.);
#13705 = DIRECTION('',(0.,0.,-1.));
#13706 = ORIENTED_EDGE('',*,*,#13707,.F.);
#13707 = EDGE_CURVE('',#13668,#13700,#13708,.T.);
#13708 = CIRCLE('',#13709,0.237499523827);
#13709 = AXIS2_PLACEMENT_3D('',#13710,#13711,#13712);
#13710 = CARTESIAN_POINT('',(140.13749952382,-79.98750047617,0.));
#13711 = DIRECTION('',(0.,0.,-1.));
#13712 = DIRECTION('',(2.004943205219E-06,-0.999999999998,0.));
#13713 = CYLINDRICAL_SURFACE('',#13714,0.237499523827);
#13714 = AXIS2_PLACEMENT_3D('',#13715,#13716,#13717);
#13715 = CARTESIAN_POINT('',(140.13749952382,-79.98750047617,0.));
#13716 = DIRECTION('',(-0.,-0.,1.));
#13717 = DIRECTION('',(2.004943205219E-06,-0.999999999998,0.));
#13718 = ADVANCED_FACE('',(#13719),#13735,.F.);
#13719 = FACE_BOUND('',#13720,.F.);
#13720 = EDGE_LOOP('',(#13721,#13722,#13728,#13729));
#13721 = ORIENTED_EDGE('',*,*,#13699,.T.);
#13722 = ORIENTED_EDGE('',*,*,#13723,.T.);
#13723 = EDGE_CURVE('',#13691,#13491,#13724,.T.);
#13724 = LINE('',#13725,#13726);
#13725 = CARTESIAN_POINT('',(139.9,-79.9875,-4.E-02));
#13726 = VECTOR('',#13727,1.);
#13727 = DIRECTION('',(0.,1.,0.));
#13728 = ORIENTED_EDGE('',*,*,#13488,.F.);
#13729 = ORIENTED_EDGE('',*,*,#13730,.F.);
#13730 = EDGE_CURVE('',#13700,#13489,#13731,.T.);
#13731 = LINE('',#13732,#13733);
#13732 = CARTESIAN_POINT('',(139.9,-79.9875,0.));
#13733 = VECTOR('',#13734,1.);
#13734 = DIRECTION('',(0.,1.,0.));
#13735 = PLANE('',#13736);
#13736 = AXIS2_PLACEMENT_3D('',#13737,#13738,#13739);
#13737 = CARTESIAN_POINT('',(139.9,-79.9875,0.));
#13738 = DIRECTION('',(1.,-0.,0.));
#13739 = DIRECTION('',(0.,1.,0.));
#13740 = ADVANCED_FACE('',(#13741),#13751,.F.);
#13741 = FACE_BOUND('',#13742,.F.);
#13742 = EDGE_LOOP('',(#13743,#13744,#13745,#13746,#13747,#13748,#13749,
    #13750));
#13743 = ORIENTED_EDGE('',*,*,#13515,.T.);
#13744 = ORIENTED_EDGE('',*,*,#13547,.T.);
#13745 = ORIENTED_EDGE('',*,*,#13579,.T.);
#13746 = ORIENTED_EDGE('',*,*,#13611,.T.);
#13747 = ORIENTED_EDGE('',*,*,#13643,.T.);
#13748 = ORIENTED_EDGE('',*,*,#13675,.T.);
#13749 = ORIENTED_EDGE('',*,*,#13707,.T.);
#13750 = ORIENTED_EDGE('',*,*,#13730,.T.);
#13751 = PLANE('',#13752);
#13752 = AXIS2_PLACEMENT_3D('',#13753,#13754,#13755);
#13753 = CARTESIAN_POINT('',(0.,0.,0.));
#13754 = DIRECTION('',(-0.,-0.,-1.));
#13755 = DIRECTION('',(-1.,0.,0.));
#13756 = ADVANCED_FACE('',(#13757),#13767,.T.);
#13757 = FACE_BOUND('',#13758,.T.);
#13758 = EDGE_LOOP('',(#13759,#13760,#13761,#13762,#13763,#13764,#13765,
    #13766));
#13759 = ORIENTED_EDGE('',*,*,#13498,.T.);
#13760 = ORIENTED_EDGE('',*,*,#13531,.T.);
#13761 = ORIENTED_EDGE('',*,*,#13562,.T.);
#13762 = ORIENTED_EDGE('',*,*,#13595,.T.);
#13763 = ORIENTED_EDGE('',*,*,#13626,.T.);
#13764 = ORIENTED_EDGE('',*,*,#13659,.T.);
#13765 = ORIENTED_EDGE('',*,*,#13690,.T.);
#13766 = ORIENTED_EDGE('',*,*,#13723,.T.);
#13767 = PLANE('',#13768);
#13768 = AXIS2_PLACEMENT_3D('',#13769,#13770,#13771);
#13769 = CARTESIAN_POINT('',(0.,0.,-4.E-02));
#13770 = DIRECTION('',(-0.,-0.,-1.));
#13771 = DIRECTION('',(-1.,0.,0.));
#13772 = MANIFOLD_SOLID_BREP('',#13773);
#13773 = CLOSED_SHELL('',(#13774,#13816,#13847,#13878,#13941,#14004,
    #14021,#14038,#14055,#14072,#14084));
#13774 = ADVANCED_FACE('',(#13775),#13811,.T.);
#13775 = FACE_BOUND('',#13776,.T.);
#13776 = EDGE_LOOP('',(#13777,#13787,#13796,#13804));
#13777 = ORIENTED_EDGE('',*,*,#13778,.T.);
#13778 = EDGE_CURVE('',#13779,#13781,#13783,.T.);
#13779 = VERTEX_POINT('',#13780);
#13780 = CARTESIAN_POINT('',(159.675,-130.625,1.51));
#13781 = VERTEX_POINT('',#13782);
#13782 = CARTESIAN_POINT('',(159.675,-130.625,1.55));
#13783 = LINE('',#13784,#13785);
#13784 = CARTESIAN_POINT('',(159.675,-130.625,1.51));
#13785 = VECTOR('',#13786,1.);
#13786 = DIRECTION('',(0.,0.,1.));
#13787 = ORIENTED_EDGE('',*,*,#13788,.T.);
#13788 = EDGE_CURVE('',#13781,#13789,#13791,.T.);
#13789 = VERTEX_POINT('',#13790);
#13790 = CARTESIAN_POINT('',(159.925,-130.375,1.55));
#13791 = CIRCLE('',#13792,0.249998959685);
#13792 = AXIS2_PLACEMENT_3D('',#13793,#13794,#13795);
#13793 = CARTESIAN_POINT('',(159.92499895968,-130.6249989596,1.55));
#13794 = DIRECTION('',(0.,0.,-1.));
#13795 = DIRECTION('',(-0.999999999991,-4.161285950754E-06,-0.));
#13796 = ORIENTED_EDGE('',*,*,#13797,.F.);
#13797 = EDGE_CURVE('',#13798,#13789,#13800,.T.);
#13798 = VERTEX_POINT('',#13799);
#13799 = CARTESIAN_POINT('',(159.925,-130.375,1.51));
#13800 = LINE('',#13801,#13802);
#13801 = CARTESIAN_POINT('',(159.925,-130.375,1.51));
#13802 = VECTOR('',#13803,1.);
#13803 = DIRECTION('',(0.,0.,1.));
#13804 = ORIENTED_EDGE('',*,*,#13805,.F.);
#13805 = EDGE_CURVE('',#13779,#13798,#13806,.T.);
#13806 = CIRCLE('',#13807,0.249998959685);
#13807 = AXIS2_PLACEMENT_3D('',#13808,#13809,#13810);
#13808 = CARTESIAN_POINT('',(159.92499895968,-130.6249989596,1.51));
#13809 = DIRECTION('',(0.,0.,-1.));
#13810 = DIRECTION('',(-0.999999999991,-4.161285950754E-06,-0.));
#13811 = CYLINDRICAL_SURFACE('',#13812,0.249998959685);
#13812 = AXIS2_PLACEMENT_3D('',#13813,#13814,#13815);
#13813 = CARTESIAN_POINT('',(159.92499895968,-130.6249989596,1.51));
#13814 = DIRECTION('',(0.,0.,-1.));
#13815 = DIRECTION('',(-0.999999999991,-4.161285950754E-06,-0.));
#13816 = ADVANCED_FACE('',(#13817),#13842,.T.);
#13817 = FACE_BOUND('',#13818,.T.);
#13818 = EDGE_LOOP('',(#13819,#13829,#13835,#13836));
#13819 = ORIENTED_EDGE('',*,*,#13820,.T.);
#13820 = EDGE_CURVE('',#13821,#13823,#13825,.T.);
#13821 = VERTEX_POINT('',#13822);
#13822 = CARTESIAN_POINT('',(159.675,-131.725,1.51));
#13823 = VERTEX_POINT('',#13824);
#13824 = CARTESIAN_POINT('',(159.675,-131.725,1.55));
#13825 = LINE('',#13826,#13827);
#13826 = CARTESIAN_POINT('',(159.675,-131.725,1.51));
#13827 = VECTOR('',#13828,1.);
#13828 = DIRECTION('',(0.,0.,1.));
#13829 = ORIENTED_EDGE('',*,*,#13830,.T.);
#13830 = EDGE_CURVE('',#13823,#13781,#13831,.T.);
#13831 = LINE('',#13832,#13833);
#13832 = CARTESIAN_POINT('',(159.675,-131.725,1.55));
#13833 = VECTOR('',#13834,1.);
#13834 = DIRECTION('',(0.,1.,0.));
#13835 = ORIENTED_EDGE('',*,*,#13778,.F.);
#13836 = ORIENTED_EDGE('',*,*,#13837,.F.);
#13837 = EDGE_CURVE('',#13821,#13779,#13838,.T.);
#13838 = LINE('',#13839,#13840);
#13839 = CARTESIAN_POINT('',(159.675,-131.725,1.51));
#13840 = VECTOR('',#13841,1.);
#13841 = DIRECTION('',(0.,1.,0.));
#13842 = PLANE('',#13843);
#13843 = AXIS2_PLACEMENT_3D('',#13844,#13845,#13846);
#13844 = CARTESIAN_POINT('',(159.675,-131.725,1.51));
#13845 = DIRECTION('',(-1.,0.,0.));
#13846 = DIRECTION('',(0.,1.,0.));
#13847 = ADVANCED_FACE('',(#13848),#13873,.T.);
#13848 = FACE_BOUND('',#13849,.T.);
#13849 = EDGE_LOOP('',(#13850,#13851,#13859,#13867));
#13850 = ORIENTED_EDGE('',*,*,#13797,.T.);
#13851 = ORIENTED_EDGE('',*,*,#13852,.T.);
#13852 = EDGE_CURVE('',#13789,#13853,#13855,.T.);
#13853 = VERTEX_POINT('',#13854);
#13854 = CARTESIAN_POINT('',(161.025,-130.375,1.55));
#13855 = LINE('',#13856,#13857);
#13856 = CARTESIAN_POINT('',(159.925,-130.375,1.55));
#13857 = VECTOR('',#13858,1.);
#13858 = DIRECTION('',(1.,0.,0.));
#13859 = ORIENTED_EDGE('',*,*,#13860,.F.);
#13860 = EDGE_CURVE('',#13861,#13853,#13863,.T.);
#13861 = VERTEX_POINT('',#13862);
#13862 = CARTESIAN_POINT('',(161.025,-130.375,1.51));
#13863 = LINE('',#13864,#13865);
#13864 = CARTESIAN_POINT('',(161.025,-130.375,1.51));
#13865 = VECTOR('',#13866,1.);
#13866 = DIRECTION('',(0.,0.,1.));
#13867 = ORIENTED_EDGE('',*,*,#13868,.F.);
#13868 = EDGE_CURVE('',#13798,#13861,#13869,.T.);
#13869 = LINE('',#13870,#13871);
#13870 = CARTESIAN_POINT('',(159.925,-130.375,1.51));
#13871 = VECTOR('',#13872,1.);
#13872 = DIRECTION('',(1.,0.,0.));
#13873 = PLANE('',#13874);
#13874 = AXIS2_PLACEMENT_3D('',#13875,#13876,#13877);
#13875 = CARTESIAN_POINT('',(159.925,-130.375,1.51));
#13876 = DIRECTION('',(0.,1.,0.));
#13877 = DIRECTION('',(1.,0.,0.));
#13878 = ADVANCED_FACE('',(#13879,#13925),#13936,.F.);
#13879 = FACE_BOUND('',#13880,.F.);
#13880 = EDGE_LOOP('',(#13881,#13882,#13883,#13892,#13900,#13909,#13917,
    #13924));
#13881 = ORIENTED_EDGE('',*,*,#13805,.F.);
#13882 = ORIENTED_EDGE('',*,*,#13837,.F.);
#13883 = ORIENTED_EDGE('',*,*,#13884,.F.);
#13884 = EDGE_CURVE('',#13885,#13821,#13887,.T.);
#13885 = VERTEX_POINT('',#13886);
#13886 = CARTESIAN_POINT('',(159.925,-131.975,1.51));
#13887 = CIRCLE('',#13888,0.249998959685);
#13888 = AXIS2_PLACEMENT_3D('',#13889,#13890,#13891);
#13889 = CARTESIAN_POINT('',(159.92499895968,-131.7250010403,1.51));
#13890 = DIRECTION('',(0.,0.,-1.));
#13891 = DIRECTION('',(4.161286064442E-06,-0.999999999991,0.));
#13892 = ORIENTED_EDGE('',*,*,#13893,.F.);
#13893 = EDGE_CURVE('',#13894,#13885,#13896,.T.);
#13894 = VERTEX_POINT('',#13895);
#13895 = CARTESIAN_POINT('',(161.025,-131.975,1.51));
#13896 = LINE('',#13897,#13898);
#13897 = CARTESIAN_POINT('',(161.025,-131.975,1.51));
#13898 = VECTOR('',#13899,1.);
#13899 = DIRECTION('',(-1.,0.,0.));
#13900 = ORIENTED_EDGE('',*,*,#13901,.F.);
#13901 = EDGE_CURVE('',#13902,#13894,#13904,.T.);
#13902 = VERTEX_POINT('',#13903);
#13903 = CARTESIAN_POINT('',(161.275,-131.725,1.51));
#13904 = CIRCLE('',#13905,0.249998959685);
#13905 = AXIS2_PLACEMENT_3D('',#13906,#13907,#13908);
#13906 = CARTESIAN_POINT('',(161.02500104031,-131.7250010403,1.51));
#13907 = DIRECTION('',(0.,0.,-1.));
#13908 = DIRECTION('',(0.999999999991,4.161285837066E-06,0.));
#13909 = ORIENTED_EDGE('',*,*,#13910,.F.);
#13910 = EDGE_CURVE('',#13911,#13902,#13913,.T.);
#13911 = VERTEX_POINT('',#13912);
#13912 = CARTESIAN_POINT('',(161.275,-130.625,1.51));
#13913 = LINE('',#13914,#13915);
#13914 = CARTESIAN_POINT('',(161.275,-130.625,1.51));
#13915 = VECTOR('',#13916,1.);
#13916 = DIRECTION('',(0.,-1.,0.));
#13917 = ORIENTED_EDGE('',*,*,#13918,.F.);
#13918 = EDGE_CURVE('',#13861,#13911,#13919,.T.);
#13919 = CIRCLE('',#13920,0.249998959685);
#13920 = AXIS2_PLACEMENT_3D('',#13921,#13922,#13923);
#13921 = CARTESIAN_POINT('',(161.02500104031,-130.6249989596,1.51));
#13922 = DIRECTION('',(0.,0.,-1.));
#13923 = DIRECTION('',(-4.161285609691E-06,0.999999999991,0.));
#13924 = ORIENTED_EDGE('',*,*,#13868,.F.);
#13925 = FACE_BOUND('',#13926,.F.);
#13926 = EDGE_LOOP('',(#13927));
#13927 = ORIENTED_EDGE('',*,*,#13928,.T.);
#13928 = EDGE_CURVE('',#13929,#13929,#13931,.T.);
#13929 = VERTEX_POINT('',#13930);
#13930 = CARTESIAN_POINT('',(160.475,-131.45,1.51));
#13931 = CIRCLE('',#13932,0.275);
#13932 = AXIS2_PLACEMENT_3D('',#13933,#13934,#13935);
#13933 = CARTESIAN_POINT('',(160.475,-131.175,1.51));
#13934 = DIRECTION('',(-0.,0.,-1.));
#13935 = DIRECTION('',(-0.,-1.,0.));
#13936 = PLANE('',#13937);
#13937 = AXIS2_PLACEMENT_3D('',#13938,#13939,#13940);
#13938 = CARTESIAN_POINT('',(0.,0.,1.51));
#13939 = DIRECTION('',(0.,0.,1.));
#13940 = DIRECTION('',(1.,0.,-0.));
#13941 = ADVANCED_FACE('',(#13942,#13988),#13999,.T.);
#13942 = FACE_BOUND('',#13943,.T.);
#13943 = EDGE_LOOP('',(#13944,#13945,#13946,#13955,#13963,#13972,#13980,
    #13987));
#13944 = ORIENTED_EDGE('',*,*,#13788,.F.);
#13945 = ORIENTED_EDGE('',*,*,#13830,.F.);
#13946 = ORIENTED_EDGE('',*,*,#13947,.F.);
#13947 = EDGE_CURVE('',#13948,#13823,#13950,.T.);
#13948 = VERTEX_POINT('',#13949);
#13949 = CARTESIAN_POINT('',(159.925,-131.975,1.55));
#13950 = CIRCLE('',#13951,0.249998959685);
#13951 = AXIS2_PLACEMENT_3D('',#13952,#13953,#13954);
#13952 = CARTESIAN_POINT('',(159.92499895968,-131.7250010403,1.55));
#13953 = DIRECTION('',(0.,0.,-1.));
#13954 = DIRECTION('',(4.161286064442E-06,-0.999999999991,0.));
#13955 = ORIENTED_EDGE('',*,*,#13956,.F.);
#13956 = EDGE_CURVE('',#13957,#13948,#13959,.T.);
#13957 = VERTEX_POINT('',#13958);
#13958 = CARTESIAN_POINT('',(161.025,-131.975,1.55));
#13959 = LINE('',#13960,#13961);
#13960 = CARTESIAN_POINT('',(161.025,-131.975,1.55));
#13961 = VECTOR('',#13962,1.);
#13962 = DIRECTION('',(-1.,0.,0.));
#13963 = ORIENTED_EDGE('',*,*,#13964,.F.);
#13964 = EDGE_CURVE('',#13965,#13957,#13967,.T.);
#13965 = VERTEX_POINT('',#13966);
#13966 = CARTESIAN_POINT('',(161.275,-131.725,1.55));
#13967 = CIRCLE('',#13968,0.249998959685);
#13968 = AXIS2_PLACEMENT_3D('',#13969,#13970,#13971);
#13969 = CARTESIAN_POINT('',(161.02500104031,-131.7250010403,1.55));
#13970 = DIRECTION('',(0.,0.,-1.));
#13971 = DIRECTION('',(0.999999999991,4.161285837066E-06,0.));
#13972 = ORIENTED_EDGE('',*,*,#13973,.F.);
#13973 = EDGE_CURVE('',#13974,#13965,#13976,.T.);
#13974 = VERTEX_POINT('',#13975);
#13975 = CARTESIAN_POINT('',(161.275,-130.625,1.55));
#13976 = LINE('',#13977,#13978);
#13977 = CARTESIAN_POINT('',(161.275,-130.625,1.55));
#13978 = VECTOR('',#13979,1.);
#13979 = DIRECTION('',(0.,-1.,0.));
#13980 = ORIENTED_EDGE('',*,*,#13981,.F.);
#13981 = EDGE_CURVE('',#13853,#13974,#13982,.T.);
#13982 = CIRCLE('',#13983,0.249998959685);
#13983 = AXIS2_PLACEMENT_3D('',#13984,#13985,#13986);
#13984 = CARTESIAN_POINT('',(161.02500104031,-130.6249989596,1.55));
#13985 = DIRECTION('',(0.,0.,-1.));
#13986 = DIRECTION('',(-4.161285609691E-06,0.999999999991,0.));
#13987 = ORIENTED_EDGE('',*,*,#13852,.F.);
#13988 = FACE_BOUND('',#13989,.T.);
#13989 = EDGE_LOOP('',(#13990));
#13990 = ORIENTED_EDGE('',*,*,#13991,.T.);
#13991 = EDGE_CURVE('',#13992,#13992,#13994,.T.);
#13992 = VERTEX_POINT('',#13993);
#13993 = CARTESIAN_POINT('',(160.475,-131.45,1.55));
#13994 = CIRCLE('',#13995,0.275);
#13995 = AXIS2_PLACEMENT_3D('',#13996,#13997,#13998);
#13996 = CARTESIAN_POINT('',(160.475,-131.175,1.55));
#13997 = DIRECTION('',(-0.,0.,-1.));
#13998 = DIRECTION('',(-0.,-1.,0.));
#13999 = PLANE('',#14000);
#14000 = AXIS2_PLACEMENT_3D('',#14001,#14002,#14003);
#14001 = CARTESIAN_POINT('',(0.,0.,1.55));
#14002 = DIRECTION('',(0.,0.,1.));
#14003 = DIRECTION('',(1.,0.,-0.));
#14004 = ADVANCED_FACE('',(#14005),#14016,.T.);
#14005 = FACE_BOUND('',#14006,.T.);
#14006 = EDGE_LOOP('',(#14007,#14013,#14014,#14015));
#14007 = ORIENTED_EDGE('',*,*,#14008,.T.);
#14008 = EDGE_CURVE('',#13885,#13948,#14009,.T.);
#14009 = LINE('',#14010,#14011);
#14010 = CARTESIAN_POINT('',(159.925,-131.975,1.51));
#14011 = VECTOR('',#14012,1.);
#14012 = DIRECTION('',(0.,0.,1.));
#14013 = ORIENTED_EDGE('',*,*,#13947,.T.);
#14014 = ORIENTED_EDGE('',*,*,#13820,.F.);
#14015 = ORIENTED_EDGE('',*,*,#13884,.F.);
#14016 = CYLINDRICAL_SURFACE('',#14017,0.249998959685);
#14017 = AXIS2_PLACEMENT_3D('',#14018,#14019,#14020);
#14018 = CARTESIAN_POINT('',(159.92499895968,-131.7250010403,1.51));
#14019 = DIRECTION('',(0.,0.,-1.));
#14020 = DIRECTION('',(4.161286064442E-06,-0.999999999991,0.));
#14021 = ADVANCED_FACE('',(#14022),#14033,.T.);
#14022 = FACE_BOUND('',#14023,.T.);
#14023 = EDGE_LOOP('',(#14024,#14025,#14026,#14032));
#14024 = ORIENTED_EDGE('',*,*,#13860,.T.);
#14025 = ORIENTED_EDGE('',*,*,#13981,.T.);
#14026 = ORIENTED_EDGE('',*,*,#14027,.F.);
#14027 = EDGE_CURVE('',#13911,#13974,#14028,.T.);
#14028 = LINE('',#14029,#14030);
#14029 = CARTESIAN_POINT('',(161.275,-130.625,1.51));
#14030 = VECTOR('',#14031,1.);
#14031 = DIRECTION('',(0.,0.,1.));
#14032 = ORIENTED_EDGE('',*,*,#13918,.F.);
#14033 = CYLINDRICAL_SURFACE('',#14034,0.249998959685);
#14034 = AXIS2_PLACEMENT_3D('',#14035,#14036,#14037);
#14035 = CARTESIAN_POINT('',(161.02500104031,-130.6249989596,1.51));
#14036 = DIRECTION('',(0.,0.,-1.));
#14037 = DIRECTION('',(-4.161285609691E-06,0.999999999991,0.));
#14038 = ADVANCED_FACE('',(#14039),#14050,.T.);
#14039 = FACE_BOUND('',#14040,.T.);
#14040 = EDGE_LOOP('',(#14041,#14047,#14048,#14049));
#14041 = ORIENTED_EDGE('',*,*,#14042,.T.);
#14042 = EDGE_CURVE('',#13894,#13957,#14043,.T.);
#14043 = LINE('',#14044,#14045);
#14044 = CARTESIAN_POINT('',(161.025,-131.975,1.51));
#14045 = VECTOR('',#14046,1.);
#14046 = DIRECTION('',(0.,0.,1.));
#14047 = ORIENTED_EDGE('',*,*,#13956,.T.);
#14048 = ORIENTED_EDGE('',*,*,#14008,.F.);
#14049 = ORIENTED_EDGE('',*,*,#13893,.F.);
#14050 = PLANE('',#14051);
#14051 = AXIS2_PLACEMENT_3D('',#14052,#14053,#14054);
#14052 = CARTESIAN_POINT('',(161.025,-131.975,1.51));
#14053 = DIRECTION('',(0.,-1.,0.));
#14054 = DIRECTION('',(-1.,0.,0.));
#14055 = ADVANCED_FACE('',(#14056),#14067,.T.);
#14056 = FACE_BOUND('',#14057,.T.);
#14057 = EDGE_LOOP('',(#14058,#14059,#14060,#14066));
#14058 = ORIENTED_EDGE('',*,*,#14027,.T.);
#14059 = ORIENTED_EDGE('',*,*,#13973,.T.);
#14060 = ORIENTED_EDGE('',*,*,#14061,.F.);
#14061 = EDGE_CURVE('',#13902,#13965,#14062,.T.);
#14062 = LINE('',#14063,#14064);
#14063 = CARTESIAN_POINT('',(161.275,-131.725,1.51));
#14064 = VECTOR('',#14065,1.);
#14065 = DIRECTION('',(0.,0.,1.));
#14066 = ORIENTED_EDGE('',*,*,#13910,.F.);
#14067 = PLANE('',#14068);
#14068 = AXIS2_PLACEMENT_3D('',#14069,#14070,#14071);
#14069 = CARTESIAN_POINT('',(161.275,-130.625,1.51));
#14070 = DIRECTION('',(1.,0.,-0.));
#14071 = DIRECTION('',(0.,-1.,0.));
#14072 = ADVANCED_FACE('',(#14073),#14079,.T.);
#14073 = FACE_BOUND('',#14074,.T.);
#14074 = EDGE_LOOP('',(#14075,#14076,#14077,#14078));
#14075 = ORIENTED_EDGE('',*,*,#14061,.T.);
#14076 = ORIENTED_EDGE('',*,*,#13964,.T.);
#14077 = ORIENTED_EDGE('',*,*,#14042,.F.);
#14078 = ORIENTED_EDGE('',*,*,#13901,.F.);
#14079 = CYLINDRICAL_SURFACE('',#14080,0.249998959685);
#14080 = AXIS2_PLACEMENT_3D('',#14081,#14082,#14083);
#14081 = CARTESIAN_POINT('',(161.02500104031,-131.7250010403,1.51));
#14082 = DIRECTION('',(0.,0.,-1.));
#14083 = DIRECTION('',(0.999999999991,4.161285837066E-06,0.));
#14084 = ADVANCED_FACE('',(#14085),#14096,.F.);
#14085 = FACE_BOUND('',#14086,.T.);
#14086 = EDGE_LOOP('',(#14087,#14088,#14094,#14095));
#14087 = ORIENTED_EDGE('',*,*,#13928,.T.);
#14088 = ORIENTED_EDGE('',*,*,#14089,.T.);
#14089 = EDGE_CURVE('',#13929,#13992,#14090,.T.);
#14090 = LINE('',#14091,#14092);
#14091 = CARTESIAN_POINT('',(160.475,-131.45,-4.6E-02));
#14092 = VECTOR('',#14093,1.);
#14093 = DIRECTION('',(0.,0.,1.));
#14094 = ORIENTED_EDGE('',*,*,#13991,.F.);
#14095 = ORIENTED_EDGE('',*,*,#14089,.F.);
#14096 = CYLINDRICAL_SURFACE('',#14097,0.275);
#14097 = AXIS2_PLACEMENT_3D('',#14098,#14099,#14100);
#14098 = CARTESIAN_POINT('',(160.475,-131.175,-4.6E-02));
#14099 = DIRECTION('',(-0.,-0.,-1.));
#14100 = DIRECTION('',(-0.,-1.,0.));
#14101 = MANIFOLD_SOLID_BREP('',#14102);
#14102 = CLOSED_SHELL('',(#14103,#14145,#14176,#14207,#14270,#14333,
    #14350,#14367,#14384,#14401,#14413));
#14103 = ADVANCED_FACE('',(#14104),#14140,.T.);
#14104 = FACE_BOUND('',#14105,.F.);
#14105 = EDGE_LOOP('',(#14106,#14116,#14125,#14133));
#14106 = ORIENTED_EDGE('',*,*,#14107,.T.);
#14107 = EDGE_CURVE('',#14108,#14110,#14112,.T.);
#14108 = VERTEX_POINT('',#14109);
#14109 = CARTESIAN_POINT('',(159.675,-130.625,0.));
#14110 = VERTEX_POINT('',#14111);
#14111 = CARTESIAN_POINT('',(159.675,-130.625,-4.E-02));
#14112 = LINE('',#14113,#14114);
#14113 = CARTESIAN_POINT('',(159.675,-130.625,0.));
#14114 = VECTOR('',#14115,1.);
#14115 = DIRECTION('',(0.,0.,-1.));
#14116 = ORIENTED_EDGE('',*,*,#14117,.T.);
#14117 = EDGE_CURVE('',#14110,#14118,#14120,.T.);
#14118 = VERTEX_POINT('',#14119);
#14119 = CARTESIAN_POINT('',(159.925,-130.375,-4.E-02));
#14120 = CIRCLE('',#14121,0.249998959685);
#14121 = AXIS2_PLACEMENT_3D('',#14122,#14123,#14124);
#14122 = CARTESIAN_POINT('',(159.92499895968,-130.6249989596,-4.E-02));
#14123 = DIRECTION('',(0.,0.,-1.));
#14124 = DIRECTION('',(-0.999999999991,-4.161285950754E-06,-0.));
#14125 = ORIENTED_EDGE('',*,*,#14126,.F.);
#14126 = EDGE_CURVE('',#14127,#14118,#14129,.T.);
#14127 = VERTEX_POINT('',#14128);
#14128 = CARTESIAN_POINT('',(159.925,-130.375,0.));
#14129 = LINE('',#14130,#14131);
#14130 = CARTESIAN_POINT('',(159.925,-130.375,0.));
#14131 = VECTOR('',#14132,1.);
#14132 = DIRECTION('',(0.,0.,-1.));
#14133 = ORIENTED_EDGE('',*,*,#14134,.F.);
#14134 = EDGE_CURVE('',#14108,#14127,#14135,.T.);
#14135 = CIRCLE('',#14136,0.249998959685);
#14136 = AXIS2_PLACEMENT_3D('',#14137,#14138,#14139);
#14137 = CARTESIAN_POINT('',(159.92499895968,-130.6249989596,0.));
#14138 = DIRECTION('',(0.,0.,-1.));
#14139 = DIRECTION('',(-0.999999999991,-4.161285950754E-06,-0.));
#14140 = CYLINDRICAL_SURFACE('',#14141,0.249998959685);
#14141 = AXIS2_PLACEMENT_3D('',#14142,#14143,#14144);
#14142 = CARTESIAN_POINT('',(159.92499895968,-130.6249989596,0.));
#14143 = DIRECTION('',(-0.,-0.,1.));
#14144 = DIRECTION('',(-0.999999999991,-4.161285950754E-06,-0.));
#14145 = ADVANCED_FACE('',(#14146),#14171,.F.);
#14146 = FACE_BOUND('',#14147,.F.);
#14147 = EDGE_LOOP('',(#14148,#14158,#14164,#14165));
#14148 = ORIENTED_EDGE('',*,*,#14149,.T.);
#14149 = EDGE_CURVE('',#14150,#14152,#14154,.T.);
#14150 = VERTEX_POINT('',#14151);
#14151 = CARTESIAN_POINT('',(159.675,-131.725,0.));
#14152 = VERTEX_POINT('',#14153);
#14153 = CARTESIAN_POINT('',(159.675,-131.725,-4.E-02));
#14154 = LINE('',#14155,#14156);
#14155 = CARTESIAN_POINT('',(159.675,-131.725,0.));
#14156 = VECTOR('',#14157,1.);
#14157 = DIRECTION('',(0.,0.,-1.));
#14158 = ORIENTED_EDGE('',*,*,#14159,.T.);
#14159 = EDGE_CURVE('',#14152,#14110,#14160,.T.);
#14160 = LINE('',#14161,#14162);
#14161 = CARTESIAN_POINT('',(159.675,-131.725,-4.E-02));
#14162 = VECTOR('',#14163,1.);
#14163 = DIRECTION('',(0.,1.,0.));
#14164 = ORIENTED_EDGE('',*,*,#14107,.F.);
#14165 = ORIENTED_EDGE('',*,*,#14166,.F.);
#14166 = EDGE_CURVE('',#14150,#14108,#14167,.T.);
#14167 = LINE('',#14168,#14169);
#14168 = CARTESIAN_POINT('',(159.675,-131.725,0.));
#14169 = VECTOR('',#14170,1.);
#14170 = DIRECTION('',(0.,1.,0.));
#14171 = PLANE('',#14172);
#14172 = AXIS2_PLACEMENT_3D('',#14173,#14174,#14175);
#14173 = CARTESIAN_POINT('',(159.675,-131.725,0.));
#14174 = DIRECTION('',(1.,-0.,0.));
#14175 = DIRECTION('',(0.,1.,0.));
#14176 = ADVANCED_FACE('',(#14177),#14202,.F.);
#14177 = FACE_BOUND('',#14178,.F.);
#14178 = EDGE_LOOP('',(#14179,#14180,#14188,#14196));
#14179 = ORIENTED_EDGE('',*,*,#14126,.T.);
#14180 = ORIENTED_EDGE('',*,*,#14181,.T.);
#14181 = EDGE_CURVE('',#14118,#14182,#14184,.T.);
#14182 = VERTEX_POINT('',#14183);
#14183 = CARTESIAN_POINT('',(161.025,-130.375,-4.E-02));
#14184 = LINE('',#14185,#14186);
#14185 = CARTESIAN_POINT('',(159.925,-130.375,-4.E-02));
#14186 = VECTOR('',#14187,1.);
#14187 = DIRECTION('',(1.,0.,0.));
#14188 = ORIENTED_EDGE('',*,*,#14189,.F.);
#14189 = EDGE_CURVE('',#14190,#14182,#14192,.T.);
#14190 = VERTEX_POINT('',#14191);
#14191 = CARTESIAN_POINT('',(161.025,-130.375,0.));
#14192 = LINE('',#14193,#14194);
#14193 = CARTESIAN_POINT('',(161.025,-130.375,0.));
#14194 = VECTOR('',#14195,1.);
#14195 = DIRECTION('',(0.,0.,-1.));
#14196 = ORIENTED_EDGE('',*,*,#14197,.F.);
#14197 = EDGE_CURVE('',#14127,#14190,#14198,.T.);
#14198 = LINE('',#14199,#14200);
#14199 = CARTESIAN_POINT('',(159.925,-130.375,0.));
#14200 = VECTOR('',#14201,1.);
#14201 = DIRECTION('',(1.,0.,0.));
#14202 = PLANE('',#14203);
#14203 = AXIS2_PLACEMENT_3D('',#14204,#14205,#14206);
#14204 = CARTESIAN_POINT('',(159.925,-130.375,0.));
#14205 = DIRECTION('',(0.,-1.,0.));
#14206 = DIRECTION('',(1.,0.,0.));
#14207 = ADVANCED_FACE('',(#14208,#14254),#14265,.F.);
#14208 = FACE_BOUND('',#14209,.F.);
#14209 = EDGE_LOOP('',(#14210,#14211,#14212,#14221,#14229,#14238,#14246,
    #14253));
#14210 = ORIENTED_EDGE('',*,*,#14134,.T.);
#14211 = ORIENTED_EDGE('',*,*,#14197,.T.);
#14212 = ORIENTED_EDGE('',*,*,#14213,.T.);
#14213 = EDGE_CURVE('',#14190,#14214,#14216,.T.);
#14214 = VERTEX_POINT('',#14215);
#14215 = CARTESIAN_POINT('',(161.275,-130.625,0.));
#14216 = CIRCLE('',#14217,0.249998959685);
#14217 = AXIS2_PLACEMENT_3D('',#14218,#14219,#14220);
#14218 = CARTESIAN_POINT('',(161.02500104031,-130.6249989596,0.));
#14219 = DIRECTION('',(0.,0.,-1.));
#14220 = DIRECTION('',(-4.161285609691E-06,0.999999999991,0.));
#14221 = ORIENTED_EDGE('',*,*,#14222,.T.);
#14222 = EDGE_CURVE('',#14214,#14223,#14225,.T.);
#14223 = VERTEX_POINT('',#14224);
#14224 = CARTESIAN_POINT('',(161.275,-131.725,0.));
#14225 = LINE('',#14226,#14227);
#14226 = CARTESIAN_POINT('',(161.275,-130.625,0.));
#14227 = VECTOR('',#14228,1.);
#14228 = DIRECTION('',(0.,-1.,0.));
#14229 = ORIENTED_EDGE('',*,*,#14230,.T.);
#14230 = EDGE_CURVE('',#14223,#14231,#14233,.T.);
#14231 = VERTEX_POINT('',#14232);
#14232 = CARTESIAN_POINT('',(161.025,-131.975,0.));
#14233 = CIRCLE('',#14234,0.249998959685);
#14234 = AXIS2_PLACEMENT_3D('',#14235,#14236,#14237);
#14235 = CARTESIAN_POINT('',(161.02500104031,-131.7250010403,0.));
#14236 = DIRECTION('',(0.,0.,-1.));
#14237 = DIRECTION('',(0.999999999991,4.161285837066E-06,0.));
#14238 = ORIENTED_EDGE('',*,*,#14239,.T.);
#14239 = EDGE_CURVE('',#14231,#14240,#14242,.T.);
#14240 = VERTEX_POINT('',#14241);
#14241 = CARTESIAN_POINT('',(159.925,-131.975,0.));
#14242 = LINE('',#14243,#14244);
#14243 = CARTESIAN_POINT('',(161.025,-131.975,0.));
#14244 = VECTOR('',#14245,1.);
#14245 = DIRECTION('',(-1.,0.,0.));
#14246 = ORIENTED_EDGE('',*,*,#14247,.T.);
#14247 = EDGE_CURVE('',#14240,#14150,#14248,.T.);
#14248 = CIRCLE('',#14249,0.249998959685);
#14249 = AXIS2_PLACEMENT_3D('',#14250,#14251,#14252);
#14250 = CARTESIAN_POINT('',(159.92499895968,-131.7250010403,0.));
#14251 = DIRECTION('',(0.,0.,-1.));
#14252 = DIRECTION('',(4.161286064442E-06,-0.999999999991,0.));
#14253 = ORIENTED_EDGE('',*,*,#14166,.T.);
#14254 = FACE_BOUND('',#14255,.F.);
#14255 = EDGE_LOOP('',(#14256));
#14256 = ORIENTED_EDGE('',*,*,#14257,.F.);
#14257 = EDGE_CURVE('',#14258,#14258,#14260,.T.);
#14258 = VERTEX_POINT('',#14259);
#14259 = CARTESIAN_POINT('',(160.475,-131.45,0.));
#14260 = CIRCLE('',#14261,0.275);
#14261 = AXIS2_PLACEMENT_3D('',#14262,#14263,#14264);
#14262 = CARTESIAN_POINT('',(160.475,-131.175,0.));
#14263 = DIRECTION('',(-0.,0.,-1.));
#14264 = DIRECTION('',(-0.,-1.,0.));
#14265 = PLANE('',#14266);
#14266 = AXIS2_PLACEMENT_3D('',#14267,#14268,#14269);
#14267 = CARTESIAN_POINT('',(0.,0.,0.));
#14268 = DIRECTION('',(-0.,-0.,-1.));
#14269 = DIRECTION('',(-1.,0.,0.));
#14270 = ADVANCED_FACE('',(#14271,#14317),#14328,.T.);
#14271 = FACE_BOUND('',#14272,.T.);
#14272 = EDGE_LOOP('',(#14273,#14274,#14275,#14284,#14292,#14301,#14309,
    #14316));
#14273 = ORIENTED_EDGE('',*,*,#14117,.T.);
#14274 = ORIENTED_EDGE('',*,*,#14181,.T.);
#14275 = ORIENTED_EDGE('',*,*,#14276,.T.);
#14276 = EDGE_CURVE('',#14182,#14277,#14279,.T.);
#14277 = VERTEX_POINT('',#14278);
#14278 = CARTESIAN_POINT('',(161.275,-130.625,-4.E-02));
#14279 = CIRCLE('',#14280,0.249998959685);
#14280 = AXIS2_PLACEMENT_3D('',#14281,#14282,#14283);
#14281 = CARTESIAN_POINT('',(161.02500104031,-130.6249989596,-4.E-02));
#14282 = DIRECTION('',(0.,0.,-1.));
#14283 = DIRECTION('',(-4.161285609691E-06,0.999999999991,0.));
#14284 = ORIENTED_EDGE('',*,*,#14285,.T.);
#14285 = EDGE_CURVE('',#14277,#14286,#14288,.T.);
#14286 = VERTEX_POINT('',#14287);
#14287 = CARTESIAN_POINT('',(161.275,-131.725,-4.E-02));
#14288 = LINE('',#14289,#14290);
#14289 = CARTESIAN_POINT('',(161.275,-130.625,-4.E-02));
#14290 = VECTOR('',#14291,1.);
#14291 = DIRECTION('',(0.,-1.,0.));
#14292 = ORIENTED_EDGE('',*,*,#14293,.T.);
#14293 = EDGE_CURVE('',#14286,#14294,#14296,.T.);
#14294 = VERTEX_POINT('',#14295);
#14295 = CARTESIAN_POINT('',(161.025,-131.975,-4.E-02));
#14296 = CIRCLE('',#14297,0.249998959685);
#14297 = AXIS2_PLACEMENT_3D('',#14298,#14299,#14300);
#14298 = CARTESIAN_POINT('',(161.02500104031,-131.7250010403,-4.E-02));
#14299 = DIRECTION('',(0.,0.,-1.));
#14300 = DIRECTION('',(0.999999999991,4.161285837066E-06,0.));
#14301 = ORIENTED_EDGE('',*,*,#14302,.T.);
#14302 = EDGE_CURVE('',#14294,#14303,#14305,.T.);
#14303 = VERTEX_POINT('',#14304);
#14304 = CARTESIAN_POINT('',(159.925,-131.975,-4.E-02));
#14305 = LINE('',#14306,#14307);
#14306 = CARTESIAN_POINT('',(161.025,-131.975,-4.E-02));
#14307 = VECTOR('',#14308,1.);
#14308 = DIRECTION('',(-1.,0.,0.));
#14309 = ORIENTED_EDGE('',*,*,#14310,.T.);
#14310 = EDGE_CURVE('',#14303,#14152,#14311,.T.);
#14311 = CIRCLE('',#14312,0.249998959685);
#14312 = AXIS2_PLACEMENT_3D('',#14313,#14314,#14315);
#14313 = CARTESIAN_POINT('',(159.92499895968,-131.7250010403,-4.E-02));
#14314 = DIRECTION('',(0.,0.,-1.));
#14315 = DIRECTION('',(4.161286064442E-06,-0.999999999991,0.));
#14316 = ORIENTED_EDGE('',*,*,#14159,.T.);
#14317 = FACE_BOUND('',#14318,.T.);
#14318 = EDGE_LOOP('',(#14319));
#14319 = ORIENTED_EDGE('',*,*,#14320,.F.);
#14320 = EDGE_CURVE('',#14321,#14321,#14323,.T.);
#14321 = VERTEX_POINT('',#14322);
#14322 = CARTESIAN_POINT('',(160.475,-131.45,-4.E-02));
#14323 = CIRCLE('',#14324,0.275);
#14324 = AXIS2_PLACEMENT_3D('',#14325,#14326,#14327);
#14325 = CARTESIAN_POINT('',(160.475,-131.175,-4.E-02));
#14326 = DIRECTION('',(-0.,0.,-1.));
#14327 = DIRECTION('',(-0.,-1.,0.));
#14328 = PLANE('',#14329);
#14329 = AXIS2_PLACEMENT_3D('',#14330,#14331,#14332);
#14330 = CARTESIAN_POINT('',(0.,0.,-4.E-02));
#14331 = DIRECTION('',(-0.,-0.,-1.));
#14332 = DIRECTION('',(-1.,0.,0.));
#14333 = ADVANCED_FACE('',(#14334),#14345,.T.);
#14334 = FACE_BOUND('',#14335,.F.);
#14335 = EDGE_LOOP('',(#14336,#14342,#14343,#14344));
#14336 = ORIENTED_EDGE('',*,*,#14337,.T.);
#14337 = EDGE_CURVE('',#14240,#14303,#14338,.T.);
#14338 = LINE('',#14339,#14340);
#14339 = CARTESIAN_POINT('',(159.925,-131.975,0.));
#14340 = VECTOR('',#14341,1.);
#14341 = DIRECTION('',(0.,0.,-1.));
#14342 = ORIENTED_EDGE('',*,*,#14310,.T.);
#14343 = ORIENTED_EDGE('',*,*,#14149,.F.);
#14344 = ORIENTED_EDGE('',*,*,#14247,.F.);
#14345 = CYLINDRICAL_SURFACE('',#14346,0.249998959685);
#14346 = AXIS2_PLACEMENT_3D('',#14347,#14348,#14349);
#14347 = CARTESIAN_POINT('',(159.92499895968,-131.7250010403,0.));
#14348 = DIRECTION('',(-0.,-0.,1.));
#14349 = DIRECTION('',(4.161286064442E-06,-0.999999999991,0.));
#14350 = ADVANCED_FACE('',(#14351),#14362,.T.);
#14351 = FACE_BOUND('',#14352,.F.);
#14352 = EDGE_LOOP('',(#14353,#14354,#14355,#14361));
#14353 = ORIENTED_EDGE('',*,*,#14189,.T.);
#14354 = ORIENTED_EDGE('',*,*,#14276,.T.);
#14355 = ORIENTED_EDGE('',*,*,#14356,.F.);
#14356 = EDGE_CURVE('',#14214,#14277,#14357,.T.);
#14357 = LINE('',#14358,#14359);
#14358 = CARTESIAN_POINT('',(161.275,-130.625,0.));
#14359 = VECTOR('',#14360,1.);
#14360 = DIRECTION('',(0.,0.,-1.));
#14361 = ORIENTED_EDGE('',*,*,#14213,.F.);
#14362 = CYLINDRICAL_SURFACE('',#14363,0.249998959685);
#14363 = AXIS2_PLACEMENT_3D('',#14364,#14365,#14366);
#14364 = CARTESIAN_POINT('',(161.02500104031,-130.6249989596,0.));
#14365 = DIRECTION('',(-0.,-0.,1.));
#14366 = DIRECTION('',(-4.161285609691E-06,0.999999999991,0.));
#14367 = ADVANCED_FACE('',(#14368),#14379,.F.);
#14368 = FACE_BOUND('',#14369,.F.);
#14369 = EDGE_LOOP('',(#14370,#14376,#14377,#14378));
#14370 = ORIENTED_EDGE('',*,*,#14371,.T.);
#14371 = EDGE_CURVE('',#14231,#14294,#14372,.T.);
#14372 = LINE('',#14373,#14374);
#14373 = CARTESIAN_POINT('',(161.025,-131.975,0.));
#14374 = VECTOR('',#14375,1.);
#14375 = DIRECTION('',(0.,0.,-1.));
#14376 = ORIENTED_EDGE('',*,*,#14302,.T.);
#14377 = ORIENTED_EDGE('',*,*,#14337,.F.);
#14378 = ORIENTED_EDGE('',*,*,#14239,.F.);
#14379 = PLANE('',#14380);
#14380 = AXIS2_PLACEMENT_3D('',#14381,#14382,#14383);
#14381 = CARTESIAN_POINT('',(161.025,-131.975,0.));
#14382 = DIRECTION('',(0.,1.,0.));
#14383 = DIRECTION('',(-1.,0.,0.));
#14384 = ADVANCED_FACE('',(#14385),#14396,.F.);
#14385 = FACE_BOUND('',#14386,.F.);
#14386 = EDGE_LOOP('',(#14387,#14388,#14389,#14395));
#14387 = ORIENTED_EDGE('',*,*,#14356,.T.);
#14388 = ORIENTED_EDGE('',*,*,#14285,.T.);
#14389 = ORIENTED_EDGE('',*,*,#14390,.F.);
#14390 = EDGE_CURVE('',#14223,#14286,#14391,.T.);
#14391 = LINE('',#14392,#14393);
#14392 = CARTESIAN_POINT('',(161.275,-131.725,0.));
#14393 = VECTOR('',#14394,1.);
#14394 = DIRECTION('',(0.,0.,-1.));
#14395 = ORIENTED_EDGE('',*,*,#14222,.F.);
#14396 = PLANE('',#14397);
#14397 = AXIS2_PLACEMENT_3D('',#14398,#14399,#14400);
#14398 = CARTESIAN_POINT('',(161.275,-130.625,0.));
#14399 = DIRECTION('',(-1.,-0.,-0.));
#14400 = DIRECTION('',(0.,-1.,0.));
#14401 = ADVANCED_FACE('',(#14402),#14408,.T.);
#14402 = FACE_BOUND('',#14403,.F.);
#14403 = EDGE_LOOP('',(#14404,#14405,#14406,#14407));
#14404 = ORIENTED_EDGE('',*,*,#14390,.T.);
#14405 = ORIENTED_EDGE('',*,*,#14293,.T.);
#14406 = ORIENTED_EDGE('',*,*,#14371,.F.);
#14407 = ORIENTED_EDGE('',*,*,#14230,.F.);
#14408 = CYLINDRICAL_SURFACE('',#14409,0.249998959685);
#14409 = AXIS2_PLACEMENT_3D('',#14410,#14411,#14412);
#14410 = CARTESIAN_POINT('',(161.02500104031,-131.7250010403,0.));
#14411 = DIRECTION('',(-0.,-0.,1.));
#14412 = DIRECTION('',(0.999999999991,4.161285837066E-06,0.));
#14413 = ADVANCED_FACE('',(#14414),#14425,.F.);
#14414 = FACE_BOUND('',#14415,.T.);
#14415 = EDGE_LOOP('',(#14416,#14417,#14423,#14424));
#14416 = ORIENTED_EDGE('',*,*,#14320,.T.);
#14417 = ORIENTED_EDGE('',*,*,#14418,.T.);
#14418 = EDGE_CURVE('',#14321,#14258,#14419,.T.);
#14419 = LINE('',#14420,#14421);
#14420 = CARTESIAN_POINT('',(160.475,-131.45,-4.6E-02));
#14421 = VECTOR('',#14422,1.);
#14422 = DIRECTION('',(0.,0.,1.));
#14423 = ORIENTED_EDGE('',*,*,#14257,.F.);
#14424 = ORIENTED_EDGE('',*,*,#14418,.F.);
#14425 = CYLINDRICAL_SURFACE('',#14426,0.275);
#14426 = AXIS2_PLACEMENT_3D('',#14427,#14428,#14429);
#14427 = CARTESIAN_POINT('',(160.475,-131.175,-4.6E-02));
#14428 = DIRECTION('',(-0.,-0.,-1.));
#14429 = DIRECTION('',(-0.,-1.,0.));
#14430 = MANIFOLD_SOLID_BREP('',#14431);
#14431 = CLOSED_SHELL('',(#14432,#14465,#14485,#14505));
#14432 = ADVANCED_FACE('',(#14433),#14460,.T.);
#14433 = FACE_BOUND('',#14434,.F.);
#14434 = EDGE_LOOP('',(#14435,#14445,#14452,#14453));
#14435 = ORIENTED_EDGE('',*,*,#14436,.T.);
#14436 = EDGE_CURVE('',#14437,#14439,#14441,.T.);
#14437 = VERTEX_POINT('',#14438);
#14438 = CARTESIAN_POINT('',(160.475,-131.475,-4.E-02));
#14439 = VERTEX_POINT('',#14440);
#14440 = CARTESIAN_POINT('',(160.475,-131.475,1.55));
#14441 = LINE('',#14442,#14443);
#14442 = CARTESIAN_POINT('',(160.475,-131.475,-4.E-02));
#14443 = VECTOR('',#14444,1.);
#14444 = DIRECTION('',(0.,0.,1.));
#14445 = ORIENTED_EDGE('',*,*,#14446,.T.);
#14446 = EDGE_CURVE('',#14439,#14439,#14447,.T.);
#14447 = CIRCLE('',#14448,0.3);
#14448 = AXIS2_PLACEMENT_3D('',#14449,#14450,#14451);
#14449 = CARTESIAN_POINT('',(160.475,-131.175,1.55));
#14450 = DIRECTION('',(0.,0.,1.));
#14451 = DIRECTION('',(-9.473903143469E-14,-1.,0.));
#14452 = ORIENTED_EDGE('',*,*,#14436,.F.);
#14453 = ORIENTED_EDGE('',*,*,#14454,.F.);
#14454 = EDGE_CURVE('',#14437,#14437,#14455,.T.);
#14455 = CIRCLE('',#14456,0.3);
#14456 = AXIS2_PLACEMENT_3D('',#14457,#14458,#14459);
#14457 = CARTESIAN_POINT('',(160.475,-131.175,-4.E-02));
#14458 = DIRECTION('',(0.,0.,1.));
#14459 = DIRECTION('',(-9.473903143469E-14,-1.,0.));
#14460 = CYLINDRICAL_SURFACE('',#14461,0.3);
#14461 = AXIS2_PLACEMENT_3D('',#14462,#14463,#14464);
#14462 = CARTESIAN_POINT('',(160.475,-131.175,-4.E-02));
#14463 = DIRECTION('',(-0.,-0.,-1.));
#14464 = DIRECTION('',(-9.473903143469E-14,-1.,0.));
#14465 = ADVANCED_FACE('',(#14466,#14469),#14480,.F.);
#14466 = FACE_BOUND('',#14467,.F.);
#14467 = EDGE_LOOP('',(#14468));
#14468 = ORIENTED_EDGE('',*,*,#14454,.T.);
#14469 = FACE_BOUND('',#14470,.F.);
#14470 = EDGE_LOOP('',(#14471));
#14471 = ORIENTED_EDGE('',*,*,#14472,.T.);
#14472 = EDGE_CURVE('',#14473,#14473,#14475,.T.);
#14473 = VERTEX_POINT('',#14474);
#14474 = CARTESIAN_POINT('',(160.475,-131.45,-4.E-02));
#14475 = CIRCLE('',#14476,0.275);
#14476 = AXIS2_PLACEMENT_3D('',#14477,#14478,#14479);
#14477 = CARTESIAN_POINT('',(160.475,-131.175,-4.E-02));
#14478 = DIRECTION('',(-0.,0.,-1.));
#14479 = DIRECTION('',(-0.,-1.,0.));
#14480 = PLANE('',#14481);
#14481 = AXIS2_PLACEMENT_3D('',#14482,#14483,#14484);
#14482 = CARTESIAN_POINT('',(160.475,-131.475,-4.E-02));
#14483 = DIRECTION('',(0.,0.,1.));
#14484 = DIRECTION('',(1.,0.,-0.));
#14485 = ADVANCED_FACE('',(#14486,#14489),#14500,.T.);
#14486 = FACE_BOUND('',#14487,.T.);
#14487 = EDGE_LOOP('',(#14488));
#14488 = ORIENTED_EDGE('',*,*,#14446,.T.);
#14489 = FACE_BOUND('',#14490,.T.);
#14490 = EDGE_LOOP('',(#14491));
#14491 = ORIENTED_EDGE('',*,*,#14492,.T.);
#14492 = EDGE_CURVE('',#14493,#14493,#14495,.T.);
#14493 = VERTEX_POINT('',#14494);
#14494 = CARTESIAN_POINT('',(160.475,-131.45,1.55));
#14495 = CIRCLE('',#14496,0.275);
#14496 = AXIS2_PLACEMENT_3D('',#14497,#14498,#14499);
#14497 = CARTESIAN_POINT('',(160.475,-131.175,1.55));
#14498 = DIRECTION('',(-0.,0.,-1.));
#14499 = DIRECTION('',(-0.,-1.,0.));
#14500 = PLANE('',#14501);
#14501 = AXIS2_PLACEMENT_3D('',#14502,#14503,#14504);
#14502 = CARTESIAN_POINT('',(160.475,-131.475,1.55));
#14503 = DIRECTION('',(0.,0.,1.));
#14504 = DIRECTION('',(1.,0.,-0.));
#14505 = ADVANCED_FACE('',(#14506),#14517,.F.);
#14506 = FACE_BOUND('',#14507,.T.);
#14507 = EDGE_LOOP('',(#14508,#14509,#14515,#14516));
#14508 = ORIENTED_EDGE('',*,*,#14472,.T.);
#14509 = ORIENTED_EDGE('',*,*,#14510,.T.);
#14510 = EDGE_CURVE('',#14473,#14493,#14511,.T.);
#14511 = LINE('',#14512,#14513);
#14512 = CARTESIAN_POINT('',(160.475,-131.45,-4.6E-02));
#14513 = VECTOR('',#14514,1.);
#14514 = DIRECTION('',(0.,0.,1.));
#14515 = ORIENTED_EDGE('',*,*,#14492,.F.);
#14516 = ORIENTED_EDGE('',*,*,#14510,.F.);
#14517 = CYLINDRICAL_SURFACE('',#14518,0.275);
#14518 = AXIS2_PLACEMENT_3D('',#14519,#14520,#14521);
#14519 = CARTESIAN_POINT('',(160.475,-131.175,-4.6E-02));
#14520 = DIRECTION('',(-0.,-0.,-1.));
#14521 = DIRECTION('',(-0.,-1.,0.));
#14522 = MANIFOLD_SOLID_BREP('',#14523);
#14523 = CLOSED_SHELL('',(#14524,#14566,#14597,#14630,#14661,#14694,
    #14725,#14758,#14780,#14796));
#14524 = ADVANCED_FACE('',(#14525),#14561,.T.);
#14525 = FACE_BOUND('',#14526,.F.);
#14526 = EDGE_LOOP('',(#14527,#14537,#14546,#14554));
#14527 = ORIENTED_EDGE('',*,*,#14528,.T.);
#14528 = EDGE_CURVE('',#14529,#14531,#14533,.T.);
#14529 = VERTEX_POINT('',#14530);
#14530 = CARTESIAN_POINT('',(154.0375,-107.7125,0.));
#14531 = VERTEX_POINT('',#14532);
#14532 = CARTESIAN_POINT('',(154.0375,-107.7125,-4.E-02));
#14533 = LINE('',#14534,#14535);
#14534 = CARTESIAN_POINT('',(154.0375,-107.7125,0.));
#14535 = VECTOR('',#14536,1.);
#14536 = DIRECTION('',(0.,0.,-1.));
#14537 = ORIENTED_EDGE('',*,*,#14538,.T.);
#14538 = EDGE_CURVE('',#14531,#14539,#14541,.T.);
#14539 = VERTEX_POINT('',#14540);
#14540 = CARTESIAN_POINT('',(154.275,-107.475,-4.E-02));
#14541 = CIRCLE('',#14542,0.237499523827);
#14542 = AXIS2_PLACEMENT_3D('',#14543,#14544,#14545);
#14543 = CARTESIAN_POINT('',(154.27499952382,-107.7124995238,-4.E-02));
#14544 = DIRECTION('',(0.,0.,-1.));
#14545 = DIRECTION('',(-0.999999999998,-2.004943025713E-06,-0.));
#14546 = ORIENTED_EDGE('',*,*,#14547,.F.);
#14547 = EDGE_CURVE('',#14548,#14539,#14550,.T.);
#14548 = VERTEX_POINT('',#14549);
#14549 = CARTESIAN_POINT('',(154.275,-107.475,0.));
#14550 = LINE('',#14551,#14552);
#14551 = CARTESIAN_POINT('',(154.275,-107.475,0.));
#14552 = VECTOR('',#14553,1.);
#14553 = DIRECTION('',(0.,0.,-1.));
#14554 = ORIENTED_EDGE('',*,*,#14555,.F.);
#14555 = EDGE_CURVE('',#14529,#14548,#14556,.T.);
#14556 = CIRCLE('',#14557,0.237499523827);
#14557 = AXIS2_PLACEMENT_3D('',#14558,#14559,#14560);
#14558 = CARTESIAN_POINT('',(154.27499952382,-107.7124995238,0.));
#14559 = DIRECTION('',(0.,0.,-1.));
#14560 = DIRECTION('',(-0.999999999998,-2.004943025713E-06,-0.));
#14561 = CYLINDRICAL_SURFACE('',#14562,0.237499523827);
#14562 = AXIS2_PLACEMENT_3D('',#14563,#14564,#14565);
#14563 = CARTESIAN_POINT('',(154.27499952382,-107.7124995238,0.));
#14564 = DIRECTION('',(-0.,-0.,1.));
#14565 = DIRECTION('',(-0.999999999998,-2.004943025713E-06,-0.));
#14566 = ADVANCED_FACE('',(#14567),#14592,.F.);
#14567 = FACE_BOUND('',#14568,.F.);
#14568 = EDGE_LOOP('',(#14569,#14570,#14578,#14586));
#14569 = ORIENTED_EDGE('',*,*,#14547,.T.);
#14570 = ORIENTED_EDGE('',*,*,#14571,.T.);
#14571 = EDGE_CURVE('',#14539,#14572,#14574,.T.);
#14572 = VERTEX_POINT('',#14573);
#14573 = CARTESIAN_POINT('',(154.775,-107.475,-4.E-02));
#14574 = LINE('',#14575,#14576);
#14575 = CARTESIAN_POINT('',(154.275,-107.475,-4.E-02));
#14576 = VECTOR('',#14577,1.);
#14577 = DIRECTION('',(1.,0.,0.));
#14578 = ORIENTED_EDGE('',*,*,#14579,.F.);
#14579 = EDGE_CURVE('',#14580,#14572,#14582,.T.);
#14580 = VERTEX_POINT('',#14581);
#14581 = CARTESIAN_POINT('',(154.775,-107.475,0.));
#14582 = LINE('',#14583,#14584);
#14583 = CARTESIAN_POINT('',(154.775,-107.475,0.));
#14584 = VECTOR('',#14585,1.);
#14585 = DIRECTION('',(0.,0.,-1.));
#14586 = ORIENTED_EDGE('',*,*,#14587,.F.);
#14587 = EDGE_CURVE('',#14548,#14580,#14588,.T.);
#14588 = LINE('',#14589,#14590);
#14589 = CARTESIAN_POINT('',(154.275,-107.475,0.));
#14590 = VECTOR('',#14591,1.);
#14591 = DIRECTION('',(1.,0.,0.));
#14592 = PLANE('',#14593);
#14593 = AXIS2_PLACEMENT_3D('',#14594,#14595,#14596);
#14594 = CARTESIAN_POINT('',(154.275,-107.475,0.));
#14595 = DIRECTION('',(0.,-1.,0.));
#14596 = DIRECTION('',(1.,0.,0.));
#14597 = ADVANCED_FACE('',(#14598),#14625,.T.);
#14598 = FACE_BOUND('',#14599,.F.);
#14599 = EDGE_LOOP('',(#14600,#14601,#14610,#14618));
#14600 = ORIENTED_EDGE('',*,*,#14579,.T.);
#14601 = ORIENTED_EDGE('',*,*,#14602,.T.);
#14602 = EDGE_CURVE('',#14572,#14603,#14605,.T.);
#14603 = VERTEX_POINT('',#14604);
#14604 = CARTESIAN_POINT('',(155.0125,-107.7125,-4.E-02));
#14605 = CIRCLE('',#14606,0.237499523827);
#14606 = AXIS2_PLACEMENT_3D('',#14607,#14608,#14609);
#14607 = CARTESIAN_POINT('',(154.77500047617,-107.7124995238,-4.E-02));
#14608 = DIRECTION('',(0.,0.,-1.));
#14609 = DIRECTION('',(-2.004943205219E-06,0.999999999998,0.));
#14610 = ORIENTED_EDGE('',*,*,#14611,.F.);
#14611 = EDGE_CURVE('',#14612,#14603,#14614,.T.);
#14612 = VERTEX_POINT('',#14613);
#14613 = CARTESIAN_POINT('',(155.0125,-107.7125,0.));
#14614 = LINE('',#14615,#14616);
#14615 = CARTESIAN_POINT('',(155.0125,-107.7125,0.));
#14616 = VECTOR('',#14617,1.);
#14617 = DIRECTION('',(0.,0.,-1.));
#14618 = ORIENTED_EDGE('',*,*,#14619,.F.);
#14619 = EDGE_CURVE('',#14580,#14612,#14620,.T.);
#14620 = CIRCLE('',#14621,0.237499523827);
#14621 = AXIS2_PLACEMENT_3D('',#14622,#14623,#14624);
#14622 = CARTESIAN_POINT('',(154.77500047617,-107.7124995238,0.));
#14623 = DIRECTION('',(0.,0.,-1.));
#14624 = DIRECTION('',(-2.004943205219E-06,0.999999999998,0.));
#14625 = CYLINDRICAL_SURFACE('',#14626,0.237499523827);
#14626 = AXIS2_PLACEMENT_3D('',#14627,#14628,#14629);
#14627 = CARTESIAN_POINT('',(154.77500047617,-107.7124995238,0.));
#14628 = DIRECTION('',(-0.,-0.,1.));
#14629 = DIRECTION('',(-2.004943205219E-06,0.999999999998,0.));
#14630 = ADVANCED_FACE('',(#14631),#14656,.F.);
#14631 = FACE_BOUND('',#14632,.F.);
#14632 = EDGE_LOOP('',(#14633,#14634,#14642,#14650));
#14633 = ORIENTED_EDGE('',*,*,#14611,.T.);
#14634 = ORIENTED_EDGE('',*,*,#14635,.T.);
#14635 = EDGE_CURVE('',#14603,#14636,#14638,.T.);
#14636 = VERTEX_POINT('',#14637);
#14637 = CARTESIAN_POINT('',(155.0125,-108.1875,-4.E-02));
#14638 = LINE('',#14639,#14640);
#14639 = CARTESIAN_POINT('',(155.0125,-107.7125,-4.E-02));
#14640 = VECTOR('',#14641,1.);
#14641 = DIRECTION('',(0.,-1.,0.));
#14642 = ORIENTED_EDGE('',*,*,#14643,.F.);
#14643 = EDGE_CURVE('',#14644,#14636,#14646,.T.);
#14644 = VERTEX_POINT('',#14645);
#14645 = CARTESIAN_POINT('',(155.0125,-108.1875,0.));
#14646 = LINE('',#14647,#14648);
#14647 = CARTESIAN_POINT('',(155.0125,-108.1875,0.));
#14648 = VECTOR('',#14649,1.);
#14649 = DIRECTION('',(0.,0.,-1.));
#14650 = ORIENTED_EDGE('',*,*,#14651,.F.);
#14651 = EDGE_CURVE('',#14612,#14644,#14652,.T.);
#14652 = LINE('',#14653,#14654);
#14653 = CARTESIAN_POINT('',(155.0125,-107.7125,0.));
#14654 = VECTOR('',#14655,1.);
#14655 = DIRECTION('',(0.,-1.,0.));
#14656 = PLANE('',#14657);
#14657 = AXIS2_PLACEMENT_3D('',#14658,#14659,#14660);
#14658 = CARTESIAN_POINT('',(155.0125,-107.7125,0.));
#14659 = DIRECTION('',(-1.,-0.,-0.));
#14660 = DIRECTION('',(0.,-1.,0.));
#14661 = ADVANCED_FACE('',(#14662),#14689,.T.);
#14662 = FACE_BOUND('',#14663,.F.);
#14663 = EDGE_LOOP('',(#14664,#14665,#14674,#14682));
#14664 = ORIENTED_EDGE('',*,*,#14643,.T.);
#14665 = ORIENTED_EDGE('',*,*,#14666,.T.);
#14666 = EDGE_CURVE('',#14636,#14667,#14669,.T.);
#14667 = VERTEX_POINT('',#14668);
#14668 = CARTESIAN_POINT('',(154.775,-108.425,-4.E-02));
#14669 = CIRCLE('',#14670,0.237499523827);
#14670 = AXIS2_PLACEMENT_3D('',#14671,#14672,#14673);
#14671 = CARTESIAN_POINT('',(154.77500047617,-108.1875004761,-4.E-02));
#14672 = DIRECTION('',(0.,0.,-1.));
#14673 = DIRECTION('',(0.999999999998,2.00494332489E-06,0.));
#14674 = ORIENTED_EDGE('',*,*,#14675,.F.);
#14675 = EDGE_CURVE('',#14676,#14667,#14678,.T.);
#14676 = VERTEX_POINT('',#14677);
#14677 = CARTESIAN_POINT('',(154.775,-108.425,0.));
#14678 = LINE('',#14679,#14680);
#14679 = CARTESIAN_POINT('',(154.775,-108.425,0.));
#14680 = VECTOR('',#14681,1.);
#14681 = DIRECTION('',(0.,0.,-1.));
#14682 = ORIENTED_EDGE('',*,*,#14683,.F.);
#14683 = EDGE_CURVE('',#14644,#14676,#14684,.T.);
#14684 = CIRCLE('',#14685,0.237499523827);
#14685 = AXIS2_PLACEMENT_3D('',#14686,#14687,#14688);
#14686 = CARTESIAN_POINT('',(154.77500047617,-108.1875004761,0.));
#14687 = DIRECTION('',(0.,0.,-1.));
#14688 = DIRECTION('',(0.999999999998,2.00494332489E-06,0.));
#14689 = CYLINDRICAL_SURFACE('',#14690,0.237499523827);
#14690 = AXIS2_PLACEMENT_3D('',#14691,#14692,#14693);
#14691 = CARTESIAN_POINT('',(154.77500047617,-108.1875004761,0.));
#14692 = DIRECTION('',(-0.,-0.,1.));
#14693 = DIRECTION('',(0.999999999998,2.00494332489E-06,0.));
#14694 = ADVANCED_FACE('',(#14695),#14720,.F.);
#14695 = FACE_BOUND('',#14696,.F.);
#14696 = EDGE_LOOP('',(#14697,#14698,#14706,#14714));
#14697 = ORIENTED_EDGE('',*,*,#14675,.T.);
#14698 = ORIENTED_EDGE('',*,*,#14699,.T.);
#14699 = EDGE_CURVE('',#14667,#14700,#14702,.T.);
#14700 = VERTEX_POINT('',#14701);
#14701 = CARTESIAN_POINT('',(154.275,-108.425,-4.E-02));
#14702 = LINE('',#14703,#14704);
#14703 = CARTESIAN_POINT('',(154.775,-108.425,-4.E-02));
#14704 = VECTOR('',#14705,1.);
#14705 = DIRECTION('',(-1.,0.,0.));
#14706 = ORIENTED_EDGE('',*,*,#14707,.F.);
#14707 = EDGE_CURVE('',#14708,#14700,#14710,.T.);
#14708 = VERTEX_POINT('',#14709);
#14709 = CARTESIAN_POINT('',(154.275,-108.425,0.));
#14710 = LINE('',#14711,#14712);
#14711 = CARTESIAN_POINT('',(154.275,-108.425,0.));
#14712 = VECTOR('',#14713,1.);
#14713 = DIRECTION('',(0.,0.,-1.));
#14714 = ORIENTED_EDGE('',*,*,#14715,.F.);
#14715 = EDGE_CURVE('',#14676,#14708,#14716,.T.);
#14716 = LINE('',#14717,#14718);
#14717 = CARTESIAN_POINT('',(154.775,-108.425,0.));
#14718 = VECTOR('',#14719,1.);
#14719 = DIRECTION('',(-1.,0.,0.));
#14720 = PLANE('',#14721);
#14721 = AXIS2_PLACEMENT_3D('',#14722,#14723,#14724);
#14722 = CARTESIAN_POINT('',(154.775,-108.425,0.));
#14723 = DIRECTION('',(0.,1.,0.));
#14724 = DIRECTION('',(-1.,0.,0.));
#14725 = ADVANCED_FACE('',(#14726),#14753,.T.);
#14726 = FACE_BOUND('',#14727,.F.);
#14727 = EDGE_LOOP('',(#14728,#14729,#14738,#14746));
#14728 = ORIENTED_EDGE('',*,*,#14707,.T.);
#14729 = ORIENTED_EDGE('',*,*,#14730,.T.);
#14730 = EDGE_CURVE('',#14700,#14731,#14733,.T.);
#14731 = VERTEX_POINT('',#14732);
#14732 = CARTESIAN_POINT('',(154.0375,-108.1875,-4.E-02));
#14733 = CIRCLE('',#14734,0.237499523827);
#14734 = AXIS2_PLACEMENT_3D('',#14735,#14736,#14737);
#14735 = CARTESIAN_POINT('',(154.27499952382,-108.1875004761,-4.E-02));
#14736 = DIRECTION('',(0.,0.,-1.));
#14737 = DIRECTION('',(2.004943085548E-06,-0.999999999998,0.));
#14738 = ORIENTED_EDGE('',*,*,#14739,.F.);
#14739 = EDGE_CURVE('',#14740,#14731,#14742,.T.);
#14740 = VERTEX_POINT('',#14741);
#14741 = CARTESIAN_POINT('',(154.0375,-108.1875,0.));
#14742 = LINE('',#14743,#14744);
#14743 = CARTESIAN_POINT('',(154.0375,-108.1875,0.));
#14744 = VECTOR('',#14745,1.);
#14745 = DIRECTION('',(0.,0.,-1.));
#14746 = ORIENTED_EDGE('',*,*,#14747,.F.);
#14747 = EDGE_CURVE('',#14708,#14740,#14748,.T.);
#14748 = CIRCLE('',#14749,0.237499523827);
#14749 = AXIS2_PLACEMENT_3D('',#14750,#14751,#14752);
#14750 = CARTESIAN_POINT('',(154.27499952382,-108.1875004761,0.));
#14751 = DIRECTION('',(0.,0.,-1.));
#14752 = DIRECTION('',(2.004943085548E-06,-0.999999999998,0.));
#14753 = CYLINDRICAL_SURFACE('',#14754,0.237499523827);
#14754 = AXIS2_PLACEMENT_3D('',#14755,#14756,#14757);
#14755 = CARTESIAN_POINT('',(154.27499952382,-108.1875004761,0.));
#14756 = DIRECTION('',(-0.,-0.,1.));
#14757 = DIRECTION('',(2.004943085548E-06,-0.999999999998,0.));
#14758 = ADVANCED_FACE('',(#14759),#14775,.F.);
#14759 = FACE_BOUND('',#14760,.F.);
#14760 = EDGE_LOOP('',(#14761,#14762,#14768,#14769));
#14761 = ORIENTED_EDGE('',*,*,#14739,.T.);
#14762 = ORIENTED_EDGE('',*,*,#14763,.T.);
#14763 = EDGE_CURVE('',#14731,#14531,#14764,.T.);
#14764 = LINE('',#14765,#14766);
#14765 = CARTESIAN_POINT('',(154.0375,-108.1875,-4.E-02));
#14766 = VECTOR('',#14767,1.);
#14767 = DIRECTION('',(0.,1.,0.));
#14768 = ORIENTED_EDGE('',*,*,#14528,.F.);
#14769 = ORIENTED_EDGE('',*,*,#14770,.F.);
#14770 = EDGE_CURVE('',#14740,#14529,#14771,.T.);
#14771 = LINE('',#14772,#14773);
#14772 = CARTESIAN_POINT('',(154.0375,-108.1875,0.));
#14773 = VECTOR('',#14774,1.);
#14774 = DIRECTION('',(0.,1.,0.));
#14775 = PLANE('',#14776);
#14776 = AXIS2_PLACEMENT_3D('',#14777,#14778,#14779);
#14777 = CARTESIAN_POINT('',(154.0375,-108.1875,0.));
#14778 = DIRECTION('',(1.,-0.,0.));
#14779 = DIRECTION('',(0.,1.,0.));
#14780 = ADVANCED_FACE('',(#14781),#14791,.F.);
#14781 = FACE_BOUND('',#14782,.F.);
#14782 = EDGE_LOOP('',(#14783,#14784,#14785,#14786,#14787,#14788,#14789,
    #14790));
#14783 = ORIENTED_EDGE('',*,*,#14555,.T.);
#14784 = ORIENTED_EDGE('',*,*,#14587,.T.);
#14785 = ORIENTED_EDGE('',*,*,#14619,.T.);
#14786 = ORIENTED_EDGE('',*,*,#14651,.T.);
#14787 = ORIENTED_EDGE('',*,*,#14683,.T.);
#14788 = ORIENTED_EDGE('',*,*,#14715,.T.);
#14789 = ORIENTED_EDGE('',*,*,#14747,.T.);
#14790 = ORIENTED_EDGE('',*,*,#14770,.T.);
#14791 = PLANE('',#14792);
#14792 = AXIS2_PLACEMENT_3D('',#14793,#14794,#14795);
#14793 = CARTESIAN_POINT('',(0.,0.,0.));
#14794 = DIRECTION('',(-0.,-0.,-1.));
#14795 = DIRECTION('',(-1.,0.,0.));
#14796 = ADVANCED_FACE('',(#14797),#14807,.T.);
#14797 = FACE_BOUND('',#14798,.T.);
#14798 = EDGE_LOOP('',(#14799,#14800,#14801,#14802,#14803,#14804,#14805,
    #14806));
#14799 = ORIENTED_EDGE('',*,*,#14538,.T.);
#14800 = ORIENTED_EDGE('',*,*,#14571,.T.);
#14801 = ORIENTED_EDGE('',*,*,#14602,.T.);
#14802 = ORIENTED_EDGE('',*,*,#14635,.T.);
#14803 = ORIENTED_EDGE('',*,*,#14666,.T.);
#14804 = ORIENTED_EDGE('',*,*,#14699,.T.);
#14805 = ORIENTED_EDGE('',*,*,#14730,.T.);
#14806 = ORIENTED_EDGE('',*,*,#14763,.T.);
#14807 = PLANE('',#14808);
#14808 = AXIS2_PLACEMENT_3D('',#14809,#14810,#14811);
#14809 = CARTESIAN_POINT('',(0.,0.,-4.E-02));
#14810 = DIRECTION('',(-0.,-0.,-1.));
#14811 = DIRECTION('',(-1.,0.,0.));
#14812 = MANIFOLD_SOLID_BREP('',#14813);
#14813 = CLOSED_SHELL('',(#14814,#14856,#14887,#14920,#14951,#14984,
    #15015,#15048,#15070,#15086));
#14814 = ADVANCED_FACE('',(#14815),#14851,.T.);
#14815 = FACE_BOUND('',#14816,.F.);
#14816 = EDGE_LOOP('',(#14817,#14827,#14836,#14844));
#14817 = ORIENTED_EDGE('',*,*,#14818,.T.);
#14818 = EDGE_CURVE('',#14819,#14821,#14823,.T.);
#14819 = VERTEX_POINT('',#14820);
#14820 = CARTESIAN_POINT('',(138.175,-79.5125,0.));
#14821 = VERTEX_POINT('',#14822);
#14822 = CARTESIAN_POINT('',(138.175,-79.5125,-4.E-02));
#14823 = LINE('',#14824,#14825);
#14824 = CARTESIAN_POINT('',(138.175,-79.5125,0.));
#14825 = VECTOR('',#14826,1.);
#14826 = DIRECTION('',(0.,0.,-1.));
#14827 = ORIENTED_EDGE('',*,*,#14828,.T.);
#14828 = EDGE_CURVE('',#14821,#14829,#14831,.T.);
#14829 = VERTEX_POINT('',#14830);
#14830 = CARTESIAN_POINT('',(138.4125,-79.275,-4.E-02));
#14831 = CIRCLE('',#14832,0.237499523827);
#14832 = AXIS2_PLACEMENT_3D('',#14833,#14834,#14835);
#14833 = CARTESIAN_POINT('',(138.41249952382,-79.51249952382,-4.E-02));
#14834 = DIRECTION('',(0.,0.,-1.));
#14835 = DIRECTION('',(-0.999999999998,-2.004943384725E-06,-0.));
#14836 = ORIENTED_EDGE('',*,*,#14837,.F.);
#14837 = EDGE_CURVE('',#14838,#14829,#14840,.T.);
#14838 = VERTEX_POINT('',#14839);
#14839 = CARTESIAN_POINT('',(138.4125,-79.275,0.));
#14840 = LINE('',#14841,#14842);
#14841 = CARTESIAN_POINT('',(138.4125,-79.275,0.));
#14842 = VECTOR('',#14843,1.);
#14843 = DIRECTION('',(0.,0.,-1.));
#14844 = ORIENTED_EDGE('',*,*,#14845,.F.);
#14845 = EDGE_CURVE('',#14819,#14838,#14846,.T.);
#14846 = CIRCLE('',#14847,0.237499523827);
#14847 = AXIS2_PLACEMENT_3D('',#14848,#14849,#14850);
#14848 = CARTESIAN_POINT('',(138.41249952382,-79.51249952382,0.));
#14849 = DIRECTION('',(0.,0.,-1.));
#14850 = DIRECTION('',(-0.999999999998,-2.004943384725E-06,-0.));
#14851 = CYLINDRICAL_SURFACE('',#14852,0.237499523827);
#14852 = AXIS2_PLACEMENT_3D('',#14853,#14854,#14855);
#14853 = CARTESIAN_POINT('',(138.41249952382,-79.51249952382,0.));
#14854 = DIRECTION('',(-0.,-0.,1.));
#14855 = DIRECTION('',(-0.999999999998,-2.004943384725E-06,-0.));
#14856 = ADVANCED_FACE('',(#14857),#14882,.F.);
#14857 = FACE_BOUND('',#14858,.F.);
#14858 = EDGE_LOOP('',(#14859,#14860,#14868,#14876));
#14859 = ORIENTED_EDGE('',*,*,#14837,.T.);
#14860 = ORIENTED_EDGE('',*,*,#14861,.T.);
#14861 = EDGE_CURVE('',#14829,#14862,#14864,.T.);
#14862 = VERTEX_POINT('',#14863);
#14863 = CARTESIAN_POINT('',(139.0125,-79.275,-4.E-02));
#14864 = LINE('',#14865,#14866);
#14865 = CARTESIAN_POINT('',(138.4125,-79.275,-4.E-02));
#14866 = VECTOR('',#14867,1.);
#14867 = DIRECTION('',(1.,0.,0.));
#14868 = ORIENTED_EDGE('',*,*,#14869,.F.);
#14869 = EDGE_CURVE('',#14870,#14862,#14872,.T.);
#14870 = VERTEX_POINT('',#14871);
#14871 = CARTESIAN_POINT('',(139.0125,-79.275,0.));
#14872 = LINE('',#14873,#14874);
#14873 = CARTESIAN_POINT('',(139.0125,-79.275,0.));
#14874 = VECTOR('',#14875,1.);
#14875 = DIRECTION('',(0.,0.,-1.));
#14876 = ORIENTED_EDGE('',*,*,#14877,.F.);
#14877 = EDGE_CURVE('',#14838,#14870,#14878,.T.);
#14878 = LINE('',#14879,#14880);
#14879 = CARTESIAN_POINT('',(138.4125,-79.275,0.));
#14880 = VECTOR('',#14881,1.);
#14881 = DIRECTION('',(1.,0.,0.));
#14882 = PLANE('',#14883);
#14883 = AXIS2_PLACEMENT_3D('',#14884,#14885,#14886);
#14884 = CARTESIAN_POINT('',(138.4125,-79.275,0.));
#14885 = DIRECTION('',(0.,-1.,0.));
#14886 = DIRECTION('',(1.,0.,0.));
#14887 = ADVANCED_FACE('',(#14888),#14915,.T.);
#14888 = FACE_BOUND('',#14889,.F.);
#14889 = EDGE_LOOP('',(#14890,#14891,#14900,#14908));
#14890 = ORIENTED_EDGE('',*,*,#14869,.T.);
#14891 = ORIENTED_EDGE('',*,*,#14892,.T.);
#14892 = EDGE_CURVE('',#14862,#14893,#14895,.T.);
#14893 = VERTEX_POINT('',#14894);
#14894 = CARTESIAN_POINT('',(139.25,-79.5125,-4.E-02));
#14895 = CIRCLE('',#14896,0.237499523827);
#14896 = AXIS2_PLACEMENT_3D('',#14897,#14898,#14899);
#14897 = CARTESIAN_POINT('',(139.01250047617,-79.51249952382,-4.E-02));
#14898 = DIRECTION('',(0.,0.,-1.));
#14899 = DIRECTION('',(-2.004943444561E-06,0.999999999998,0.));
#14900 = ORIENTED_EDGE('',*,*,#14901,.F.);
#14901 = EDGE_CURVE('',#14902,#14893,#14904,.T.);
#14902 = VERTEX_POINT('',#14903);
#14903 = CARTESIAN_POINT('',(139.25,-79.5125,0.));
#14904 = LINE('',#14905,#14906);
#14905 = CARTESIAN_POINT('',(139.25,-79.5125,0.));
#14906 = VECTOR('',#14907,1.);
#14907 = DIRECTION('',(0.,0.,-1.));
#14908 = ORIENTED_EDGE('',*,*,#14909,.F.);
#14909 = EDGE_CURVE('',#14870,#14902,#14910,.T.);
#14910 = CIRCLE('',#14911,0.237499523827);
#14911 = AXIS2_PLACEMENT_3D('',#14912,#14913,#14914);
#14912 = CARTESIAN_POINT('',(139.01250047617,-79.51249952382,0.));
#14913 = DIRECTION('',(0.,0.,-1.));
#14914 = DIRECTION('',(-2.004943444561E-06,0.999999999998,0.));
#14915 = CYLINDRICAL_SURFACE('',#14916,0.237499523827);
#14916 = AXIS2_PLACEMENT_3D('',#14917,#14918,#14919);
#14917 = CARTESIAN_POINT('',(139.01250047617,-79.51249952382,0.));
#14918 = DIRECTION('',(-0.,-0.,1.));
#14919 = DIRECTION('',(-2.004943444561E-06,0.999999999998,0.));
#14920 = ADVANCED_FACE('',(#14921),#14946,.F.);
#14921 = FACE_BOUND('',#14922,.F.);
#14922 = EDGE_LOOP('',(#14923,#14924,#14932,#14940));
#14923 = ORIENTED_EDGE('',*,*,#14901,.T.);
#14924 = ORIENTED_EDGE('',*,*,#14925,.T.);
#14925 = EDGE_CURVE('',#14893,#14926,#14928,.T.);
#14926 = VERTEX_POINT('',#14927);
#14927 = CARTESIAN_POINT('',(139.25,-79.9875,-4.E-02));
#14928 = LINE('',#14929,#14930);
#14929 = CARTESIAN_POINT('',(139.25,-79.5125,-4.E-02));
#14930 = VECTOR('',#14931,1.);
#14931 = DIRECTION('',(0.,-1.,0.));
#14932 = ORIENTED_EDGE('',*,*,#14933,.F.);
#14933 = EDGE_CURVE('',#14934,#14926,#14936,.T.);
#14934 = VERTEX_POINT('',#14935);
#14935 = CARTESIAN_POINT('',(139.25,-79.9875,0.));
#14936 = LINE('',#14937,#14938);
#14937 = CARTESIAN_POINT('',(139.25,-79.9875,0.));
#14938 = VECTOR('',#14939,1.);
#14939 = DIRECTION('',(0.,0.,-1.));
#14940 = ORIENTED_EDGE('',*,*,#14941,.F.);
#14941 = EDGE_CURVE('',#14902,#14934,#14942,.T.);
#14942 = LINE('',#14943,#14944);
#14943 = CARTESIAN_POINT('',(139.25,-79.5125,0.));
#14944 = VECTOR('',#14945,1.);
#14945 = DIRECTION('',(0.,-1.,0.));
#14946 = PLANE('',#14947);
#14947 = AXIS2_PLACEMENT_3D('',#14948,#14949,#14950);
#14948 = CARTESIAN_POINT('',(139.25,-79.5125,0.));
#14949 = DIRECTION('',(-1.,-0.,-0.));
#14950 = DIRECTION('',(0.,-1.,0.));
#14951 = ADVANCED_FACE('',(#14952),#14979,.T.);
#14952 = FACE_BOUND('',#14953,.F.);
#14953 = EDGE_LOOP('',(#14954,#14955,#14964,#14972));
#14954 = ORIENTED_EDGE('',*,*,#14933,.T.);
#14955 = ORIENTED_EDGE('',*,*,#14956,.T.);
#14956 = EDGE_CURVE('',#14926,#14957,#14959,.T.);
#14957 = VERTEX_POINT('',#14958);
#14958 = CARTESIAN_POINT('',(139.0125,-80.225,-4.E-02));
#14959 = CIRCLE('',#14960,0.237499523827);
#14960 = AXIS2_PLACEMENT_3D('',#14961,#14962,#14963);
#14961 = CARTESIAN_POINT('',(139.01250047617,-79.98750047617,-4.E-02));
#14962 = DIRECTION('',(0.,0.,-1.));
#14963 = DIRECTION('',(0.999999999998,2.004943384725E-06,0.));
#14964 = ORIENTED_EDGE('',*,*,#14965,.F.);
#14965 = EDGE_CURVE('',#14966,#14957,#14968,.T.);
#14966 = VERTEX_POINT('',#14967);
#14967 = CARTESIAN_POINT('',(139.0125,-80.225,0.));
#14968 = LINE('',#14969,#14970);
#14969 = CARTESIAN_POINT('',(139.0125,-80.225,0.));
#14970 = VECTOR('',#14971,1.);
#14971 = DIRECTION('',(0.,0.,-1.));
#14972 = ORIENTED_EDGE('',*,*,#14973,.F.);
#14973 = EDGE_CURVE('',#14934,#14966,#14974,.T.);
#14974 = CIRCLE('',#14975,0.237499523827);
#14975 = AXIS2_PLACEMENT_3D('',#14976,#14977,#14978);
#14976 = CARTESIAN_POINT('',(139.01250047617,-79.98750047617,0.));
#14977 = DIRECTION('',(0.,0.,-1.));
#14978 = DIRECTION('',(0.999999999998,2.004943384725E-06,0.));
#14979 = CYLINDRICAL_SURFACE('',#14980,0.237499523827);
#14980 = AXIS2_PLACEMENT_3D('',#14981,#14982,#14983);
#14981 = CARTESIAN_POINT('',(139.01250047617,-79.98750047617,0.));
#14982 = DIRECTION('',(-0.,-0.,1.));
#14983 = DIRECTION('',(0.999999999998,2.004943384725E-06,0.));
#14984 = ADVANCED_FACE('',(#14985),#15010,.F.);
#14985 = FACE_BOUND('',#14986,.F.);
#14986 = EDGE_LOOP('',(#14987,#14988,#14996,#15004));
#14987 = ORIENTED_EDGE('',*,*,#14965,.T.);
#14988 = ORIENTED_EDGE('',*,*,#14989,.T.);
#14989 = EDGE_CURVE('',#14957,#14990,#14992,.T.);
#14990 = VERTEX_POINT('',#14991);
#14991 = CARTESIAN_POINT('',(138.4125,-80.225,-4.E-02));
#14992 = LINE('',#14993,#14994);
#14993 = CARTESIAN_POINT('',(139.0125,-80.225,-4.E-02));
#14994 = VECTOR('',#14995,1.);
#14995 = DIRECTION('',(-1.,0.,0.));
#14996 = ORIENTED_EDGE('',*,*,#14997,.F.);
#14997 = EDGE_CURVE('',#14998,#14990,#15000,.T.);
#14998 = VERTEX_POINT('',#14999);
#14999 = CARTESIAN_POINT('',(138.4125,-80.225,0.));
#15000 = LINE('',#15001,#15002);
#15001 = CARTESIAN_POINT('',(138.4125,-80.225,0.));
#15002 = VECTOR('',#15003,1.);
#15003 = DIRECTION('',(0.,0.,-1.));
#15004 = ORIENTED_EDGE('',*,*,#15005,.F.);
#15005 = EDGE_CURVE('',#14966,#14998,#15006,.T.);
#15006 = LINE('',#15007,#15008);
#15007 = CARTESIAN_POINT('',(139.0125,-80.225,0.));
#15008 = VECTOR('',#15009,1.);
#15009 = DIRECTION('',(-1.,0.,0.));
#15010 = PLANE('',#15011);
#15011 = AXIS2_PLACEMENT_3D('',#15012,#15013,#15014);
#15012 = CARTESIAN_POINT('',(139.0125,-80.225,0.));
#15013 = DIRECTION('',(0.,1.,0.));
#15014 = DIRECTION('',(-1.,0.,0.));
#15015 = ADVANCED_FACE('',(#15016),#15043,.T.);
#15016 = FACE_BOUND('',#15017,.F.);
#15017 = EDGE_LOOP('',(#15018,#15019,#15028,#15036));
#15018 = ORIENTED_EDGE('',*,*,#14997,.T.);
#15019 = ORIENTED_EDGE('',*,*,#15020,.T.);
#15020 = EDGE_CURVE('',#14990,#15021,#15023,.T.);
#15021 = VERTEX_POINT('',#15022);
#15022 = CARTESIAN_POINT('',(138.175,-79.9875,-4.E-02));
#15023 = CIRCLE('',#15024,0.237499523827);
#15024 = AXIS2_PLACEMENT_3D('',#15025,#15026,#15027);
#15025 = CARTESIAN_POINT('',(138.41249952382,-79.98750047617,-4.E-02));
#15026 = DIRECTION('',(0.,0.,-1.));
#15027 = DIRECTION('',(2.00494332489E-06,-0.999999999998,0.));
#15028 = ORIENTED_EDGE('',*,*,#15029,.F.);
#15029 = EDGE_CURVE('',#15030,#15021,#15032,.T.);
#15030 = VERTEX_POINT('',#15031);
#15031 = CARTESIAN_POINT('',(138.175,-79.9875,0.));
#15032 = LINE('',#15033,#15034);
#15033 = CARTESIAN_POINT('',(138.175,-79.9875,0.));
#15034 = VECTOR('',#15035,1.);
#15035 = DIRECTION('',(0.,0.,-1.));
#15036 = ORIENTED_EDGE('',*,*,#15037,.F.);
#15037 = EDGE_CURVE('',#14998,#15030,#15038,.T.);
#15038 = CIRCLE('',#15039,0.237499523827);
#15039 = AXIS2_PLACEMENT_3D('',#15040,#15041,#15042);
#15040 = CARTESIAN_POINT('',(138.41249952382,-79.98750047617,0.));
#15041 = DIRECTION('',(0.,0.,-1.));
#15042 = DIRECTION('',(2.00494332489E-06,-0.999999999998,0.));
#15043 = CYLINDRICAL_SURFACE('',#15044,0.237499523827);
#15044 = AXIS2_PLACEMENT_3D('',#15045,#15046,#15047);
#15045 = CARTESIAN_POINT('',(138.41249952382,-79.98750047617,0.));
#15046 = DIRECTION('',(-0.,-0.,1.));
#15047 = DIRECTION('',(2.00494332489E-06,-0.999999999998,0.));
#15048 = ADVANCED_FACE('',(#15049),#15065,.F.);
#15049 = FACE_BOUND('',#15050,.F.);
#15050 = EDGE_LOOP('',(#15051,#15052,#15058,#15059));
#15051 = ORIENTED_EDGE('',*,*,#15029,.T.);
#15052 = ORIENTED_EDGE('',*,*,#15053,.T.);
#15053 = EDGE_CURVE('',#15021,#14821,#15054,.T.);
#15054 = LINE('',#15055,#15056);
#15055 = CARTESIAN_POINT('',(138.175,-79.9875,-4.E-02));
#15056 = VECTOR('',#15057,1.);
#15057 = DIRECTION('',(0.,1.,0.));
#15058 = ORIENTED_EDGE('',*,*,#14818,.F.);
#15059 = ORIENTED_EDGE('',*,*,#15060,.F.);
#15060 = EDGE_CURVE('',#15030,#14819,#15061,.T.);
#15061 = LINE('',#15062,#15063);
#15062 = CARTESIAN_POINT('',(138.175,-79.9875,0.));
#15063 = VECTOR('',#15064,1.);
#15064 = DIRECTION('',(0.,1.,0.));
#15065 = PLANE('',#15066);
#15066 = AXIS2_PLACEMENT_3D('',#15067,#15068,#15069);
#15067 = CARTESIAN_POINT('',(138.175,-79.9875,0.));
#15068 = DIRECTION('',(1.,-0.,0.));
#15069 = DIRECTION('',(0.,1.,0.));
#15070 = ADVANCED_FACE('',(#15071),#15081,.F.);
#15071 = FACE_BOUND('',#15072,.F.);
#15072 = EDGE_LOOP('',(#15073,#15074,#15075,#15076,#15077,#15078,#15079,
    #15080));
#15073 = ORIENTED_EDGE('',*,*,#14845,.T.);
#15074 = ORIENTED_EDGE('',*,*,#14877,.T.);
#15075 = ORIENTED_EDGE('',*,*,#14909,.T.);
#15076 = ORIENTED_EDGE('',*,*,#14941,.T.);
#15077 = ORIENTED_EDGE('',*,*,#14973,.T.);
#15078 = ORIENTED_EDGE('',*,*,#15005,.T.);
#15079 = ORIENTED_EDGE('',*,*,#15037,.T.);
#15080 = ORIENTED_EDGE('',*,*,#15060,.T.);
#15081 = PLANE('',#15082);
#15082 = AXIS2_PLACEMENT_3D('',#15083,#15084,#15085);
#15083 = CARTESIAN_POINT('',(0.,0.,0.));
#15084 = DIRECTION('',(-0.,-0.,-1.));
#15085 = DIRECTION('',(-1.,0.,0.));
#15086 = ADVANCED_FACE('',(#15087),#15097,.T.);
#15087 = FACE_BOUND('',#15088,.T.);
#15088 = EDGE_LOOP('',(#15089,#15090,#15091,#15092,#15093,#15094,#15095,
    #15096));
#15089 = ORIENTED_EDGE('',*,*,#14828,.T.);
#15090 = ORIENTED_EDGE('',*,*,#14861,.T.);
#15091 = ORIENTED_EDGE('',*,*,#14892,.T.);
#15092 = ORIENTED_EDGE('',*,*,#14925,.T.);
#15093 = ORIENTED_EDGE('',*,*,#14956,.T.);
#15094 = ORIENTED_EDGE('',*,*,#14989,.T.);
#15095 = ORIENTED_EDGE('',*,*,#15020,.T.);
#15096 = ORIENTED_EDGE('',*,*,#15053,.T.);
#15097 = PLANE('',#15098);
#15098 = AXIS2_PLACEMENT_3D('',#15099,#15100,#15101);
#15099 = CARTESIAN_POINT('',(0.,0.,-4.E-02));
#15100 = DIRECTION('',(-0.,-0.,-1.));
#15101 = DIRECTION('',(-1.,0.,0.));
#15102 = MANIFOLD_SOLID_BREP('',#15103);
#15103 = CLOSED_SHELL('',(#15104,#15146,#15177,#15210,#15241,#15274,
    #15305,#15338,#15360,#15376));
#15104 = ADVANCED_FACE('',(#15105),#15141,.T.);
#15105 = FACE_BOUND('',#15106,.F.);
#15106 = EDGE_LOOP('',(#15107,#15117,#15126,#15134));
#15107 = ORIENTED_EDGE('',*,*,#15108,.T.);
#15108 = EDGE_CURVE('',#15109,#15111,#15113,.T.);
#15109 = VERTEX_POINT('',#15110);
#15110 = CARTESIAN_POINT('',(152.2125,-107.7125,0.));
#15111 = VERTEX_POINT('',#15112);
#15112 = CARTESIAN_POINT('',(152.2125,-107.7125,-4.E-02));
#15113 = LINE('',#15114,#15115);
#15114 = CARTESIAN_POINT('',(152.2125,-107.7125,0.));
#15115 = VECTOR('',#15116,1.);
#15116 = DIRECTION('',(0.,0.,-1.));
#15117 = ORIENTED_EDGE('',*,*,#15118,.T.);
#15118 = EDGE_CURVE('',#15111,#15119,#15121,.T.);
#15119 = VERTEX_POINT('',#15120);
#15120 = CARTESIAN_POINT('',(152.45,-107.475,-4.E-02));
#15121 = CIRCLE('',#15122,0.237499523827);
#15122 = AXIS2_PLACEMENT_3D('',#15123,#15124,#15125);
#15123 = CARTESIAN_POINT('',(152.44999952382,-107.7124995238,-4.E-02));
#15124 = DIRECTION('',(0.,0.,-1.));
#15125 = DIRECTION('',(-0.999999999998,-2.004943205219E-06,-0.));
#15126 = ORIENTED_EDGE('',*,*,#15127,.F.);
#15127 = EDGE_CURVE('',#15128,#15119,#15130,.T.);
#15128 = VERTEX_POINT('',#15129);
#15129 = CARTESIAN_POINT('',(152.45,-107.475,0.));
#15130 = LINE('',#15131,#15132);
#15131 = CARTESIAN_POINT('',(152.45,-107.475,0.));
#15132 = VECTOR('',#15133,1.);
#15133 = DIRECTION('',(0.,0.,-1.));
#15134 = ORIENTED_EDGE('',*,*,#15135,.F.);
#15135 = EDGE_CURVE('',#15109,#15128,#15136,.T.);
#15136 = CIRCLE('',#15137,0.237499523827);
#15137 = AXIS2_PLACEMENT_3D('',#15138,#15139,#15140);
#15138 = CARTESIAN_POINT('',(152.44999952382,-107.7124995238,0.));
#15139 = DIRECTION('',(0.,0.,-1.));
#15140 = DIRECTION('',(-0.999999999998,-2.004943205219E-06,-0.));
#15141 = CYLINDRICAL_SURFACE('',#15142,0.237499523827);
#15142 = AXIS2_PLACEMENT_3D('',#15143,#15144,#15145);
#15143 = CARTESIAN_POINT('',(152.44999952382,-107.7124995238,0.));
#15144 = DIRECTION('',(-0.,-0.,1.));
#15145 = DIRECTION('',(-0.999999999998,-2.004943205219E-06,-0.));
#15146 = ADVANCED_FACE('',(#15147),#15172,.F.);
#15147 = FACE_BOUND('',#15148,.F.);
#15148 = EDGE_LOOP('',(#15149,#15150,#15158,#15166));
#15149 = ORIENTED_EDGE('',*,*,#15127,.T.);
#15150 = ORIENTED_EDGE('',*,*,#15151,.T.);
#15151 = EDGE_CURVE('',#15119,#15152,#15154,.T.);
#15152 = VERTEX_POINT('',#15153);
#15153 = CARTESIAN_POINT('',(152.95,-107.475,-4.E-02));
#15154 = LINE('',#15155,#15156);
#15155 = CARTESIAN_POINT('',(152.45,-107.475,-4.E-02));
#15156 = VECTOR('',#15157,1.);
#15157 = DIRECTION('',(1.,0.,0.));
#15158 = ORIENTED_EDGE('',*,*,#15159,.F.);
#15159 = EDGE_CURVE('',#15160,#15152,#15162,.T.);
#15160 = VERTEX_POINT('',#15161);
#15161 = CARTESIAN_POINT('',(152.95,-107.475,0.));
#15162 = LINE('',#15163,#15164);
#15163 = CARTESIAN_POINT('',(152.95,-107.475,0.));
#15164 = VECTOR('',#15165,1.);
#15165 = DIRECTION('',(0.,0.,-1.));
#15166 = ORIENTED_EDGE('',*,*,#15167,.F.);
#15167 = EDGE_CURVE('',#15128,#15160,#15168,.T.);
#15168 = LINE('',#15169,#15170);
#15169 = CARTESIAN_POINT('',(152.45,-107.475,0.));
#15170 = VECTOR('',#15171,1.);
#15171 = DIRECTION('',(1.,0.,0.));
#15172 = PLANE('',#15173);
#15173 = AXIS2_PLACEMENT_3D('',#15174,#15175,#15176);
#15174 = CARTESIAN_POINT('',(152.45,-107.475,0.));
#15175 = DIRECTION('',(0.,-1.,0.));
#15176 = DIRECTION('',(1.,0.,0.));
#15177 = ADVANCED_FACE('',(#15178),#15205,.T.);
#15178 = FACE_BOUND('',#15179,.F.);
#15179 = EDGE_LOOP('',(#15180,#15181,#15190,#15198));
#15180 = ORIENTED_EDGE('',*,*,#15159,.T.);
#15181 = ORIENTED_EDGE('',*,*,#15182,.T.);
#15182 = EDGE_CURVE('',#15152,#15183,#15185,.T.);
#15183 = VERTEX_POINT('',#15184);
#15184 = CARTESIAN_POINT('',(153.1875,-107.7125,-4.E-02));
#15185 = CIRCLE('',#15186,0.237499523827);
#15186 = AXIS2_PLACEMENT_3D('',#15187,#15188,#15189);
#15187 = CARTESIAN_POINT('',(152.95000047617,-107.7124995238,-4.E-02));
#15188 = DIRECTION('',(0.,0.,-1.));
#15189 = DIRECTION('',(-2.00494332489E-06,0.999999999998,0.));
#15190 = ORIENTED_EDGE('',*,*,#15191,.F.);
#15191 = EDGE_CURVE('',#15192,#15183,#15194,.T.);
#15192 = VERTEX_POINT('',#15193);
#15193 = CARTESIAN_POINT('',(153.1875,-107.7125,0.));
#15194 = LINE('',#15195,#15196);
#15195 = CARTESIAN_POINT('',(153.1875,-107.7125,0.));
#15196 = VECTOR('',#15197,1.);
#15197 = DIRECTION('',(0.,0.,-1.));
#15198 = ORIENTED_EDGE('',*,*,#15199,.F.);
#15199 = EDGE_CURVE('',#15160,#15192,#15200,.T.);
#15200 = CIRCLE('',#15201,0.237499523827);
#15201 = AXIS2_PLACEMENT_3D('',#15202,#15203,#15204);
#15202 = CARTESIAN_POINT('',(152.95000047617,-107.7124995238,0.));
#15203 = DIRECTION('',(0.,0.,-1.));
#15204 = DIRECTION('',(-2.00494332489E-06,0.999999999998,0.));
#15205 = CYLINDRICAL_SURFACE('',#15206,0.237499523827);
#15206 = AXIS2_PLACEMENT_3D('',#15207,#15208,#15209);
#15207 = CARTESIAN_POINT('',(152.95000047617,-107.7124995238,0.));
#15208 = DIRECTION('',(-0.,-0.,1.));
#15209 = DIRECTION('',(-2.00494332489E-06,0.999999999998,0.));
#15210 = ADVANCED_FACE('',(#15211),#15236,.F.);
#15211 = FACE_BOUND('',#15212,.F.);
#15212 = EDGE_LOOP('',(#15213,#15214,#15222,#15230));
#15213 = ORIENTED_EDGE('',*,*,#15191,.T.);
#15214 = ORIENTED_EDGE('',*,*,#15215,.T.);
#15215 = EDGE_CURVE('',#15183,#15216,#15218,.T.);
#15216 = VERTEX_POINT('',#15217);
#15217 = CARTESIAN_POINT('',(153.1875,-108.1875,-4.E-02));
#15218 = LINE('',#15219,#15220);
#15219 = CARTESIAN_POINT('',(153.1875,-107.7125,-4.E-02));
#15220 = VECTOR('',#15221,1.);
#15221 = DIRECTION('',(0.,-1.,0.));
#15222 = ORIENTED_EDGE('',*,*,#15223,.F.);
#15223 = EDGE_CURVE('',#15224,#15216,#15226,.T.);
#15224 = VERTEX_POINT('',#15225);
#15225 = CARTESIAN_POINT('',(153.1875,-108.1875,0.));
#15226 = LINE('',#15227,#15228);
#15227 = CARTESIAN_POINT('',(153.1875,-108.1875,0.));
#15228 = VECTOR('',#15229,1.);
#15229 = DIRECTION('',(0.,0.,-1.));
#15230 = ORIENTED_EDGE('',*,*,#15231,.F.);
#15231 = EDGE_CURVE('',#15192,#15224,#15232,.T.);
#15232 = LINE('',#15233,#15234);
#15233 = CARTESIAN_POINT('',(153.1875,-107.7125,0.));
#15234 = VECTOR('',#15235,1.);
#15235 = DIRECTION('',(0.,-1.,0.));
#15236 = PLANE('',#15237);
#15237 = AXIS2_PLACEMENT_3D('',#15238,#15239,#15240);
#15238 = CARTESIAN_POINT('',(153.1875,-107.7125,0.));
#15239 = DIRECTION('',(-1.,-0.,-0.));
#15240 = DIRECTION('',(0.,-1.,0.));
#15241 = ADVANCED_FACE('',(#15242),#15269,.T.);
#15242 = FACE_BOUND('',#15243,.F.);
#15243 = EDGE_LOOP('',(#15244,#15245,#15254,#15262));
#15244 = ORIENTED_EDGE('',*,*,#15223,.T.);
#15245 = ORIENTED_EDGE('',*,*,#15246,.T.);
#15246 = EDGE_CURVE('',#15216,#15247,#15249,.T.);
#15247 = VERTEX_POINT('',#15248);
#15248 = CARTESIAN_POINT('',(152.95,-108.425,-4.E-02));
#15249 = CIRCLE('',#15250,0.237499523827);
#15250 = AXIS2_PLACEMENT_3D('',#15251,#15252,#15253);
#15251 = CARTESIAN_POINT('',(152.95000047617,-108.1875004761,-4.E-02));
#15252 = DIRECTION('',(0.,0.,-1.));
#15253 = DIRECTION('',(0.999999999998,2.00494332489E-06,0.));
#15254 = ORIENTED_EDGE('',*,*,#15255,.F.);
#15255 = EDGE_CURVE('',#15256,#15247,#15258,.T.);
#15256 = VERTEX_POINT('',#15257);
#15257 = CARTESIAN_POINT('',(152.95,-108.425,0.));
#15258 = LINE('',#15259,#15260);
#15259 = CARTESIAN_POINT('',(152.95,-108.425,0.));
#15260 = VECTOR('',#15261,1.);
#15261 = DIRECTION('',(0.,0.,-1.));
#15262 = ORIENTED_EDGE('',*,*,#15263,.F.);
#15263 = EDGE_CURVE('',#15224,#15256,#15264,.T.);
#15264 = CIRCLE('',#15265,0.237499523827);
#15265 = AXIS2_PLACEMENT_3D('',#15266,#15267,#15268);
#15266 = CARTESIAN_POINT('',(152.95000047617,-108.1875004761,0.));
#15267 = DIRECTION('',(0.,0.,-1.));
#15268 = DIRECTION('',(0.999999999998,2.00494332489E-06,0.));
#15269 = CYLINDRICAL_SURFACE('',#15270,0.237499523827);
#15270 = AXIS2_PLACEMENT_3D('',#15271,#15272,#15273);
#15271 = CARTESIAN_POINT('',(152.95000047617,-108.1875004761,0.));
#15272 = DIRECTION('',(-0.,-0.,1.));
#15273 = DIRECTION('',(0.999999999998,2.00494332489E-06,0.));
#15274 = ADVANCED_FACE('',(#15275),#15300,.F.);
#15275 = FACE_BOUND('',#15276,.F.);
#15276 = EDGE_LOOP('',(#15277,#15278,#15286,#15294));
#15277 = ORIENTED_EDGE('',*,*,#15255,.T.);
#15278 = ORIENTED_EDGE('',*,*,#15279,.T.);
#15279 = EDGE_CURVE('',#15247,#15280,#15282,.T.);
#15280 = VERTEX_POINT('',#15281);
#15281 = CARTESIAN_POINT('',(152.45,-108.425,-4.E-02));
#15282 = LINE('',#15283,#15284);
#15283 = CARTESIAN_POINT('',(152.95,-108.425,-4.E-02));
#15284 = VECTOR('',#15285,1.);
#15285 = DIRECTION('',(-1.,0.,0.));
#15286 = ORIENTED_EDGE('',*,*,#15287,.F.);
#15287 = EDGE_CURVE('',#15288,#15280,#15290,.T.);
#15288 = VERTEX_POINT('',#15289);
#15289 = CARTESIAN_POINT('',(152.45,-108.425,0.));
#15290 = LINE('',#15291,#15292);
#15291 = CARTESIAN_POINT('',(152.45,-108.425,0.));
#15292 = VECTOR('',#15293,1.);
#15293 = DIRECTION('',(0.,0.,-1.));
#15294 = ORIENTED_EDGE('',*,*,#15295,.F.);
#15295 = EDGE_CURVE('',#15256,#15288,#15296,.T.);
#15296 = LINE('',#15297,#15298);
#15297 = CARTESIAN_POINT('',(152.95,-108.425,0.));
#15298 = VECTOR('',#15299,1.);
#15299 = DIRECTION('',(-1.,0.,0.));
#15300 = PLANE('',#15301);
#15301 = AXIS2_PLACEMENT_3D('',#15302,#15303,#15304);
#15302 = CARTESIAN_POINT('',(152.95,-108.425,0.));
#15303 = DIRECTION('',(0.,1.,0.));
#15304 = DIRECTION('',(-1.,0.,0.));
#15305 = ADVANCED_FACE('',(#15306),#15333,.T.);
#15306 = FACE_BOUND('',#15307,.F.);
#15307 = EDGE_LOOP('',(#15308,#15309,#15318,#15326));
#15308 = ORIENTED_EDGE('',*,*,#15287,.T.);
#15309 = ORIENTED_EDGE('',*,*,#15310,.T.);
#15310 = EDGE_CURVE('',#15280,#15311,#15313,.T.);
#15311 = VERTEX_POINT('',#15312);
#15312 = CARTESIAN_POINT('',(152.2125,-108.1875,-4.E-02));
#15313 = CIRCLE('',#15314,0.237499523827);
#15314 = AXIS2_PLACEMENT_3D('',#15315,#15316,#15317);
#15315 = CARTESIAN_POINT('',(152.44999952382,-108.1875004761,-4.E-02));
#15316 = DIRECTION('',(0.,0.,-1.));
#15317 = DIRECTION('',(2.004943205219E-06,-0.999999999998,0.));
#15318 = ORIENTED_EDGE('',*,*,#15319,.F.);
#15319 = EDGE_CURVE('',#15320,#15311,#15322,.T.);
#15320 = VERTEX_POINT('',#15321);
#15321 = CARTESIAN_POINT('',(152.2125,-108.1875,0.));
#15322 = LINE('',#15323,#15324);
#15323 = CARTESIAN_POINT('',(152.2125,-108.1875,0.));
#15324 = VECTOR('',#15325,1.);
#15325 = DIRECTION('',(0.,0.,-1.));
#15326 = ORIENTED_EDGE('',*,*,#15327,.F.);
#15327 = EDGE_CURVE('',#15288,#15320,#15328,.T.);
#15328 = CIRCLE('',#15329,0.237499523827);
#15329 = AXIS2_PLACEMENT_3D('',#15330,#15331,#15332);
#15330 = CARTESIAN_POINT('',(152.44999952382,-108.1875004761,0.));
#15331 = DIRECTION('',(0.,0.,-1.));
#15332 = DIRECTION('',(2.004943205219E-06,-0.999999999998,0.));
#15333 = CYLINDRICAL_SURFACE('',#15334,0.237499523827);
#15334 = AXIS2_PLACEMENT_3D('',#15335,#15336,#15337);
#15335 = CARTESIAN_POINT('',(152.44999952382,-108.1875004761,0.));
#15336 = DIRECTION('',(-0.,-0.,1.));
#15337 = DIRECTION('',(2.004943205219E-06,-0.999999999998,0.));
#15338 = ADVANCED_FACE('',(#15339),#15355,.F.);
#15339 = FACE_BOUND('',#15340,.F.);
#15340 = EDGE_LOOP('',(#15341,#15342,#15348,#15349));
#15341 = ORIENTED_EDGE('',*,*,#15319,.T.);
#15342 = ORIENTED_EDGE('',*,*,#15343,.T.);
#15343 = EDGE_CURVE('',#15311,#15111,#15344,.T.);
#15344 = LINE('',#15345,#15346);
#15345 = CARTESIAN_POINT('',(152.2125,-108.1875,-4.E-02));
#15346 = VECTOR('',#15347,1.);
#15347 = DIRECTION('',(0.,1.,0.));
#15348 = ORIENTED_EDGE('',*,*,#15108,.F.);
#15349 = ORIENTED_EDGE('',*,*,#15350,.F.);
#15350 = EDGE_CURVE('',#15320,#15109,#15351,.T.);
#15351 = LINE('',#15352,#15353);
#15352 = CARTESIAN_POINT('',(152.2125,-108.1875,0.));
#15353 = VECTOR('',#15354,1.);
#15354 = DIRECTION('',(0.,1.,0.));
#15355 = PLANE('',#15356);
#15356 = AXIS2_PLACEMENT_3D('',#15357,#15358,#15359);
#15357 = CARTESIAN_POINT('',(152.2125,-108.1875,0.));
#15358 = DIRECTION('',(1.,-0.,0.));
#15359 = DIRECTION('',(0.,1.,0.));
#15360 = ADVANCED_FACE('',(#15361),#15371,.F.);
#15361 = FACE_BOUND('',#15362,.F.);
#15362 = EDGE_LOOP('',(#15363,#15364,#15365,#15366,#15367,#15368,#15369,
    #15370));
#15363 = ORIENTED_EDGE('',*,*,#15135,.T.);
#15364 = ORIENTED_EDGE('',*,*,#15167,.T.);
#15365 = ORIENTED_EDGE('',*,*,#15199,.T.);
#15366 = ORIENTED_EDGE('',*,*,#15231,.T.);
#15367 = ORIENTED_EDGE('',*,*,#15263,.T.);
#15368 = ORIENTED_EDGE('',*,*,#15295,.T.);
#15369 = ORIENTED_EDGE('',*,*,#15327,.T.);
#15370 = ORIENTED_EDGE('',*,*,#15350,.T.);
#15371 = PLANE('',#15372);
#15372 = AXIS2_PLACEMENT_3D('',#15373,#15374,#15375);
#15373 = CARTESIAN_POINT('',(0.,0.,0.));
#15374 = DIRECTION('',(-0.,-0.,-1.));
#15375 = DIRECTION('',(-1.,0.,0.));
#15376 = ADVANCED_FACE('',(#15377),#15387,.T.);
#15377 = FACE_BOUND('',#15378,.T.);
#15378 = EDGE_LOOP('',(#15379,#15380,#15381,#15382,#15383,#15384,#15385,
    #15386));
#15379 = ORIENTED_EDGE('',*,*,#15118,.T.);
#15380 = ORIENTED_EDGE('',*,*,#15151,.T.);
#15381 = ORIENTED_EDGE('',*,*,#15182,.T.);
#15382 = ORIENTED_EDGE('',*,*,#15215,.T.);
#15383 = ORIENTED_EDGE('',*,*,#15246,.T.);
#15384 = ORIENTED_EDGE('',*,*,#15279,.T.);
#15385 = ORIENTED_EDGE('',*,*,#15310,.T.);
#15386 = ORIENTED_EDGE('',*,*,#15343,.T.);
#15387 = PLANE('',#15388);
#15388 = AXIS2_PLACEMENT_3D('',#15389,#15390,#15391);
#15389 = CARTESIAN_POINT('',(0.,0.,-4.E-02));
#15390 = DIRECTION('',(-0.,-0.,-1.));
#15391 = DIRECTION('',(-1.,0.,0.));
#15392 = MANIFOLD_SOLID_BREP('',#15393);
#15393 = CLOSED_SHELL('',(#15394,#15436,#15467,#15498,#15561,#15624,
    #15641,#15658,#15675,#15692,#15704));
#15394 = ADVANCED_FACE('',(#15395),#15431,.T.);
#15395 = FACE_BOUND('',#15396,.T.);
#15396 = EDGE_LOOP('',(#15397,#15407,#15416,#15424));
#15397 = ORIENTED_EDGE('',*,*,#15398,.T.);
#15398 = EDGE_CURVE('',#15399,#15401,#15403,.T.);
#15399 = VERTEX_POINT('',#15400);
#15400 = CARTESIAN_POINT('',(144.5,-134.95,1.51));
#15401 = VERTEX_POINT('',#15402);
#15402 = CARTESIAN_POINT('',(144.5,-134.95,1.55));
#15403 = LINE('',#15404,#15405);
#15404 = CARTESIAN_POINT('',(144.5,-134.95,1.51));
#15405 = VECTOR('',#15406,1.);
#15406 = DIRECTION('',(0.,0.,1.));
#15407 = ORIENTED_EDGE('',*,*,#15408,.T.);
#15408 = EDGE_CURVE('',#15401,#15409,#15411,.T.);
#15409 = VERTEX_POINT('',#15410);
#15410 = CARTESIAN_POINT('',(144.75,-134.7,1.55));
#15411 = CIRCLE('',#15412,0.249998959685);
#15412 = AXIS2_PLACEMENT_3D('',#15413,#15414,#15415);
#15413 = CARTESIAN_POINT('',(144.74999895968,-134.9499989596,1.55));
#15414 = DIRECTION('',(0.,0.,-1.));
#15415 = DIRECTION('',(-0.999999999991,-4.161285723379E-06,-0.));
#15416 = ORIENTED_EDGE('',*,*,#15417,.F.);
#15417 = EDGE_CURVE('',#15418,#15409,#15420,.T.);
#15418 = VERTEX_POINT('',#15419);
#15419 = CARTESIAN_POINT('',(144.75,-134.7,1.51));
#15420 = LINE('',#15421,#15422);
#15421 = CARTESIAN_POINT('',(144.75,-134.7,1.51));
#15422 = VECTOR('',#15423,1.);
#15423 = DIRECTION('',(0.,0.,1.));
#15424 = ORIENTED_EDGE('',*,*,#15425,.F.);
#15425 = EDGE_CURVE('',#15399,#15418,#15426,.T.);
#15426 = CIRCLE('',#15427,0.249998959685);
#15427 = AXIS2_PLACEMENT_3D('',#15428,#15429,#15430);
#15428 = CARTESIAN_POINT('',(144.74999895968,-134.9499989596,1.51));
#15429 = DIRECTION('',(0.,0.,-1.));
#15430 = DIRECTION('',(-0.999999999991,-4.161285723379E-06,-0.));
#15431 = CYLINDRICAL_SURFACE('',#15432,0.249998959685);
#15432 = AXIS2_PLACEMENT_3D('',#15433,#15434,#15435);
#15433 = CARTESIAN_POINT('',(144.74999895968,-134.9499989596,1.51));
#15434 = DIRECTION('',(0.,0.,-1.));
#15435 = DIRECTION('',(-0.999999999991,-4.161285723379E-06,-0.));
#15436 = ADVANCED_FACE('',(#15437),#15462,.T.);
#15437 = FACE_BOUND('',#15438,.T.);
#15438 = EDGE_LOOP('',(#15439,#15449,#15455,#15456));
#15439 = ORIENTED_EDGE('',*,*,#15440,.T.);
#15440 = EDGE_CURVE('',#15441,#15443,#15445,.T.);
#15441 = VERTEX_POINT('',#15442);
#15442 = CARTESIAN_POINT('',(144.5,-136.05,1.51));
#15443 = VERTEX_POINT('',#15444);
#15444 = CARTESIAN_POINT('',(144.5,-136.05,1.55));
#15445 = LINE('',#15446,#15447);
#15446 = CARTESIAN_POINT('',(144.5,-136.05,1.51));
#15447 = VECTOR('',#15448,1.);
#15448 = DIRECTION('',(0.,0.,1.));
#15449 = ORIENTED_EDGE('',*,*,#15450,.T.);
#15450 = EDGE_CURVE('',#15443,#15401,#15451,.T.);
#15451 = LINE('',#15452,#15453);
#15452 = CARTESIAN_POINT('',(144.5,-136.05,1.55));
#15453 = VECTOR('',#15454,1.);
#15454 = DIRECTION('',(0.,1.,0.));
#15455 = ORIENTED_EDGE('',*,*,#15398,.F.);
#15456 = ORIENTED_EDGE('',*,*,#15457,.F.);
#15457 = EDGE_CURVE('',#15441,#15399,#15458,.T.);
#15458 = LINE('',#15459,#15460);
#15459 = CARTESIAN_POINT('',(144.5,-136.05,1.51));
#15460 = VECTOR('',#15461,1.);
#15461 = DIRECTION('',(0.,1.,0.));
#15462 = PLANE('',#15463);
#15463 = AXIS2_PLACEMENT_3D('',#15464,#15465,#15466);
#15464 = CARTESIAN_POINT('',(144.5,-136.05,1.51));
#15465 = DIRECTION('',(-1.,0.,0.));
#15466 = DIRECTION('',(0.,1.,0.));
#15467 = ADVANCED_FACE('',(#15468),#15493,.T.);
#15468 = FACE_BOUND('',#15469,.T.);
#15469 = EDGE_LOOP('',(#15470,#15471,#15479,#15487));
#15470 = ORIENTED_EDGE('',*,*,#15417,.T.);
#15471 = ORIENTED_EDGE('',*,*,#15472,.T.);
#15472 = EDGE_CURVE('',#15409,#15473,#15475,.T.);
#15473 = VERTEX_POINT('',#15474);
#15474 = CARTESIAN_POINT('',(145.85,-134.7,1.55));
#15475 = LINE('',#15476,#15477);
#15476 = CARTESIAN_POINT('',(144.75,-134.7,1.55));
#15477 = VECTOR('',#15478,1.);
#15478 = DIRECTION('',(1.,0.,0.));
#15479 = ORIENTED_EDGE('',*,*,#15480,.F.);
#15480 = EDGE_CURVE('',#15481,#15473,#15483,.T.);
#15481 = VERTEX_POINT('',#15482);
#15482 = CARTESIAN_POINT('',(145.85,-134.7,1.51));
#15483 = LINE('',#15484,#15485);
#15484 = CARTESIAN_POINT('',(145.85,-134.7,1.51));
#15485 = VECTOR('',#15486,1.);
#15486 = DIRECTION('',(0.,0.,1.));
#15487 = ORIENTED_EDGE('',*,*,#15488,.F.);
#15488 = EDGE_CURVE('',#15418,#15481,#15489,.T.);
#15489 = LINE('',#15490,#15491);
#15490 = CARTESIAN_POINT('',(144.75,-134.7,1.51));
#15491 = VECTOR('',#15492,1.);
#15492 = DIRECTION('',(1.,0.,0.));
#15493 = PLANE('',#15494);
#15494 = AXIS2_PLACEMENT_3D('',#15495,#15496,#15497);
#15495 = CARTESIAN_POINT('',(144.75,-134.7,1.51));
#15496 = DIRECTION('',(0.,1.,0.));
#15497 = DIRECTION('',(1.,0.,0.));
#15498 = ADVANCED_FACE('',(#15499,#15545),#15556,.F.);
#15499 = FACE_BOUND('',#15500,.F.);
#15500 = EDGE_LOOP('',(#15501,#15502,#15503,#15512,#15520,#15529,#15537,
    #15544));
#15501 = ORIENTED_EDGE('',*,*,#15425,.F.);
#15502 = ORIENTED_EDGE('',*,*,#15457,.F.);
#15503 = ORIENTED_EDGE('',*,*,#15504,.F.);
#15504 = EDGE_CURVE('',#15505,#15441,#15507,.T.);
#15505 = VERTEX_POINT('',#15506);
#15506 = CARTESIAN_POINT('',(144.75,-136.3,1.51));
#15507 = CIRCLE('',#15508,0.249998959685);
#15508 = AXIS2_PLACEMENT_3D('',#15509,#15510,#15511);
#15509 = CARTESIAN_POINT('',(144.74999895968,-136.0500010403,1.51));
#15510 = DIRECTION('',(0.,0.,-1.));
#15511 = DIRECTION('',(4.161285723379E-06,-0.999999999991,0.));
#15512 = ORIENTED_EDGE('',*,*,#15513,.F.);
#15513 = EDGE_CURVE('',#15514,#15505,#15516,.T.);
#15514 = VERTEX_POINT('',#15515);
#15515 = CARTESIAN_POINT('',(145.85,-136.3,1.51));
#15516 = LINE('',#15517,#15518);
#15517 = CARTESIAN_POINT('',(145.85,-136.3,1.51));
#15518 = VECTOR('',#15519,1.);
#15519 = DIRECTION('',(-1.,0.,0.));
#15520 = ORIENTED_EDGE('',*,*,#15521,.F.);
#15521 = EDGE_CURVE('',#15522,#15514,#15524,.T.);
#15522 = VERTEX_POINT('',#15523);
#15523 = CARTESIAN_POINT('',(146.1,-136.05,1.51));
#15524 = CIRCLE('',#15525,0.249998959685);
#15525 = AXIS2_PLACEMENT_3D('',#15526,#15527,#15528);
#15526 = CARTESIAN_POINT('',(145.85000104031,-136.0500010403,1.51));
#15527 = DIRECTION('',(0.,0.,-1.));
#15528 = DIRECTION('',(0.999999999991,4.161285950754E-06,0.));
#15529 = ORIENTED_EDGE('',*,*,#15530,.F.);
#15530 = EDGE_CURVE('',#15531,#15522,#15533,.T.);
#15531 = VERTEX_POINT('',#15532);
#15532 = CARTESIAN_POINT('',(146.1,-134.95,1.51));
#15533 = LINE('',#15534,#15535);
#15534 = CARTESIAN_POINT('',(146.1,-134.95,1.51));
#15535 = VECTOR('',#15536,1.);
#15536 = DIRECTION('',(0.,-1.,0.));
#15537 = ORIENTED_EDGE('',*,*,#15538,.F.);
#15538 = EDGE_CURVE('',#15481,#15531,#15539,.T.);
#15539 = CIRCLE('',#15540,0.249998959685);
#15540 = AXIS2_PLACEMENT_3D('',#15541,#15542,#15543);
#15541 = CARTESIAN_POINT('',(145.85000104031,-134.9499989596,1.51));
#15542 = DIRECTION('',(0.,0.,-1.));
#15543 = DIRECTION('',(-4.161285837067E-06,0.999999999991,0.));
#15544 = ORIENTED_EDGE('',*,*,#15488,.F.);
#15545 = FACE_BOUND('',#15546,.F.);
#15546 = EDGE_LOOP('',(#15547));
#15547 = ORIENTED_EDGE('',*,*,#15548,.T.);
#15548 = EDGE_CURVE('',#15549,#15549,#15551,.T.);
#15549 = VERTEX_POINT('',#15550);
#15550 = CARTESIAN_POINT('',(145.3,-135.775,1.51));
#15551 = CIRCLE('',#15552,0.275);
#15552 = AXIS2_PLACEMENT_3D('',#15553,#15554,#15555);
#15553 = CARTESIAN_POINT('',(145.3,-135.5,1.51));
#15554 = DIRECTION('',(-0.,0.,-1.));
#15555 = DIRECTION('',(-0.,-1.,0.));
#15556 = PLANE('',#15557);
#15557 = AXIS2_PLACEMENT_3D('',#15558,#15559,#15560);
#15558 = CARTESIAN_POINT('',(0.,0.,1.51));
#15559 = DIRECTION('',(0.,0.,1.));
#15560 = DIRECTION('',(1.,0.,-0.));
#15561 = ADVANCED_FACE('',(#15562,#15608),#15619,.T.);
#15562 = FACE_BOUND('',#15563,.T.);
#15563 = EDGE_LOOP('',(#15564,#15565,#15566,#15575,#15583,#15592,#15600,
    #15607));
#15564 = ORIENTED_EDGE('',*,*,#15408,.F.);
#15565 = ORIENTED_EDGE('',*,*,#15450,.F.);
#15566 = ORIENTED_EDGE('',*,*,#15567,.F.);
#15567 = EDGE_CURVE('',#15568,#15443,#15570,.T.);
#15568 = VERTEX_POINT('',#15569);
#15569 = CARTESIAN_POINT('',(144.75,-136.3,1.55));
#15570 = CIRCLE('',#15571,0.249998959685);
#15571 = AXIS2_PLACEMENT_3D('',#15572,#15573,#15574);
#15572 = CARTESIAN_POINT('',(144.74999895968,-136.0500010403,1.55));
#15573 = DIRECTION('',(0.,0.,-1.));
#15574 = DIRECTION('',(4.161285723379E-06,-0.999999999991,0.));
#15575 = ORIENTED_EDGE('',*,*,#15576,.F.);
#15576 = EDGE_CURVE('',#15577,#15568,#15579,.T.);
#15577 = VERTEX_POINT('',#15578);
#15578 = CARTESIAN_POINT('',(145.85,-136.3,1.55));
#15579 = LINE('',#15580,#15581);
#15580 = CARTESIAN_POINT('',(145.85,-136.3,1.55));
#15581 = VECTOR('',#15582,1.);
#15582 = DIRECTION('',(-1.,0.,0.));
#15583 = ORIENTED_EDGE('',*,*,#15584,.F.);
#15584 = EDGE_CURVE('',#15585,#15577,#15587,.T.);
#15585 = VERTEX_POINT('',#15586);
#15586 = CARTESIAN_POINT('',(146.1,-136.05,1.55));
#15587 = CIRCLE('',#15588,0.249998959685);
#15588 = AXIS2_PLACEMENT_3D('',#15589,#15590,#15591);
#15589 = CARTESIAN_POINT('',(145.85000104031,-136.0500010403,1.55));
#15590 = DIRECTION('',(0.,0.,-1.));
#15591 = DIRECTION('',(0.999999999991,4.161285950754E-06,0.));
#15592 = ORIENTED_EDGE('',*,*,#15593,.F.);
#15593 = EDGE_CURVE('',#15594,#15585,#15596,.T.);
#15594 = VERTEX_POINT('',#15595);
#15595 = CARTESIAN_POINT('',(146.1,-134.95,1.55));
#15596 = LINE('',#15597,#15598);
#15597 = CARTESIAN_POINT('',(146.1,-134.95,1.55));
#15598 = VECTOR('',#15599,1.);
#15599 = DIRECTION('',(0.,-1.,0.));
#15600 = ORIENTED_EDGE('',*,*,#15601,.F.);
#15601 = EDGE_CURVE('',#15473,#15594,#15602,.T.);
#15602 = CIRCLE('',#15603,0.249998959685);
#15603 = AXIS2_PLACEMENT_3D('',#15604,#15605,#15606);
#15604 = CARTESIAN_POINT('',(145.85000104031,-134.9499989596,1.55));
#15605 = DIRECTION('',(0.,0.,-1.));
#15606 = DIRECTION('',(-4.161285837067E-06,0.999999999991,0.));
#15607 = ORIENTED_EDGE('',*,*,#15472,.F.);
#15608 = FACE_BOUND('',#15609,.T.);
#15609 = EDGE_LOOP('',(#15610));
#15610 = ORIENTED_EDGE('',*,*,#15611,.T.);
#15611 = EDGE_CURVE('',#15612,#15612,#15614,.T.);
#15612 = VERTEX_POINT('',#15613);
#15613 = CARTESIAN_POINT('',(145.3,-135.775,1.55));
#15614 = CIRCLE('',#15615,0.275);
#15615 = AXIS2_PLACEMENT_3D('',#15616,#15617,#15618);
#15616 = CARTESIAN_POINT('',(145.3,-135.5,1.55));
#15617 = DIRECTION('',(-0.,0.,-1.));
#15618 = DIRECTION('',(-0.,-1.,0.));
#15619 = PLANE('',#15620);
#15620 = AXIS2_PLACEMENT_3D('',#15621,#15622,#15623);
#15621 = CARTESIAN_POINT('',(0.,0.,1.55));
#15622 = DIRECTION('',(0.,0.,1.));
#15623 = DIRECTION('',(1.,0.,-0.));
#15624 = ADVANCED_FACE('',(#15625),#15636,.T.);
#15625 = FACE_BOUND('',#15626,.T.);
#15626 = EDGE_LOOP('',(#15627,#15633,#15634,#15635));
#15627 = ORIENTED_EDGE('',*,*,#15628,.T.);
#15628 = EDGE_CURVE('',#15505,#15568,#15629,.T.);
#15629 = LINE('',#15630,#15631);
#15630 = CARTESIAN_POINT('',(144.75,-136.3,1.51));
#15631 = VECTOR('',#15632,1.);
#15632 = DIRECTION('',(0.,0.,1.));
#15633 = ORIENTED_EDGE('',*,*,#15567,.T.);
#15634 = ORIENTED_EDGE('',*,*,#15440,.F.);
#15635 = ORIENTED_EDGE('',*,*,#15504,.F.);
#15636 = CYLINDRICAL_SURFACE('',#15637,0.249998959685);
#15637 = AXIS2_PLACEMENT_3D('',#15638,#15639,#15640);
#15638 = CARTESIAN_POINT('',(144.74999895968,-136.0500010403,1.51));
#15639 = DIRECTION('',(0.,0.,-1.));
#15640 = DIRECTION('',(4.161285723379E-06,-0.999999999991,0.));
#15641 = ADVANCED_FACE('',(#15642),#15653,.T.);
#15642 = FACE_BOUND('',#15643,.T.);
#15643 = EDGE_LOOP('',(#15644,#15645,#15646,#15652));
#15644 = ORIENTED_EDGE('',*,*,#15480,.T.);
#15645 = ORIENTED_EDGE('',*,*,#15601,.T.);
#15646 = ORIENTED_EDGE('',*,*,#15647,.F.);
#15647 = EDGE_CURVE('',#15531,#15594,#15648,.T.);
#15648 = LINE('',#15649,#15650);
#15649 = CARTESIAN_POINT('',(146.1,-134.95,1.51));
#15650 = VECTOR('',#15651,1.);
#15651 = DIRECTION('',(0.,0.,1.));
#15652 = ORIENTED_EDGE('',*,*,#15538,.F.);
#15653 = CYLINDRICAL_SURFACE('',#15654,0.249998959685);
#15654 = AXIS2_PLACEMENT_3D('',#15655,#15656,#15657);
#15655 = CARTESIAN_POINT('',(145.85000104031,-134.9499989596,1.51));
#15656 = DIRECTION('',(0.,0.,-1.));
#15657 = DIRECTION('',(-4.161285837067E-06,0.999999999991,0.));
#15658 = ADVANCED_FACE('',(#15659),#15670,.T.);
#15659 = FACE_BOUND('',#15660,.T.);
#15660 = EDGE_LOOP('',(#15661,#15667,#15668,#15669));
#15661 = ORIENTED_EDGE('',*,*,#15662,.T.);
#15662 = EDGE_CURVE('',#15514,#15577,#15663,.T.);
#15663 = LINE('',#15664,#15665);
#15664 = CARTESIAN_POINT('',(145.85,-136.3,1.51));
#15665 = VECTOR('',#15666,1.);
#15666 = DIRECTION('',(0.,0.,1.));
#15667 = ORIENTED_EDGE('',*,*,#15576,.T.);
#15668 = ORIENTED_EDGE('',*,*,#15628,.F.);
#15669 = ORIENTED_EDGE('',*,*,#15513,.F.);
#15670 = PLANE('',#15671);
#15671 = AXIS2_PLACEMENT_3D('',#15672,#15673,#15674);
#15672 = CARTESIAN_POINT('',(145.85,-136.3,1.51));
#15673 = DIRECTION('',(0.,-1.,0.));
#15674 = DIRECTION('',(-1.,0.,0.));
#15675 = ADVANCED_FACE('',(#15676),#15687,.T.);
#15676 = FACE_BOUND('',#15677,.T.);
#15677 = EDGE_LOOP('',(#15678,#15679,#15680,#15686));
#15678 = ORIENTED_EDGE('',*,*,#15647,.T.);
#15679 = ORIENTED_EDGE('',*,*,#15593,.T.);
#15680 = ORIENTED_EDGE('',*,*,#15681,.F.);
#15681 = EDGE_CURVE('',#15522,#15585,#15682,.T.);
#15682 = LINE('',#15683,#15684);
#15683 = CARTESIAN_POINT('',(146.1,-136.05,1.51));
#15684 = VECTOR('',#15685,1.);
#15685 = DIRECTION('',(0.,0.,1.));
#15686 = ORIENTED_EDGE('',*,*,#15530,.F.);
#15687 = PLANE('',#15688);
#15688 = AXIS2_PLACEMENT_3D('',#15689,#15690,#15691);
#15689 = CARTESIAN_POINT('',(146.1,-134.95,1.51));
#15690 = DIRECTION('',(1.,0.,-0.));
#15691 = DIRECTION('',(0.,-1.,0.));
#15692 = ADVANCED_FACE('',(#15693),#15699,.T.);
#15693 = FACE_BOUND('',#15694,.T.);
#15694 = EDGE_LOOP('',(#15695,#15696,#15697,#15698));
#15695 = ORIENTED_EDGE('',*,*,#15681,.T.);
#15696 = ORIENTED_EDGE('',*,*,#15584,.T.);
#15697 = ORIENTED_EDGE('',*,*,#15662,.F.);
#15698 = ORIENTED_EDGE('',*,*,#15521,.F.);
#15699 = CYLINDRICAL_SURFACE('',#15700,0.249998959685);
#15700 = AXIS2_PLACEMENT_3D('',#15701,#15702,#15703);
#15701 = CARTESIAN_POINT('',(145.85000104031,-136.0500010403,1.51));
#15702 = DIRECTION('',(0.,0.,-1.));
#15703 = DIRECTION('',(0.999999999991,4.161285950754E-06,0.));
#15704 = ADVANCED_FACE('',(#15705),#15716,.F.);
#15705 = FACE_BOUND('',#15706,.T.);
#15706 = EDGE_LOOP('',(#15707,#15708,#15714,#15715));
#15707 = ORIENTED_EDGE('',*,*,#15548,.T.);
#15708 = ORIENTED_EDGE('',*,*,#15709,.T.);
#15709 = EDGE_CURVE('',#15549,#15612,#15710,.T.);
#15710 = LINE('',#15711,#15712);
#15711 = CARTESIAN_POINT('',(145.3,-135.775,-4.6E-02));
#15712 = VECTOR('',#15713,1.);
#15713 = DIRECTION('',(0.,0.,1.));
#15714 = ORIENTED_EDGE('',*,*,#15611,.F.);
#15715 = ORIENTED_EDGE('',*,*,#15709,.F.);
#15716 = CYLINDRICAL_SURFACE('',#15717,0.275);
#15717 = AXIS2_PLACEMENT_3D('',#15718,#15719,#15720);
#15718 = CARTESIAN_POINT('',(145.3,-135.5,-4.6E-02));
#15719 = DIRECTION('',(-0.,-0.,-1.));
#15720 = DIRECTION('',(-0.,-1.,0.));
#15721 = MANIFOLD_SOLID_BREP('',#15722);
#15722 = CLOSED_SHELL('',(#15723,#15765,#15796,#15827,#15890,#15953,
    #15970,#15987,#16004,#16021,#16033));
#15723 = ADVANCED_FACE('',(#15724),#15760,.T.);
#15724 = FACE_BOUND('',#15725,.F.);
#15725 = EDGE_LOOP('',(#15726,#15736,#15745,#15753));
#15726 = ORIENTED_EDGE('',*,*,#15727,.T.);
#15727 = EDGE_CURVE('',#15728,#15730,#15732,.T.);
#15728 = VERTEX_POINT('',#15729);
#15729 = CARTESIAN_POINT('',(144.5,-134.95,0.));
#15730 = VERTEX_POINT('',#15731);
#15731 = CARTESIAN_POINT('',(144.5,-134.95,-4.E-02));
#15732 = LINE('',#15733,#15734);
#15733 = CARTESIAN_POINT('',(144.5,-134.95,0.));
#15734 = VECTOR('',#15735,1.);
#15735 = DIRECTION('',(0.,0.,-1.));
#15736 = ORIENTED_EDGE('',*,*,#15737,.T.);
#15737 = EDGE_CURVE('',#15730,#15738,#15740,.T.);
#15738 = VERTEX_POINT('',#15739);
#15739 = CARTESIAN_POINT('',(144.75,-134.7,-4.E-02));
#15740 = CIRCLE('',#15741,0.249998959685);
#15741 = AXIS2_PLACEMENT_3D('',#15742,#15743,#15744);
#15742 = CARTESIAN_POINT('',(144.74999895968,-134.9499989596,-4.E-02));
#15743 = DIRECTION('',(0.,0.,-1.));
#15744 = DIRECTION('',(-0.999999999991,-4.161285723379E-06,-0.));
#15745 = ORIENTED_EDGE('',*,*,#15746,.F.);
#15746 = EDGE_CURVE('',#15747,#15738,#15749,.T.);
#15747 = VERTEX_POINT('',#15748);
#15748 = CARTESIAN_POINT('',(144.75,-134.7,0.));
#15749 = LINE('',#15750,#15751);
#15750 = CARTESIAN_POINT('',(144.75,-134.7,0.));
#15751 = VECTOR('',#15752,1.);
#15752 = DIRECTION('',(0.,0.,-1.));
#15753 = ORIENTED_EDGE('',*,*,#15754,.F.);
#15754 = EDGE_CURVE('',#15728,#15747,#15755,.T.);
#15755 = CIRCLE('',#15756,0.249998959685);
#15756 = AXIS2_PLACEMENT_3D('',#15757,#15758,#15759);
#15757 = CARTESIAN_POINT('',(144.74999895968,-134.9499989596,0.));
#15758 = DIRECTION('',(0.,0.,-1.));
#15759 = DIRECTION('',(-0.999999999991,-4.161285723379E-06,-0.));
#15760 = CYLINDRICAL_SURFACE('',#15761,0.249998959685);
#15761 = AXIS2_PLACEMENT_3D('',#15762,#15763,#15764);
#15762 = CARTESIAN_POINT('',(144.74999895968,-134.9499989596,0.));
#15763 = DIRECTION('',(-0.,-0.,1.));
#15764 = DIRECTION('',(-0.999999999991,-4.161285723379E-06,-0.));
#15765 = ADVANCED_FACE('',(#15766),#15791,.F.);
#15766 = FACE_BOUND('',#15767,.F.);
#15767 = EDGE_LOOP('',(#15768,#15778,#15784,#15785));
#15768 = ORIENTED_EDGE('',*,*,#15769,.T.);
#15769 = EDGE_CURVE('',#15770,#15772,#15774,.T.);
#15770 = VERTEX_POINT('',#15771);
#15771 = CARTESIAN_POINT('',(144.5,-136.05,0.));
#15772 = VERTEX_POINT('',#15773);
#15773 = CARTESIAN_POINT('',(144.5,-136.05,-4.E-02));
#15774 = LINE('',#15775,#15776);
#15775 = CARTESIAN_POINT('',(144.5,-136.05,0.));
#15776 = VECTOR('',#15777,1.);
#15777 = DIRECTION('',(0.,0.,-1.));
#15778 = ORIENTED_EDGE('',*,*,#15779,.T.);
#15779 = EDGE_CURVE('',#15772,#15730,#15780,.T.);
#15780 = LINE('',#15781,#15782);
#15781 = CARTESIAN_POINT('',(144.5,-136.05,-4.E-02));
#15782 = VECTOR('',#15783,1.);
#15783 = DIRECTION('',(0.,1.,0.));
#15784 = ORIENTED_EDGE('',*,*,#15727,.F.);
#15785 = ORIENTED_EDGE('',*,*,#15786,.F.);
#15786 = EDGE_CURVE('',#15770,#15728,#15787,.T.);
#15787 = LINE('',#15788,#15789);
#15788 = CARTESIAN_POINT('',(144.5,-136.05,0.));
#15789 = VECTOR('',#15790,1.);
#15790 = DIRECTION('',(0.,1.,0.));
#15791 = PLANE('',#15792);
#15792 = AXIS2_PLACEMENT_3D('',#15793,#15794,#15795);
#15793 = CARTESIAN_POINT('',(144.5,-136.05,0.));
#15794 = DIRECTION('',(1.,-0.,0.));
#15795 = DIRECTION('',(0.,1.,0.));
#15796 = ADVANCED_FACE('',(#15797),#15822,.F.);
#15797 = FACE_BOUND('',#15798,.F.);
#15798 = EDGE_LOOP('',(#15799,#15800,#15808,#15816));
#15799 = ORIENTED_EDGE('',*,*,#15746,.T.);
#15800 = ORIENTED_EDGE('',*,*,#15801,.T.);
#15801 = EDGE_CURVE('',#15738,#15802,#15804,.T.);
#15802 = VERTEX_POINT('',#15803);
#15803 = CARTESIAN_POINT('',(145.85,-134.7,-4.E-02));
#15804 = LINE('',#15805,#15806);
#15805 = CARTESIAN_POINT('',(144.75,-134.7,-4.E-02));
#15806 = VECTOR('',#15807,1.);
#15807 = DIRECTION('',(1.,0.,0.));
#15808 = ORIENTED_EDGE('',*,*,#15809,.F.);
#15809 = EDGE_CURVE('',#15810,#15802,#15812,.T.);
#15810 = VERTEX_POINT('',#15811);
#15811 = CARTESIAN_POINT('',(145.85,-134.7,0.));
#15812 = LINE('',#15813,#15814);
#15813 = CARTESIAN_POINT('',(145.85,-134.7,0.));
#15814 = VECTOR('',#15815,1.);
#15815 = DIRECTION('',(0.,0.,-1.));
#15816 = ORIENTED_EDGE('',*,*,#15817,.F.);
#15817 = EDGE_CURVE('',#15747,#15810,#15818,.T.);
#15818 = LINE('',#15819,#15820);
#15819 = CARTESIAN_POINT('',(144.75,-134.7,0.));
#15820 = VECTOR('',#15821,1.);
#15821 = DIRECTION('',(1.,0.,0.));
#15822 = PLANE('',#15823);
#15823 = AXIS2_PLACEMENT_3D('',#15824,#15825,#15826);
#15824 = CARTESIAN_POINT('',(144.75,-134.7,0.));
#15825 = DIRECTION('',(0.,-1.,0.));
#15826 = DIRECTION('',(1.,0.,0.));
#15827 = ADVANCED_FACE('',(#15828,#15874),#15885,.F.);
#15828 = FACE_BOUND('',#15829,.F.);
#15829 = EDGE_LOOP('',(#15830,#15831,#15832,#15841,#15849,#15858,#15866,
    #15873));
#15830 = ORIENTED_EDGE('',*,*,#15754,.T.);
#15831 = ORIENTED_EDGE('',*,*,#15817,.T.);
#15832 = ORIENTED_EDGE('',*,*,#15833,.T.);
#15833 = EDGE_CURVE('',#15810,#15834,#15836,.T.);
#15834 = VERTEX_POINT('',#15835);
#15835 = CARTESIAN_POINT('',(146.1,-134.95,0.));
#15836 = CIRCLE('',#15837,0.249998959685);
#15837 = AXIS2_PLACEMENT_3D('',#15838,#15839,#15840);
#15838 = CARTESIAN_POINT('',(145.85000104031,-134.9499989596,0.));
#15839 = DIRECTION('',(0.,0.,-1.));
#15840 = DIRECTION('',(-4.161285837067E-06,0.999999999991,0.));
#15841 = ORIENTED_EDGE('',*,*,#15842,.T.);
#15842 = EDGE_CURVE('',#15834,#15843,#15845,.T.);
#15843 = VERTEX_POINT('',#15844);
#15844 = CARTESIAN_POINT('',(146.1,-136.05,0.));
#15845 = LINE('',#15846,#15847);
#15846 = CARTESIAN_POINT('',(146.1,-134.95,0.));
#15847 = VECTOR('',#15848,1.);
#15848 = DIRECTION('',(0.,-1.,0.));
#15849 = ORIENTED_EDGE('',*,*,#15850,.T.);
#15850 = EDGE_CURVE('',#15843,#15851,#15853,.T.);
#15851 = VERTEX_POINT('',#15852);
#15852 = CARTESIAN_POINT('',(145.85,-136.3,0.));
#15853 = CIRCLE('',#15854,0.249998959685);
#15854 = AXIS2_PLACEMENT_3D('',#15855,#15856,#15857);
#15855 = CARTESIAN_POINT('',(145.85000104031,-136.0500010403,0.));
#15856 = DIRECTION('',(0.,0.,-1.));
#15857 = DIRECTION('',(0.999999999991,4.161285950754E-06,0.));
#15858 = ORIENTED_EDGE('',*,*,#15859,.T.);
#15859 = EDGE_CURVE('',#15851,#15860,#15862,.T.);
#15860 = VERTEX_POINT('',#15861);
#15861 = CARTESIAN_POINT('',(144.75,-136.3,0.));
#15862 = LINE('',#15863,#15864);
#15863 = CARTESIAN_POINT('',(145.85,-136.3,0.));
#15864 = VECTOR('',#15865,1.);
#15865 = DIRECTION('',(-1.,0.,0.));
#15866 = ORIENTED_EDGE('',*,*,#15867,.T.);
#15867 = EDGE_CURVE('',#15860,#15770,#15868,.T.);
#15868 = CIRCLE('',#15869,0.249998959685);
#15869 = AXIS2_PLACEMENT_3D('',#15870,#15871,#15872);
#15870 = CARTESIAN_POINT('',(144.74999895968,-136.0500010403,0.));
#15871 = DIRECTION('',(0.,0.,-1.));
#15872 = DIRECTION('',(4.161285723379E-06,-0.999999999991,0.));
#15873 = ORIENTED_EDGE('',*,*,#15786,.T.);
#15874 = FACE_BOUND('',#15875,.F.);
#15875 = EDGE_LOOP('',(#15876));
#15876 = ORIENTED_EDGE('',*,*,#15877,.F.);
#15877 = EDGE_CURVE('',#15878,#15878,#15880,.T.);
#15878 = VERTEX_POINT('',#15879);
#15879 = CARTESIAN_POINT('',(145.3,-135.775,0.));
#15880 = CIRCLE('',#15881,0.275);
#15881 = AXIS2_PLACEMENT_3D('',#15882,#15883,#15884);
#15882 = CARTESIAN_POINT('',(145.3,-135.5,0.));
#15883 = DIRECTION('',(-0.,0.,-1.));
#15884 = DIRECTION('',(-0.,-1.,0.));
#15885 = PLANE('',#15886);
#15886 = AXIS2_PLACEMENT_3D('',#15887,#15888,#15889);
#15887 = CARTESIAN_POINT('',(0.,0.,0.));
#15888 = DIRECTION('',(-0.,-0.,-1.));
#15889 = DIRECTION('',(-1.,0.,0.));
#15890 = ADVANCED_FACE('',(#15891,#15937),#15948,.T.);
#15891 = FACE_BOUND('',#15892,.T.);
#15892 = EDGE_LOOP('',(#15893,#15894,#15895,#15904,#15912,#15921,#15929,
    #15936));
#15893 = ORIENTED_EDGE('',*,*,#15737,.T.);
#15894 = ORIENTED_EDGE('',*,*,#15801,.T.);
#15895 = ORIENTED_EDGE('',*,*,#15896,.T.);
#15896 = EDGE_CURVE('',#15802,#15897,#15899,.T.);
#15897 = VERTEX_POINT('',#15898);
#15898 = CARTESIAN_POINT('',(146.1,-134.95,-4.E-02));
#15899 = CIRCLE('',#15900,0.249998959685);
#15900 = AXIS2_PLACEMENT_3D('',#15901,#15902,#15903);
#15901 = CARTESIAN_POINT('',(145.85000104031,-134.9499989596,-4.E-02));
#15902 = DIRECTION('',(0.,0.,-1.));
#15903 = DIRECTION('',(-4.161285837067E-06,0.999999999991,0.));
#15904 = ORIENTED_EDGE('',*,*,#15905,.T.);
#15905 = EDGE_CURVE('',#15897,#15906,#15908,.T.);
#15906 = VERTEX_POINT('',#15907);
#15907 = CARTESIAN_POINT('',(146.1,-136.05,-4.E-02));
#15908 = LINE('',#15909,#15910);
#15909 = CARTESIAN_POINT('',(146.1,-134.95,-4.E-02));
#15910 = VECTOR('',#15911,1.);
#15911 = DIRECTION('',(0.,-1.,0.));
#15912 = ORIENTED_EDGE('',*,*,#15913,.T.);
#15913 = EDGE_CURVE('',#15906,#15914,#15916,.T.);
#15914 = VERTEX_POINT('',#15915);
#15915 = CARTESIAN_POINT('',(145.85,-136.3,-4.E-02));
#15916 = CIRCLE('',#15917,0.249998959685);
#15917 = AXIS2_PLACEMENT_3D('',#15918,#15919,#15920);
#15918 = CARTESIAN_POINT('',(145.85000104031,-136.0500010403,-4.E-02));
#15919 = DIRECTION('',(0.,0.,-1.));
#15920 = DIRECTION('',(0.999999999991,4.161285950754E-06,0.));
#15921 = ORIENTED_EDGE('',*,*,#15922,.T.);
#15922 = EDGE_CURVE('',#15914,#15923,#15925,.T.);
#15923 = VERTEX_POINT('',#15924);
#15924 = CARTESIAN_POINT('',(144.75,-136.3,-4.E-02));
#15925 = LINE('',#15926,#15927);
#15926 = CARTESIAN_POINT('',(145.85,-136.3,-4.E-02));
#15927 = VECTOR('',#15928,1.);
#15928 = DIRECTION('',(-1.,0.,0.));
#15929 = ORIENTED_EDGE('',*,*,#15930,.T.);
#15930 = EDGE_CURVE('',#15923,#15772,#15931,.T.);
#15931 = CIRCLE('',#15932,0.249998959685);
#15932 = AXIS2_PLACEMENT_3D('',#15933,#15934,#15935);
#15933 = CARTESIAN_POINT('',(144.74999895968,-136.0500010403,-4.E-02));
#15934 = DIRECTION('',(0.,0.,-1.));
#15935 = DIRECTION('',(4.161285723379E-06,-0.999999999991,0.));
#15936 = ORIENTED_EDGE('',*,*,#15779,.T.);
#15937 = FACE_BOUND('',#15938,.T.);
#15938 = EDGE_LOOP('',(#15939));
#15939 = ORIENTED_EDGE('',*,*,#15940,.F.);
#15940 = EDGE_CURVE('',#15941,#15941,#15943,.T.);
#15941 = VERTEX_POINT('',#15942);
#15942 = CARTESIAN_POINT('',(145.3,-135.775,-4.E-02));
#15943 = CIRCLE('',#15944,0.275);
#15944 = AXIS2_PLACEMENT_3D('',#15945,#15946,#15947);
#15945 = CARTESIAN_POINT('',(145.3,-135.5,-4.E-02));
#15946 = DIRECTION('',(-0.,0.,-1.));
#15947 = DIRECTION('',(-0.,-1.,0.));
#15948 = PLANE('',#15949);
#15949 = AXIS2_PLACEMENT_3D('',#15950,#15951,#15952);
#15950 = CARTESIAN_POINT('',(0.,0.,-4.E-02));
#15951 = DIRECTION('',(-0.,-0.,-1.));
#15952 = DIRECTION('',(-1.,0.,0.));
#15953 = ADVANCED_FACE('',(#15954),#15965,.T.);
#15954 = FACE_BOUND('',#15955,.F.);
#15955 = EDGE_LOOP('',(#15956,#15962,#15963,#15964));
#15956 = ORIENTED_EDGE('',*,*,#15957,.T.);
#15957 = EDGE_CURVE('',#15860,#15923,#15958,.T.);
#15958 = LINE('',#15959,#15960);
#15959 = CARTESIAN_POINT('',(144.75,-136.3,0.));
#15960 = VECTOR('',#15961,1.);
#15961 = DIRECTION('',(0.,0.,-1.));
#15962 = ORIENTED_EDGE('',*,*,#15930,.T.);
#15963 = ORIENTED_EDGE('',*,*,#15769,.F.);
#15964 = ORIENTED_EDGE('',*,*,#15867,.F.);
#15965 = CYLINDRICAL_SURFACE('',#15966,0.249998959685);
#15966 = AXIS2_PLACEMENT_3D('',#15967,#15968,#15969);
#15967 = CARTESIAN_POINT('',(144.74999895968,-136.0500010403,0.));
#15968 = DIRECTION('',(-0.,-0.,1.));
#15969 = DIRECTION('',(4.161285723379E-06,-0.999999999991,0.));
#15970 = ADVANCED_FACE('',(#15971),#15982,.T.);
#15971 = FACE_BOUND('',#15972,.F.);
#15972 = EDGE_LOOP('',(#15973,#15974,#15975,#15981));
#15973 = ORIENTED_EDGE('',*,*,#15809,.T.);
#15974 = ORIENTED_EDGE('',*,*,#15896,.T.);
#15975 = ORIENTED_EDGE('',*,*,#15976,.F.);
#15976 = EDGE_CURVE('',#15834,#15897,#15977,.T.);
#15977 = LINE('',#15978,#15979);
#15978 = CARTESIAN_POINT('',(146.1,-134.95,0.));
#15979 = VECTOR('',#15980,1.);
#15980 = DIRECTION('',(0.,0.,-1.));
#15981 = ORIENTED_EDGE('',*,*,#15833,.F.);
#15982 = CYLINDRICAL_SURFACE('',#15983,0.249998959685);
#15983 = AXIS2_PLACEMENT_3D('',#15984,#15985,#15986);
#15984 = CARTESIAN_POINT('',(145.85000104031,-134.9499989596,0.));
#15985 = DIRECTION('',(-0.,-0.,1.));
#15986 = DIRECTION('',(-4.161285837067E-06,0.999999999991,0.));
#15987 = ADVANCED_FACE('',(#15988),#15999,.F.);
#15988 = FACE_BOUND('',#15989,.F.);
#15989 = EDGE_LOOP('',(#15990,#15996,#15997,#15998));
#15990 = ORIENTED_EDGE('',*,*,#15991,.T.);
#15991 = EDGE_CURVE('',#15851,#15914,#15992,.T.);
#15992 = LINE('',#15993,#15994);
#15993 = CARTESIAN_POINT('',(145.85,-136.3,0.));
#15994 = VECTOR('',#15995,1.);
#15995 = DIRECTION('',(0.,0.,-1.));
#15996 = ORIENTED_EDGE('',*,*,#15922,.T.);
#15997 = ORIENTED_EDGE('',*,*,#15957,.F.);
#15998 = ORIENTED_EDGE('',*,*,#15859,.F.);
#15999 = PLANE('',#16000);
#16000 = AXIS2_PLACEMENT_3D('',#16001,#16002,#16003);
#16001 = CARTESIAN_POINT('',(145.85,-136.3,0.));
#16002 = DIRECTION('',(0.,1.,0.));
#16003 = DIRECTION('',(-1.,0.,0.));
#16004 = ADVANCED_FACE('',(#16005),#16016,.F.);
#16005 = FACE_BOUND('',#16006,.F.);
#16006 = EDGE_LOOP('',(#16007,#16008,#16009,#16015));
#16007 = ORIENTED_EDGE('',*,*,#15976,.T.);
#16008 = ORIENTED_EDGE('',*,*,#15905,.T.);
#16009 = ORIENTED_EDGE('',*,*,#16010,.F.);
#16010 = EDGE_CURVE('',#15843,#15906,#16011,.T.);
#16011 = LINE('',#16012,#16013);
#16012 = CARTESIAN_POINT('',(146.1,-136.05,0.));
#16013 = VECTOR('',#16014,1.);
#16014 = DIRECTION('',(0.,0.,-1.));
#16015 = ORIENTED_EDGE('',*,*,#15842,.F.);
#16016 = PLANE('',#16017);
#16017 = AXIS2_PLACEMENT_3D('',#16018,#16019,#16020);
#16018 = CARTESIAN_POINT('',(146.1,-134.95,0.));
#16019 = DIRECTION('',(-1.,-0.,-0.));
#16020 = DIRECTION('',(0.,-1.,0.));
#16021 = ADVANCED_FACE('',(#16022),#16028,.T.);
#16022 = FACE_BOUND('',#16023,.F.);
#16023 = EDGE_LOOP('',(#16024,#16025,#16026,#16027));
#16024 = ORIENTED_EDGE('',*,*,#16010,.T.);
#16025 = ORIENTED_EDGE('',*,*,#15913,.T.);
#16026 = ORIENTED_EDGE('',*,*,#15991,.F.);
#16027 = ORIENTED_EDGE('',*,*,#15850,.F.);
#16028 = CYLINDRICAL_SURFACE('',#16029,0.249998959685);
#16029 = AXIS2_PLACEMENT_3D('',#16030,#16031,#16032);
#16030 = CARTESIAN_POINT('',(145.85000104031,-136.0500010403,0.));
#16031 = DIRECTION('',(-0.,-0.,1.));
#16032 = DIRECTION('',(0.999999999991,4.161285950754E-06,0.));
#16033 = ADVANCED_FACE('',(#16034),#16045,.F.);
#16034 = FACE_BOUND('',#16035,.T.);
#16035 = EDGE_LOOP('',(#16036,#16037,#16043,#16044));
#16036 = ORIENTED_EDGE('',*,*,#15940,.T.);
#16037 = ORIENTED_EDGE('',*,*,#16038,.T.);
#16038 = EDGE_CURVE('',#15941,#15878,#16039,.T.);
#16039 = LINE('',#16040,#16041);
#16040 = CARTESIAN_POINT('',(145.3,-135.775,-4.6E-02));
#16041 = VECTOR('',#16042,1.);
#16042 = DIRECTION('',(0.,0.,1.));
#16043 = ORIENTED_EDGE('',*,*,#15877,.F.);
#16044 = ORIENTED_EDGE('',*,*,#16038,.F.);
#16045 = CYLINDRICAL_SURFACE('',#16046,0.275);
#16046 = AXIS2_PLACEMENT_3D('',#16047,#16048,#16049);
#16047 = CARTESIAN_POINT('',(145.3,-135.5,-4.6E-02));
#16048 = DIRECTION('',(-0.,-0.,-1.));
#16049 = DIRECTION('',(-0.,-1.,0.));
#16050 = MANIFOLD_SOLID_BREP('',#16051);
#16051 = CLOSED_SHELL('',(#16052,#16085,#16105,#16125));
#16052 = ADVANCED_FACE('',(#16053),#16080,.T.);
#16053 = FACE_BOUND('',#16054,.F.);
#16054 = EDGE_LOOP('',(#16055,#16065,#16072,#16073));
#16055 = ORIENTED_EDGE('',*,*,#16056,.T.);
#16056 = EDGE_CURVE('',#16057,#16059,#16061,.T.);
#16057 = VERTEX_POINT('',#16058);
#16058 = CARTESIAN_POINT('',(145.3,-135.8,-4.E-02));
#16059 = VERTEX_POINT('',#16060);
#16060 = CARTESIAN_POINT('',(145.3,-135.8,1.55));
#16061 = LINE('',#16062,#16063);
#16062 = CARTESIAN_POINT('',(145.3,-135.8,-4.E-02));
#16063 = VECTOR('',#16064,1.);
#16064 = DIRECTION('',(0.,0.,1.));
#16065 = ORIENTED_EDGE('',*,*,#16066,.T.);
#16066 = EDGE_CURVE('',#16059,#16059,#16067,.T.);
#16067 = CIRCLE('',#16068,0.3);
#16068 = AXIS2_PLACEMENT_3D('',#16069,#16070,#16071);
#16069 = CARTESIAN_POINT('',(145.3,-135.5,1.55));
#16070 = DIRECTION('',(0.,0.,1.));
#16071 = DIRECTION('',(-0.,-1.,0.));
#16072 = ORIENTED_EDGE('',*,*,#16056,.F.);
#16073 = ORIENTED_EDGE('',*,*,#16074,.F.);
#16074 = EDGE_CURVE('',#16057,#16057,#16075,.T.);
#16075 = CIRCLE('',#16076,0.3);
#16076 = AXIS2_PLACEMENT_3D('',#16077,#16078,#16079);
#16077 = CARTESIAN_POINT('',(145.3,-135.5,-4.E-02));
#16078 = DIRECTION('',(0.,0.,1.));
#16079 = DIRECTION('',(-0.,-1.,0.));
#16080 = CYLINDRICAL_SURFACE('',#16081,0.3);
#16081 = AXIS2_PLACEMENT_3D('',#16082,#16083,#16084);
#16082 = CARTESIAN_POINT('',(145.3,-135.5,-4.E-02));
#16083 = DIRECTION('',(-0.,-0.,-1.));
#16084 = DIRECTION('',(-0.,-1.,0.));
#16085 = ADVANCED_FACE('',(#16086,#16089),#16100,.F.);
#16086 = FACE_BOUND('',#16087,.F.);
#16087 = EDGE_LOOP('',(#16088));
#16088 = ORIENTED_EDGE('',*,*,#16074,.T.);
#16089 = FACE_BOUND('',#16090,.F.);
#16090 = EDGE_LOOP('',(#16091));
#16091 = ORIENTED_EDGE('',*,*,#16092,.T.);
#16092 = EDGE_CURVE('',#16093,#16093,#16095,.T.);
#16093 = VERTEX_POINT('',#16094);
#16094 = CARTESIAN_POINT('',(145.3,-135.775,-4.E-02));
#16095 = CIRCLE('',#16096,0.275);
#16096 = AXIS2_PLACEMENT_3D('',#16097,#16098,#16099);
#16097 = CARTESIAN_POINT('',(145.3,-135.5,-4.E-02));
#16098 = DIRECTION('',(-0.,0.,-1.));
#16099 = DIRECTION('',(-0.,-1.,0.));
#16100 = PLANE('',#16101);
#16101 = AXIS2_PLACEMENT_3D('',#16102,#16103,#16104);
#16102 = CARTESIAN_POINT('',(145.3,-135.8,-4.E-02));
#16103 = DIRECTION('',(0.,0.,1.));
#16104 = DIRECTION('',(1.,0.,-0.));
#16105 = ADVANCED_FACE('',(#16106,#16109),#16120,.T.);
#16106 = FACE_BOUND('',#16107,.T.);
#16107 = EDGE_LOOP('',(#16108));
#16108 = ORIENTED_EDGE('',*,*,#16066,.T.);
#16109 = FACE_BOUND('',#16110,.T.);
#16110 = EDGE_LOOP('',(#16111));
#16111 = ORIENTED_EDGE('',*,*,#16112,.T.);
#16112 = EDGE_CURVE('',#16113,#16113,#16115,.T.);
#16113 = VERTEX_POINT('',#16114);
#16114 = CARTESIAN_POINT('',(145.3,-135.775,1.55));
#16115 = CIRCLE('',#16116,0.275);
#16116 = AXIS2_PLACEMENT_3D('',#16117,#16118,#16119);
#16117 = CARTESIAN_POINT('',(145.3,-135.5,1.55));
#16118 = DIRECTION('',(-0.,0.,-1.));
#16119 = DIRECTION('',(-0.,-1.,0.));
#16120 = PLANE('',#16121);
#16121 = AXIS2_PLACEMENT_3D('',#16122,#16123,#16124);
#16122 = CARTESIAN_POINT('',(145.3,-135.8,1.55));
#16123 = DIRECTION('',(0.,0.,1.));
#16124 = DIRECTION('',(1.,0.,-0.));
#16125 = ADVANCED_FACE('',(#16126),#16137,.F.);
#16126 = FACE_BOUND('',#16127,.T.);
#16127 = EDGE_LOOP('',(#16128,#16129,#16135,#16136));
#16128 = ORIENTED_EDGE('',*,*,#16092,.T.);
#16129 = ORIENTED_EDGE('',*,*,#16130,.T.);
#16130 = EDGE_CURVE('',#16093,#16113,#16131,.T.);
#16131 = LINE('',#16132,#16133);
#16132 = CARTESIAN_POINT('',(145.3,-135.775,-4.6E-02));
#16133 = VECTOR('',#16134,1.);
#16134 = DIRECTION('',(0.,0.,1.));
#16135 = ORIENTED_EDGE('',*,*,#16112,.F.);
#16136 = ORIENTED_EDGE('',*,*,#16130,.F.);
#16137 = CYLINDRICAL_SURFACE('',#16138,0.275);
#16138 = AXIS2_PLACEMENT_3D('',#16139,#16140,#16141);
#16139 = CARTESIAN_POINT('',(145.3,-135.5,-4.6E-02));
#16140 = DIRECTION('',(-0.,-0.,-1.));
#16141 = DIRECTION('',(-0.,-1.,0.));
#16142 = MANIFOLD_SOLID_BREP('',#16143);
#16143 = CLOSED_SHELL('',(#16144,#16186,#16217,#16248,#16311,#16374,
    #16391,#16408,#16425,#16442,#16454));
#16144 = ADVANCED_FACE('',(#16145),#16181,.T.);
#16145 = FACE_BOUND('',#16146,.T.);
#16146 = EDGE_LOOP('',(#16147,#16157,#16166,#16174));
#16147 = ORIENTED_EDGE('',*,*,#16148,.T.);
#16148 = EDGE_CURVE('',#16149,#16151,#16153,.T.);
#16149 = VERTEX_POINT('',#16150);
#16150 = CARTESIAN_POINT('',(148.1,-134.95,1.51));
#16151 = VERTEX_POINT('',#16152);
#16152 = CARTESIAN_POINT('',(148.1,-134.95,1.55));
#16153 = LINE('',#16154,#16155);
#16154 = CARTESIAN_POINT('',(148.1,-134.95,1.51));
#16155 = VECTOR('',#16156,1.);
#16156 = DIRECTION('',(0.,0.,1.));
#16157 = ORIENTED_EDGE('',*,*,#16158,.T.);
#16158 = EDGE_CURVE('',#16151,#16159,#16161,.T.);
#16159 = VERTEX_POINT('',#16160);
#16160 = CARTESIAN_POINT('',(148.35,-134.7,1.55));
#16161 = CIRCLE('',#16162,0.249998959685);
#16162 = AXIS2_PLACEMENT_3D('',#16163,#16164,#16165);
#16163 = CARTESIAN_POINT('',(148.34999895968,-134.9499989596,1.55));
#16164 = DIRECTION('',(0.,0.,-1.));
#16165 = DIRECTION('',(-0.999999999991,-4.161285723378E-06,-0.));
#16166 = ORIENTED_EDGE('',*,*,#16167,.F.);
#16167 = EDGE_CURVE('',#16168,#16159,#16170,.T.);
#16168 = VERTEX_POINT('',#16169);
#16169 = CARTESIAN_POINT('',(148.35,-134.7,1.51));
#16170 = LINE('',#16171,#16172);
#16171 = CARTESIAN_POINT('',(148.35,-134.7,1.51));
#16172 = VECTOR('',#16173,1.);
#16173 = DIRECTION('',(0.,0.,1.));
#16174 = ORIENTED_EDGE('',*,*,#16175,.F.);
#16175 = EDGE_CURVE('',#16149,#16168,#16176,.T.);
#16176 = CIRCLE('',#16177,0.249998959685);
#16177 = AXIS2_PLACEMENT_3D('',#16178,#16179,#16180);
#16178 = CARTESIAN_POINT('',(148.34999895968,-134.9499989596,1.51));
#16179 = DIRECTION('',(0.,0.,-1.));
#16180 = DIRECTION('',(-0.999999999991,-4.161285723378E-06,-0.));
#16181 = CYLINDRICAL_SURFACE('',#16182,0.249998959685);
#16182 = AXIS2_PLACEMENT_3D('',#16183,#16184,#16185);
#16183 = CARTESIAN_POINT('',(148.34999895968,-134.9499989596,1.51));
#16184 = DIRECTION('',(0.,0.,-1.));
#16185 = DIRECTION('',(-0.999999999991,-4.161285723378E-06,-0.));
#16186 = ADVANCED_FACE('',(#16187),#16212,.T.);
#16187 = FACE_BOUND('',#16188,.T.);
#16188 = EDGE_LOOP('',(#16189,#16199,#16205,#16206));
#16189 = ORIENTED_EDGE('',*,*,#16190,.T.);
#16190 = EDGE_CURVE('',#16191,#16193,#16195,.T.);
#16191 = VERTEX_POINT('',#16192);
#16192 = CARTESIAN_POINT('',(148.1,-136.05,1.51));
#16193 = VERTEX_POINT('',#16194);
#16194 = CARTESIAN_POINT('',(148.1,-136.05,1.55));
#16195 = LINE('',#16196,#16197);
#16196 = CARTESIAN_POINT('',(148.1,-136.05,1.51));
#16197 = VECTOR('',#16198,1.);
#16198 = DIRECTION('',(0.,0.,1.));
#16199 = ORIENTED_EDGE('',*,*,#16200,.T.);
#16200 = EDGE_CURVE('',#16193,#16151,#16201,.T.);
#16201 = LINE('',#16202,#16203);
#16202 = CARTESIAN_POINT('',(148.1,-136.05,1.55));
#16203 = VECTOR('',#16204,1.);
#16204 = DIRECTION('',(0.,1.,0.));
#16205 = ORIENTED_EDGE('',*,*,#16148,.F.);
#16206 = ORIENTED_EDGE('',*,*,#16207,.F.);
#16207 = EDGE_CURVE('',#16191,#16149,#16208,.T.);
#16208 = LINE('',#16209,#16210);
#16209 = CARTESIAN_POINT('',(148.1,-136.05,1.51));
#16210 = VECTOR('',#16211,1.);
#16211 = DIRECTION('',(0.,1.,0.));
#16212 = PLANE('',#16213);
#16213 = AXIS2_PLACEMENT_3D('',#16214,#16215,#16216);
#16214 = CARTESIAN_POINT('',(148.1,-136.05,1.51));
#16215 = DIRECTION('',(-1.,0.,0.));
#16216 = DIRECTION('',(0.,1.,0.));
#16217 = ADVANCED_FACE('',(#16218),#16243,.T.);
#16218 = FACE_BOUND('',#16219,.T.);
#16219 = EDGE_LOOP('',(#16220,#16221,#16229,#16237));
#16220 = ORIENTED_EDGE('',*,*,#16167,.T.);
#16221 = ORIENTED_EDGE('',*,*,#16222,.T.);
#16222 = EDGE_CURVE('',#16159,#16223,#16225,.T.);
#16223 = VERTEX_POINT('',#16224);
#16224 = CARTESIAN_POINT('',(149.45,-134.7,1.55));
#16225 = LINE('',#16226,#16227);
#16226 = CARTESIAN_POINT('',(148.35,-134.7,1.55));
#16227 = VECTOR('',#16228,1.);
#16228 = DIRECTION('',(1.,0.,0.));
#16229 = ORIENTED_EDGE('',*,*,#16230,.F.);
#16230 = EDGE_CURVE('',#16231,#16223,#16233,.T.);
#16231 = VERTEX_POINT('',#16232);
#16232 = CARTESIAN_POINT('',(149.45,-134.7,1.51));
#16233 = LINE('',#16234,#16235);
#16234 = CARTESIAN_POINT('',(149.45,-134.7,1.51));
#16235 = VECTOR('',#16236,1.);
#16236 = DIRECTION('',(0.,0.,1.));
#16237 = ORIENTED_EDGE('',*,*,#16238,.F.);
#16238 = EDGE_CURVE('',#16168,#16231,#16239,.T.);
#16239 = LINE('',#16240,#16241);
#16240 = CARTESIAN_POINT('',(148.35,-134.7,1.51));
#16241 = VECTOR('',#16242,1.);
#16242 = DIRECTION('',(1.,0.,0.));
#16243 = PLANE('',#16244);
#16244 = AXIS2_PLACEMENT_3D('',#16245,#16246,#16247);
#16245 = CARTESIAN_POINT('',(148.35,-134.7,1.51));
#16246 = DIRECTION('',(0.,1.,0.));
#16247 = DIRECTION('',(1.,0.,0.));
#16248 = ADVANCED_FACE('',(#16249,#16295),#16306,.F.);
#16249 = FACE_BOUND('',#16250,.F.);
#16250 = EDGE_LOOP('',(#16251,#16252,#16253,#16262,#16270,#16279,#16287,
    #16294));
#16251 = ORIENTED_EDGE('',*,*,#16175,.F.);
#16252 = ORIENTED_EDGE('',*,*,#16207,.F.);
#16253 = ORIENTED_EDGE('',*,*,#16254,.F.);
#16254 = EDGE_CURVE('',#16255,#16191,#16257,.T.);
#16255 = VERTEX_POINT('',#16256);
#16256 = CARTESIAN_POINT('',(148.35,-136.3,1.51));
#16257 = CIRCLE('',#16258,0.249998959685);
#16258 = AXIS2_PLACEMENT_3D('',#16259,#16260,#16261);
#16259 = CARTESIAN_POINT('',(148.34999895968,-136.0500010403,1.51));
#16260 = DIRECTION('',(0.,0.,-1.));
#16261 = DIRECTION('',(4.161285609691E-06,-0.999999999991,0.));
#16262 = ORIENTED_EDGE('',*,*,#16263,.F.);
#16263 = EDGE_CURVE('',#16264,#16255,#16266,.T.);
#16264 = VERTEX_POINT('',#16265);
#16265 = CARTESIAN_POINT('',(149.45,-136.3,1.51));
#16266 = LINE('',#16267,#16268);
#16267 = CARTESIAN_POINT('',(149.45,-136.3,1.51));
#16268 = VECTOR('',#16269,1.);
#16269 = DIRECTION('',(-1.,0.,0.));
#16270 = ORIENTED_EDGE('',*,*,#16271,.F.);
#16271 = EDGE_CURVE('',#16272,#16264,#16274,.T.);
#16272 = VERTEX_POINT('',#16273);
#16273 = CARTESIAN_POINT('',(149.7,-136.05,1.51));
#16274 = CIRCLE('',#16275,0.249998959685);
#16275 = AXIS2_PLACEMENT_3D('',#16276,#16277,#16278);
#16276 = CARTESIAN_POINT('',(149.45000104031,-136.0500010403,1.51));
#16277 = DIRECTION('',(0.,0.,-1.));
#16278 = DIRECTION('',(0.999999999991,4.161285950754E-06,0.));
#16279 = ORIENTED_EDGE('',*,*,#16280,.F.);
#16280 = EDGE_CURVE('',#16281,#16272,#16283,.T.);
#16281 = VERTEX_POINT('',#16282);
#16282 = CARTESIAN_POINT('',(149.7,-134.95,1.51));
#16283 = LINE('',#16284,#16285);
#16284 = CARTESIAN_POINT('',(149.7,-134.95,1.51));
#16285 = VECTOR('',#16286,1.);
#16286 = DIRECTION('',(0.,-1.,0.));
#16287 = ORIENTED_EDGE('',*,*,#16288,.F.);
#16288 = EDGE_CURVE('',#16231,#16281,#16289,.T.);
#16289 = CIRCLE('',#16290,0.249998959685);
#16290 = AXIS2_PLACEMENT_3D('',#16291,#16292,#16293);
#16291 = CARTESIAN_POINT('',(149.45000104031,-134.9499989596,1.51));
#16292 = DIRECTION('',(0.,0.,-1.));
#16293 = DIRECTION('',(-4.161285837067E-06,0.999999999991,0.));
#16294 = ORIENTED_EDGE('',*,*,#16238,.F.);
#16295 = FACE_BOUND('',#16296,.F.);
#16296 = EDGE_LOOP('',(#16297));
#16297 = ORIENTED_EDGE('',*,*,#16298,.T.);
#16298 = EDGE_CURVE('',#16299,#16299,#16301,.T.);
#16299 = VERTEX_POINT('',#16300);
#16300 = CARTESIAN_POINT('',(148.9,-135.775,1.51));
#16301 = CIRCLE('',#16302,0.275);
#16302 = AXIS2_PLACEMENT_3D('',#16303,#16304,#16305);
#16303 = CARTESIAN_POINT('',(148.9,-135.5,1.51));
#16304 = DIRECTION('',(-0.,0.,-1.));
#16305 = DIRECTION('',(-0.,-1.,0.));
#16306 = PLANE('',#16307);
#16307 = AXIS2_PLACEMENT_3D('',#16308,#16309,#16310);
#16308 = CARTESIAN_POINT('',(0.,0.,1.51));
#16309 = DIRECTION('',(0.,0.,1.));
#16310 = DIRECTION('',(1.,0.,-0.));
#16311 = ADVANCED_FACE('',(#16312,#16358),#16369,.T.);
#16312 = FACE_BOUND('',#16313,.T.);
#16313 = EDGE_LOOP('',(#16314,#16315,#16316,#16325,#16333,#16342,#16350,
    #16357));
#16314 = ORIENTED_EDGE('',*,*,#16158,.F.);
#16315 = ORIENTED_EDGE('',*,*,#16200,.F.);
#16316 = ORIENTED_EDGE('',*,*,#16317,.F.);
#16317 = EDGE_CURVE('',#16318,#16193,#16320,.T.);
#16318 = VERTEX_POINT('',#16319);
#16319 = CARTESIAN_POINT('',(148.35,-136.3,1.55));
#16320 = CIRCLE('',#16321,0.249998959685);
#16321 = AXIS2_PLACEMENT_3D('',#16322,#16323,#16324);
#16322 = CARTESIAN_POINT('',(148.34999895968,-136.0500010403,1.55));
#16323 = DIRECTION('',(0.,0.,-1.));
#16324 = DIRECTION('',(4.161285609691E-06,-0.999999999991,0.));
#16325 = ORIENTED_EDGE('',*,*,#16326,.F.);
#16326 = EDGE_CURVE('',#16327,#16318,#16329,.T.);
#16327 = VERTEX_POINT('',#16328);
#16328 = CARTESIAN_POINT('',(149.45,-136.3,1.55));
#16329 = LINE('',#16330,#16331);
#16330 = CARTESIAN_POINT('',(149.45,-136.3,1.55));
#16331 = VECTOR('',#16332,1.);
#16332 = DIRECTION('',(-1.,0.,0.));
#16333 = ORIENTED_EDGE('',*,*,#16334,.F.);
#16334 = EDGE_CURVE('',#16335,#16327,#16337,.T.);
#16335 = VERTEX_POINT('',#16336);
#16336 = CARTESIAN_POINT('',(149.7,-136.05,1.55));
#16337 = CIRCLE('',#16338,0.249998959685);
#16338 = AXIS2_PLACEMENT_3D('',#16339,#16340,#16341);
#16339 = CARTESIAN_POINT('',(149.45000104031,-136.0500010403,1.55));
#16340 = DIRECTION('',(0.,0.,-1.));
#16341 = DIRECTION('',(0.999999999991,4.161285950754E-06,0.));
#16342 = ORIENTED_EDGE('',*,*,#16343,.F.);
#16343 = EDGE_CURVE('',#16344,#16335,#16346,.T.);
#16344 = VERTEX_POINT('',#16345);
#16345 = CARTESIAN_POINT('',(149.7,-134.95,1.55));
#16346 = LINE('',#16347,#16348);
#16347 = CARTESIAN_POINT('',(149.7,-134.95,1.55));
#16348 = VECTOR('',#16349,1.);
#16349 = DIRECTION('',(0.,-1.,0.));
#16350 = ORIENTED_EDGE('',*,*,#16351,.F.);
#16351 = EDGE_CURVE('',#16223,#16344,#16352,.T.);
#16352 = CIRCLE('',#16353,0.249998959685);
#16353 = AXIS2_PLACEMENT_3D('',#16354,#16355,#16356);
#16354 = CARTESIAN_POINT('',(149.45000104031,-134.9499989596,1.55));
#16355 = DIRECTION('',(0.,0.,-1.));
#16356 = DIRECTION('',(-4.161285837067E-06,0.999999999991,0.));
#16357 = ORIENTED_EDGE('',*,*,#16222,.F.);
#16358 = FACE_BOUND('',#16359,.T.);
#16359 = EDGE_LOOP('',(#16360));
#16360 = ORIENTED_EDGE('',*,*,#16361,.T.);
#16361 = EDGE_CURVE('',#16362,#16362,#16364,.T.);
#16362 = VERTEX_POINT('',#16363);
#16363 = CARTESIAN_POINT('',(148.9,-135.775,1.55));
#16364 = CIRCLE('',#16365,0.275);
#16365 = AXIS2_PLACEMENT_3D('',#16366,#16367,#16368);
#16366 = CARTESIAN_POINT('',(148.9,-135.5,1.55));
#16367 = DIRECTION('',(-0.,0.,-1.));
#16368 = DIRECTION('',(-0.,-1.,0.));
#16369 = PLANE('',#16370);
#16370 = AXIS2_PLACEMENT_3D('',#16371,#16372,#16373);
#16371 = CARTESIAN_POINT('',(0.,0.,1.55));
#16372 = DIRECTION('',(0.,0.,1.));
#16373 = DIRECTION('',(1.,0.,-0.));
#16374 = ADVANCED_FACE('',(#16375),#16386,.T.);
#16375 = FACE_BOUND('',#16376,.T.);
#16376 = EDGE_LOOP('',(#16377,#16383,#16384,#16385));
#16377 = ORIENTED_EDGE('',*,*,#16378,.T.);
#16378 = EDGE_CURVE('',#16255,#16318,#16379,.T.);
#16379 = LINE('',#16380,#16381);
#16380 = CARTESIAN_POINT('',(148.35,-136.3,1.51));
#16381 = VECTOR('',#16382,1.);
#16382 = DIRECTION('',(0.,0.,1.));
#16383 = ORIENTED_EDGE('',*,*,#16317,.T.);
#16384 = ORIENTED_EDGE('',*,*,#16190,.F.);
#16385 = ORIENTED_EDGE('',*,*,#16254,.F.);
#16386 = CYLINDRICAL_SURFACE('',#16387,0.249998959685);
#16387 = AXIS2_PLACEMENT_3D('',#16388,#16389,#16390);
#16388 = CARTESIAN_POINT('',(148.34999895968,-136.0500010403,1.51));
#16389 = DIRECTION('',(0.,0.,-1.));
#16390 = DIRECTION('',(4.161285609691E-06,-0.999999999991,0.));
#16391 = ADVANCED_FACE('',(#16392),#16403,.T.);
#16392 = FACE_BOUND('',#16393,.T.);
#16393 = EDGE_LOOP('',(#16394,#16395,#16396,#16402));
#16394 = ORIENTED_EDGE('',*,*,#16230,.T.);
#16395 = ORIENTED_EDGE('',*,*,#16351,.T.);
#16396 = ORIENTED_EDGE('',*,*,#16397,.F.);
#16397 = EDGE_CURVE('',#16281,#16344,#16398,.T.);
#16398 = LINE('',#16399,#16400);
#16399 = CARTESIAN_POINT('',(149.7,-134.95,1.51));
#16400 = VECTOR('',#16401,1.);
#16401 = DIRECTION('',(0.,0.,1.));
#16402 = ORIENTED_EDGE('',*,*,#16288,.F.);
#16403 = CYLINDRICAL_SURFACE('',#16404,0.249998959685);
#16404 = AXIS2_PLACEMENT_3D('',#16405,#16406,#16407);
#16405 = CARTESIAN_POINT('',(149.45000104031,-134.9499989596,1.51));
#16406 = DIRECTION('',(0.,0.,-1.));
#16407 = DIRECTION('',(-4.161285837067E-06,0.999999999991,0.));
#16408 = ADVANCED_FACE('',(#16409),#16420,.T.);
#16409 = FACE_BOUND('',#16410,.T.);
#16410 = EDGE_LOOP('',(#16411,#16417,#16418,#16419));
#16411 = ORIENTED_EDGE('',*,*,#16412,.T.);
#16412 = EDGE_CURVE('',#16264,#16327,#16413,.T.);
#16413 = LINE('',#16414,#16415);
#16414 = CARTESIAN_POINT('',(149.45,-136.3,1.51));
#16415 = VECTOR('',#16416,1.);
#16416 = DIRECTION('',(0.,0.,1.));
#16417 = ORIENTED_EDGE('',*,*,#16326,.T.);
#16418 = ORIENTED_EDGE('',*,*,#16378,.F.);
#16419 = ORIENTED_EDGE('',*,*,#16263,.F.);
#16420 = PLANE('',#16421);
#16421 = AXIS2_PLACEMENT_3D('',#16422,#16423,#16424);
#16422 = CARTESIAN_POINT('',(149.45,-136.3,1.51));
#16423 = DIRECTION('',(0.,-1.,0.));
#16424 = DIRECTION('',(-1.,0.,0.));
#16425 = ADVANCED_FACE('',(#16426),#16437,.T.);
#16426 = FACE_BOUND('',#16427,.T.);
#16427 = EDGE_LOOP('',(#16428,#16429,#16430,#16436));
#16428 = ORIENTED_EDGE('',*,*,#16397,.T.);
#16429 = ORIENTED_EDGE('',*,*,#16343,.T.);
#16430 = ORIENTED_EDGE('',*,*,#16431,.F.);
#16431 = EDGE_CURVE('',#16272,#16335,#16432,.T.);
#16432 = LINE('',#16433,#16434);
#16433 = CARTESIAN_POINT('',(149.7,-136.05,1.51));
#16434 = VECTOR('',#16435,1.);
#16435 = DIRECTION('',(0.,0.,1.));
#16436 = ORIENTED_EDGE('',*,*,#16280,.F.);
#16437 = PLANE('',#16438);
#16438 = AXIS2_PLACEMENT_3D('',#16439,#16440,#16441);
#16439 = CARTESIAN_POINT('',(149.7,-134.95,1.51));
#16440 = DIRECTION('',(1.,0.,-0.));
#16441 = DIRECTION('',(0.,-1.,0.));
#16442 = ADVANCED_FACE('',(#16443),#16449,.T.);
#16443 = FACE_BOUND('',#16444,.T.);
#16444 = EDGE_LOOP('',(#16445,#16446,#16447,#16448));
#16445 = ORIENTED_EDGE('',*,*,#16431,.T.);
#16446 = ORIENTED_EDGE('',*,*,#16334,.T.);
#16447 = ORIENTED_EDGE('',*,*,#16412,.F.);
#16448 = ORIENTED_EDGE('',*,*,#16271,.F.);
#16449 = CYLINDRICAL_SURFACE('',#16450,0.249998959685);
#16450 = AXIS2_PLACEMENT_3D('',#16451,#16452,#16453);
#16451 = CARTESIAN_POINT('',(149.45000104031,-136.0500010403,1.51));
#16452 = DIRECTION('',(0.,0.,-1.));
#16453 = DIRECTION('',(0.999999999991,4.161285950754E-06,0.));
#16454 = ADVANCED_FACE('',(#16455),#16466,.F.);
#16455 = FACE_BOUND('',#16456,.T.);
#16456 = EDGE_LOOP('',(#16457,#16458,#16464,#16465));
#16457 = ORIENTED_EDGE('',*,*,#16298,.T.);
#16458 = ORIENTED_EDGE('',*,*,#16459,.T.);
#16459 = EDGE_CURVE('',#16299,#16362,#16460,.T.);
#16460 = LINE('',#16461,#16462);
#16461 = CARTESIAN_POINT('',(148.9,-135.775,-4.6E-02));
#16462 = VECTOR('',#16463,1.);
#16463 = DIRECTION('',(0.,0.,1.));
#16464 = ORIENTED_EDGE('',*,*,#16361,.F.);
#16465 = ORIENTED_EDGE('',*,*,#16459,.F.);
#16466 = CYLINDRICAL_SURFACE('',#16467,0.275);
#16467 = AXIS2_PLACEMENT_3D('',#16468,#16469,#16470);
#16468 = CARTESIAN_POINT('',(148.9,-135.5,-4.6E-02));
#16469 = DIRECTION('',(-0.,-0.,-1.));
#16470 = DIRECTION('',(-0.,-1.,0.));
#16471 = MANIFOLD_SOLID_BREP('',#16472);
#16472 = CLOSED_SHELL('',(#16473,#16515,#16546,#16577,#16640,#16703,
    #16720,#16737,#16754,#16771,#16783));
#16473 = ADVANCED_FACE('',(#16474),#16510,.T.);
#16474 = FACE_BOUND('',#16475,.F.);
#16475 = EDGE_LOOP('',(#16476,#16486,#16495,#16503));
#16476 = ORIENTED_EDGE('',*,*,#16477,.T.);
#16477 = EDGE_CURVE('',#16478,#16480,#16482,.T.);
#16478 = VERTEX_POINT('',#16479);
#16479 = CARTESIAN_POINT('',(148.1,-134.95,0.));
#16480 = VERTEX_POINT('',#16481);
#16481 = CARTESIAN_POINT('',(148.1,-134.95,-4.E-02));
#16482 = LINE('',#16483,#16484);
#16483 = CARTESIAN_POINT('',(148.1,-134.95,0.));
#16484 = VECTOR('',#16485,1.);
#16485 = DIRECTION('',(0.,0.,-1.));
#16486 = ORIENTED_EDGE('',*,*,#16487,.T.);
#16487 = EDGE_CURVE('',#16480,#16488,#16490,.T.);
#16488 = VERTEX_POINT('',#16489);
#16489 = CARTESIAN_POINT('',(148.35,-134.7,-4.E-02));
#16490 = CIRCLE('',#16491,0.249998959685);
#16491 = AXIS2_PLACEMENT_3D('',#16492,#16493,#16494);
#16492 = CARTESIAN_POINT('',(148.34999895968,-134.9499989596,-4.E-02));
#16493 = DIRECTION('',(0.,0.,-1.));
#16494 = DIRECTION('',(-0.999999999991,-4.161285723378E-06,-0.));
#16495 = ORIENTED_EDGE('',*,*,#16496,.F.);
#16496 = EDGE_CURVE('',#16497,#16488,#16499,.T.);
#16497 = VERTEX_POINT('',#16498);
#16498 = CARTESIAN_POINT('',(148.35,-134.7,0.));
#16499 = LINE('',#16500,#16501);
#16500 = CARTESIAN_POINT('',(148.35,-134.7,0.));
#16501 = VECTOR('',#16502,1.);
#16502 = DIRECTION('',(0.,0.,-1.));
#16503 = ORIENTED_EDGE('',*,*,#16504,.F.);
#16504 = EDGE_CURVE('',#16478,#16497,#16505,.T.);
#16505 = CIRCLE('',#16506,0.249998959685);
#16506 = AXIS2_PLACEMENT_3D('',#16507,#16508,#16509);
#16507 = CARTESIAN_POINT('',(148.34999895968,-134.9499989596,0.));
#16508 = DIRECTION('',(0.,0.,-1.));
#16509 = DIRECTION('',(-0.999999999991,-4.161285723378E-06,-0.));
#16510 = CYLINDRICAL_SURFACE('',#16511,0.249998959685);
#16511 = AXIS2_PLACEMENT_3D('',#16512,#16513,#16514);
#16512 = CARTESIAN_POINT('',(148.34999895968,-134.9499989596,0.));
#16513 = DIRECTION('',(-0.,-0.,1.));
#16514 = DIRECTION('',(-0.999999999991,-4.161285723378E-06,-0.));
#16515 = ADVANCED_FACE('',(#16516),#16541,.F.);
#16516 = FACE_BOUND('',#16517,.F.);
#16517 = EDGE_LOOP('',(#16518,#16528,#16534,#16535));
#16518 = ORIENTED_EDGE('',*,*,#16519,.T.);
#16519 = EDGE_CURVE('',#16520,#16522,#16524,.T.);
#16520 = VERTEX_POINT('',#16521);
#16521 = CARTESIAN_POINT('',(148.1,-136.05,0.));
#16522 = VERTEX_POINT('',#16523);
#16523 = CARTESIAN_POINT('',(148.1,-136.05,-4.E-02));
#16524 = LINE('',#16525,#16526);
#16525 = CARTESIAN_POINT('',(148.1,-136.05,0.));
#16526 = VECTOR('',#16527,1.);
#16527 = DIRECTION('',(0.,0.,-1.));
#16528 = ORIENTED_EDGE('',*,*,#16529,.T.);
#16529 = EDGE_CURVE('',#16522,#16480,#16530,.T.);
#16530 = LINE('',#16531,#16532);
#16531 = CARTESIAN_POINT('',(148.1,-136.05,-4.E-02));
#16532 = VECTOR('',#16533,1.);
#16533 = DIRECTION('',(0.,1.,0.));
#16534 = ORIENTED_EDGE('',*,*,#16477,.F.);
#16535 = ORIENTED_EDGE('',*,*,#16536,.F.);
#16536 = EDGE_CURVE('',#16520,#16478,#16537,.T.);
#16537 = LINE('',#16538,#16539);
#16538 = CARTESIAN_POINT('',(148.1,-136.05,0.));
#16539 = VECTOR('',#16540,1.);
#16540 = DIRECTION('',(0.,1.,0.));
#16541 = PLANE('',#16542);
#16542 = AXIS2_PLACEMENT_3D('',#16543,#16544,#16545);
#16543 = CARTESIAN_POINT('',(148.1,-136.05,0.));
#16544 = DIRECTION('',(1.,-0.,0.));
#16545 = DIRECTION('',(0.,1.,0.));
#16546 = ADVANCED_FACE('',(#16547),#16572,.F.);
#16547 = FACE_BOUND('',#16548,.F.);
#16548 = EDGE_LOOP('',(#16549,#16550,#16558,#16566));
#16549 = ORIENTED_EDGE('',*,*,#16496,.T.);
#16550 = ORIENTED_EDGE('',*,*,#16551,.T.);
#16551 = EDGE_CURVE('',#16488,#16552,#16554,.T.);
#16552 = VERTEX_POINT('',#16553);
#16553 = CARTESIAN_POINT('',(149.45,-134.7,-4.E-02));
#16554 = LINE('',#16555,#16556);
#16555 = CARTESIAN_POINT('',(148.35,-134.7,-4.E-02));
#16556 = VECTOR('',#16557,1.);
#16557 = DIRECTION('',(1.,0.,0.));
#16558 = ORIENTED_EDGE('',*,*,#16559,.F.);
#16559 = EDGE_CURVE('',#16560,#16552,#16562,.T.);
#16560 = VERTEX_POINT('',#16561);
#16561 = CARTESIAN_POINT('',(149.45,-134.7,0.));
#16562 = LINE('',#16563,#16564);
#16563 = CARTESIAN_POINT('',(149.45,-134.7,0.));
#16564 = VECTOR('',#16565,1.);
#16565 = DIRECTION('',(0.,0.,-1.));
#16566 = ORIENTED_EDGE('',*,*,#16567,.F.);
#16567 = EDGE_CURVE('',#16497,#16560,#16568,.T.);
#16568 = LINE('',#16569,#16570);
#16569 = CARTESIAN_POINT('',(148.35,-134.7,0.));
#16570 = VECTOR('',#16571,1.);
#16571 = DIRECTION('',(1.,0.,0.));
#16572 = PLANE('',#16573);
#16573 = AXIS2_PLACEMENT_3D('',#16574,#16575,#16576);
#16574 = CARTESIAN_POINT('',(148.35,-134.7,0.));
#16575 = DIRECTION('',(0.,-1.,0.));
#16576 = DIRECTION('',(1.,0.,0.));
#16577 = ADVANCED_FACE('',(#16578,#16624),#16635,.F.);
#16578 = FACE_BOUND('',#16579,.F.);
#16579 = EDGE_LOOP('',(#16580,#16581,#16582,#16591,#16599,#16608,#16616,
    #16623));
#16580 = ORIENTED_EDGE('',*,*,#16504,.T.);
#16581 = ORIENTED_EDGE('',*,*,#16567,.T.);
#16582 = ORIENTED_EDGE('',*,*,#16583,.T.);
#16583 = EDGE_CURVE('',#16560,#16584,#16586,.T.);
#16584 = VERTEX_POINT('',#16585);
#16585 = CARTESIAN_POINT('',(149.7,-134.95,0.));
#16586 = CIRCLE('',#16587,0.249998959685);
#16587 = AXIS2_PLACEMENT_3D('',#16588,#16589,#16590);
#16588 = CARTESIAN_POINT('',(149.45000104031,-134.9499989596,0.));
#16589 = DIRECTION('',(0.,0.,-1.));
#16590 = DIRECTION('',(-4.161285837067E-06,0.999999999991,0.));
#16591 = ORIENTED_EDGE('',*,*,#16592,.T.);
#16592 = EDGE_CURVE('',#16584,#16593,#16595,.T.);
#16593 = VERTEX_POINT('',#16594);
#16594 = CARTESIAN_POINT('',(149.7,-136.05,0.));
#16595 = LINE('',#16596,#16597);
#16596 = CARTESIAN_POINT('',(149.7,-134.95,0.));
#16597 = VECTOR('',#16598,1.);
#16598 = DIRECTION('',(0.,-1.,0.));
#16599 = ORIENTED_EDGE('',*,*,#16600,.T.);
#16600 = EDGE_CURVE('',#16593,#16601,#16603,.T.);
#16601 = VERTEX_POINT('',#16602);
#16602 = CARTESIAN_POINT('',(149.45,-136.3,0.));
#16603 = CIRCLE('',#16604,0.249998959685);
#16604 = AXIS2_PLACEMENT_3D('',#16605,#16606,#16607);
#16605 = CARTESIAN_POINT('',(149.45000104031,-136.0500010403,0.));
#16606 = DIRECTION('',(0.,0.,-1.));
#16607 = DIRECTION('',(0.999999999991,4.161285950754E-06,0.));
#16608 = ORIENTED_EDGE('',*,*,#16609,.T.);
#16609 = EDGE_CURVE('',#16601,#16610,#16612,.T.);
#16610 = VERTEX_POINT('',#16611);
#16611 = CARTESIAN_POINT('',(148.35,-136.3,0.));
#16612 = LINE('',#16613,#16614);
#16613 = CARTESIAN_POINT('',(149.45,-136.3,0.));
#16614 = VECTOR('',#16615,1.);
#16615 = DIRECTION('',(-1.,0.,0.));
#16616 = ORIENTED_EDGE('',*,*,#16617,.T.);
#16617 = EDGE_CURVE('',#16610,#16520,#16618,.T.);
#16618 = CIRCLE('',#16619,0.249998959685);
#16619 = AXIS2_PLACEMENT_3D('',#16620,#16621,#16622);
#16620 = CARTESIAN_POINT('',(148.34999895968,-136.0500010403,0.));
#16621 = DIRECTION('',(0.,0.,-1.));
#16622 = DIRECTION('',(4.161285609691E-06,-0.999999999991,0.));
#16623 = ORIENTED_EDGE('',*,*,#16536,.T.);
#16624 = FACE_BOUND('',#16625,.F.);
#16625 = EDGE_LOOP('',(#16626));
#16626 = ORIENTED_EDGE('',*,*,#16627,.F.);
#16627 = EDGE_CURVE('',#16628,#16628,#16630,.T.);
#16628 = VERTEX_POINT('',#16629);
#16629 = CARTESIAN_POINT('',(148.9,-135.775,0.));
#16630 = CIRCLE('',#16631,0.275);
#16631 = AXIS2_PLACEMENT_3D('',#16632,#16633,#16634);
#16632 = CARTESIAN_POINT('',(148.9,-135.5,0.));
#16633 = DIRECTION('',(-0.,0.,-1.));
#16634 = DIRECTION('',(-0.,-1.,0.));
#16635 = PLANE('',#16636);
#16636 = AXIS2_PLACEMENT_3D('',#16637,#16638,#16639);
#16637 = CARTESIAN_POINT('',(0.,0.,0.));
#16638 = DIRECTION('',(-0.,-0.,-1.));
#16639 = DIRECTION('',(-1.,0.,0.));
#16640 = ADVANCED_FACE('',(#16641,#16687),#16698,.T.);
#16641 = FACE_BOUND('',#16642,.T.);
#16642 = EDGE_LOOP('',(#16643,#16644,#16645,#16654,#16662,#16671,#16679,
    #16686));
#16643 = ORIENTED_EDGE('',*,*,#16487,.T.);
#16644 = ORIENTED_EDGE('',*,*,#16551,.T.);
#16645 = ORIENTED_EDGE('',*,*,#16646,.T.);
#16646 = EDGE_CURVE('',#16552,#16647,#16649,.T.);
#16647 = VERTEX_POINT('',#16648);
#16648 = CARTESIAN_POINT('',(149.7,-134.95,-4.E-02));
#16649 = CIRCLE('',#16650,0.249998959685);
#16650 = AXIS2_PLACEMENT_3D('',#16651,#16652,#16653);
#16651 = CARTESIAN_POINT('',(149.45000104031,-134.9499989596,-4.E-02));
#16652 = DIRECTION('',(0.,0.,-1.));
#16653 = DIRECTION('',(-4.161285837067E-06,0.999999999991,0.));
#16654 = ORIENTED_EDGE('',*,*,#16655,.T.);
#16655 = EDGE_CURVE('',#16647,#16656,#16658,.T.);
#16656 = VERTEX_POINT('',#16657);
#16657 = CARTESIAN_POINT('',(149.7,-136.05,-4.E-02));
#16658 = LINE('',#16659,#16660);
#16659 = CARTESIAN_POINT('',(149.7,-134.95,-4.E-02));
#16660 = VECTOR('',#16661,1.);
#16661 = DIRECTION('',(0.,-1.,0.));
#16662 = ORIENTED_EDGE('',*,*,#16663,.T.);
#16663 = EDGE_CURVE('',#16656,#16664,#16666,.T.);
#16664 = VERTEX_POINT('',#16665);
#16665 = CARTESIAN_POINT('',(149.45,-136.3,-4.E-02));
#16666 = CIRCLE('',#16667,0.249998959685);
#16667 = AXIS2_PLACEMENT_3D('',#16668,#16669,#16670);
#16668 = CARTESIAN_POINT('',(149.45000104031,-136.0500010403,-4.E-02));
#16669 = DIRECTION('',(0.,0.,-1.));
#16670 = DIRECTION('',(0.999999999991,4.161285950754E-06,0.));
#16671 = ORIENTED_EDGE('',*,*,#16672,.T.);
#16672 = EDGE_CURVE('',#16664,#16673,#16675,.T.);
#16673 = VERTEX_POINT('',#16674);
#16674 = CARTESIAN_POINT('',(148.35,-136.3,-4.E-02));
#16675 = LINE('',#16676,#16677);
#16676 = CARTESIAN_POINT('',(149.45,-136.3,-4.E-02));
#16677 = VECTOR('',#16678,1.);
#16678 = DIRECTION('',(-1.,0.,0.));
#16679 = ORIENTED_EDGE('',*,*,#16680,.T.);
#16680 = EDGE_CURVE('',#16673,#16522,#16681,.T.);
#16681 = CIRCLE('',#16682,0.249998959685);
#16682 = AXIS2_PLACEMENT_3D('',#16683,#16684,#16685);
#16683 = CARTESIAN_POINT('',(148.34999895968,-136.0500010403,-4.E-02));
#16684 = DIRECTION('',(0.,0.,-1.));
#16685 = DIRECTION('',(4.161285609691E-06,-0.999999999991,0.));
#16686 = ORIENTED_EDGE('',*,*,#16529,.T.);
#16687 = FACE_BOUND('',#16688,.T.);
#16688 = EDGE_LOOP('',(#16689));
#16689 = ORIENTED_EDGE('',*,*,#16690,.F.);
#16690 = EDGE_CURVE('',#16691,#16691,#16693,.T.);
#16691 = VERTEX_POINT('',#16692);
#16692 = CARTESIAN_POINT('',(148.9,-135.775,-4.E-02));
#16693 = CIRCLE('',#16694,0.275);
#16694 = AXIS2_PLACEMENT_3D('',#16695,#16696,#16697);
#16695 = CARTESIAN_POINT('',(148.9,-135.5,-4.E-02));
#16696 = DIRECTION('',(-0.,0.,-1.));
#16697 = DIRECTION('',(-0.,-1.,0.));
#16698 = PLANE('',#16699);
#16699 = AXIS2_PLACEMENT_3D('',#16700,#16701,#16702);
#16700 = CARTESIAN_POINT('',(0.,0.,-4.E-02));
#16701 = DIRECTION('',(-0.,-0.,-1.));
#16702 = DIRECTION('',(-1.,0.,0.));
#16703 = ADVANCED_FACE('',(#16704),#16715,.T.);
#16704 = FACE_BOUND('',#16705,.F.);
#16705 = EDGE_LOOP('',(#16706,#16712,#16713,#16714));
#16706 = ORIENTED_EDGE('',*,*,#16707,.T.);
#16707 = EDGE_CURVE('',#16610,#16673,#16708,.T.);
#16708 = LINE('',#16709,#16710);
#16709 = CARTESIAN_POINT('',(148.35,-136.3,0.));
#16710 = VECTOR('',#16711,1.);
#16711 = DIRECTION('',(0.,0.,-1.));
#16712 = ORIENTED_EDGE('',*,*,#16680,.T.);
#16713 = ORIENTED_EDGE('',*,*,#16519,.F.);
#16714 = ORIENTED_EDGE('',*,*,#16617,.F.);
#16715 = CYLINDRICAL_SURFACE('',#16716,0.249998959685);
#16716 = AXIS2_PLACEMENT_3D('',#16717,#16718,#16719);
#16717 = CARTESIAN_POINT('',(148.34999895968,-136.0500010403,0.));
#16718 = DIRECTION('',(-0.,-0.,1.));
#16719 = DIRECTION('',(4.161285609691E-06,-0.999999999991,0.));
#16720 = ADVANCED_FACE('',(#16721),#16732,.T.);
#16721 = FACE_BOUND('',#16722,.F.);
#16722 = EDGE_LOOP('',(#16723,#16724,#16725,#16731));
#16723 = ORIENTED_EDGE('',*,*,#16559,.T.);
#16724 = ORIENTED_EDGE('',*,*,#16646,.T.);
#16725 = ORIENTED_EDGE('',*,*,#16726,.F.);
#16726 = EDGE_CURVE('',#16584,#16647,#16727,.T.);
#16727 = LINE('',#16728,#16729);
#16728 = CARTESIAN_POINT('',(149.7,-134.95,0.));
#16729 = VECTOR('',#16730,1.);
#16730 = DIRECTION('',(0.,0.,-1.));
#16731 = ORIENTED_EDGE('',*,*,#16583,.F.);
#16732 = CYLINDRICAL_SURFACE('',#16733,0.249998959685);
#16733 = AXIS2_PLACEMENT_3D('',#16734,#16735,#16736);
#16734 = CARTESIAN_POINT('',(149.45000104031,-134.9499989596,0.));
#16735 = DIRECTION('',(-0.,-0.,1.));
#16736 = DIRECTION('',(-4.161285837067E-06,0.999999999991,0.));
#16737 = ADVANCED_FACE('',(#16738),#16749,.F.);
#16738 = FACE_BOUND('',#16739,.F.);
#16739 = EDGE_LOOP('',(#16740,#16746,#16747,#16748));
#16740 = ORIENTED_EDGE('',*,*,#16741,.T.);
#16741 = EDGE_CURVE('',#16601,#16664,#16742,.T.);
#16742 = LINE('',#16743,#16744);
#16743 = CARTESIAN_POINT('',(149.45,-136.3,0.));
#16744 = VECTOR('',#16745,1.);
#16745 = DIRECTION('',(0.,0.,-1.));
#16746 = ORIENTED_EDGE('',*,*,#16672,.T.);
#16747 = ORIENTED_EDGE('',*,*,#16707,.F.);
#16748 = ORIENTED_EDGE('',*,*,#16609,.F.);
#16749 = PLANE('',#16750);
#16750 = AXIS2_PLACEMENT_3D('',#16751,#16752,#16753);
#16751 = CARTESIAN_POINT('',(149.45,-136.3,0.));
#16752 = DIRECTION('',(0.,1.,0.));
#16753 = DIRECTION('',(-1.,0.,0.));
#16754 = ADVANCED_FACE('',(#16755),#16766,.F.);
#16755 = FACE_BOUND('',#16756,.F.);
#16756 = EDGE_LOOP('',(#16757,#16758,#16759,#16765));
#16757 = ORIENTED_EDGE('',*,*,#16726,.T.);
#16758 = ORIENTED_EDGE('',*,*,#16655,.T.);
#16759 = ORIENTED_EDGE('',*,*,#16760,.F.);
#16760 = EDGE_CURVE('',#16593,#16656,#16761,.T.);
#16761 = LINE('',#16762,#16763);
#16762 = CARTESIAN_POINT('',(149.7,-136.05,0.));
#16763 = VECTOR('',#16764,1.);
#16764 = DIRECTION('',(0.,0.,-1.));
#16765 = ORIENTED_EDGE('',*,*,#16592,.F.);
#16766 = PLANE('',#16767);
#16767 = AXIS2_PLACEMENT_3D('',#16768,#16769,#16770);
#16768 = CARTESIAN_POINT('',(149.7,-134.95,0.));
#16769 = DIRECTION('',(-1.,-0.,-0.));
#16770 = DIRECTION('',(0.,-1.,0.));
#16771 = ADVANCED_FACE('',(#16772),#16778,.T.);
#16772 = FACE_BOUND('',#16773,.F.);
#16773 = EDGE_LOOP('',(#16774,#16775,#16776,#16777));
#16774 = ORIENTED_EDGE('',*,*,#16760,.T.);
#16775 = ORIENTED_EDGE('',*,*,#16663,.T.);
#16776 = ORIENTED_EDGE('',*,*,#16741,.F.);
#16777 = ORIENTED_EDGE('',*,*,#16600,.F.);
#16778 = CYLINDRICAL_SURFACE('',#16779,0.249998959685);
#16779 = AXIS2_PLACEMENT_3D('',#16780,#16781,#16782);
#16780 = CARTESIAN_POINT('',(149.45000104031,-136.0500010403,0.));
#16781 = DIRECTION('',(-0.,-0.,1.));
#16782 = DIRECTION('',(0.999999999991,4.161285950754E-06,0.));
#16783 = ADVANCED_FACE('',(#16784),#16795,.F.);
#16784 = FACE_BOUND('',#16785,.T.);
#16785 = EDGE_LOOP('',(#16786,#16787,#16793,#16794));
#16786 = ORIENTED_EDGE('',*,*,#16690,.T.);
#16787 = ORIENTED_EDGE('',*,*,#16788,.T.);
#16788 = EDGE_CURVE('',#16691,#16628,#16789,.T.);
#16789 = LINE('',#16790,#16791);
#16790 = CARTESIAN_POINT('',(148.9,-135.775,-4.6E-02));
#16791 = VECTOR('',#16792,1.);
#16792 = DIRECTION('',(0.,0.,1.));
#16793 = ORIENTED_EDGE('',*,*,#16627,.F.);
#16794 = ORIENTED_EDGE('',*,*,#16788,.F.);
#16795 = CYLINDRICAL_SURFACE('',#16796,0.275);
#16796 = AXIS2_PLACEMENT_3D('',#16797,#16798,#16799);
#16797 = CARTESIAN_POINT('',(148.9,-135.5,-4.6E-02));
#16798 = DIRECTION('',(-0.,-0.,-1.));
#16799 = DIRECTION('',(-0.,-1.,0.));
#16800 = MANIFOLD_SOLID_BREP('',#16801);
#16801 = CLOSED_SHELL('',(#16802,#16835,#16855,#16875));
#16802 = ADVANCED_FACE('',(#16803),#16830,.T.);
#16803 = FACE_BOUND('',#16804,.F.);
#16804 = EDGE_LOOP('',(#16805,#16815,#16822,#16823));
#16805 = ORIENTED_EDGE('',*,*,#16806,.T.);
#16806 = EDGE_CURVE('',#16807,#16809,#16811,.T.);
#16807 = VERTEX_POINT('',#16808);
#16808 = CARTESIAN_POINT('',(148.9,-135.8,-4.E-02));
#16809 = VERTEX_POINT('',#16810);
#16810 = CARTESIAN_POINT('',(148.9,-135.8,1.55));
#16811 = LINE('',#16812,#16813);
#16812 = CARTESIAN_POINT('',(148.9,-135.8,-4.E-02));
#16813 = VECTOR('',#16814,1.);
#16814 = DIRECTION('',(0.,0.,1.));
#16815 = ORIENTED_EDGE('',*,*,#16816,.T.);
#16816 = EDGE_CURVE('',#16809,#16809,#16817,.T.);
#16817 = CIRCLE('',#16818,0.3);
#16818 = AXIS2_PLACEMENT_3D('',#16819,#16820,#16821);
#16819 = CARTESIAN_POINT('',(148.9,-135.5,1.55));
#16820 = DIRECTION('',(0.,-0.,1.));
#16821 = DIRECTION('',(9.473903143468E-14,-1.,-0.));
#16822 = ORIENTED_EDGE('',*,*,#16806,.F.);
#16823 = ORIENTED_EDGE('',*,*,#16824,.F.);
#16824 = EDGE_CURVE('',#16807,#16807,#16825,.T.);
#16825 = CIRCLE('',#16826,0.3);
#16826 = AXIS2_PLACEMENT_3D('',#16827,#16828,#16829);
#16827 = CARTESIAN_POINT('',(148.9,-135.5,-4.E-02));
#16828 = DIRECTION('',(0.,-0.,1.));
#16829 = DIRECTION('',(9.473903143468E-14,-1.,-0.));
#16830 = CYLINDRICAL_SURFACE('',#16831,0.3);
#16831 = AXIS2_PLACEMENT_3D('',#16832,#16833,#16834);
#16832 = CARTESIAN_POINT('',(148.9,-135.5,-4.E-02));
#16833 = DIRECTION('',(-0.,0.,-1.));
#16834 = DIRECTION('',(9.473903143468E-14,-1.,-0.));
#16835 = ADVANCED_FACE('',(#16836,#16839),#16850,.F.);
#16836 = FACE_BOUND('',#16837,.F.);
#16837 = EDGE_LOOP('',(#16838));
#16838 = ORIENTED_EDGE('',*,*,#16824,.T.);
#16839 = FACE_BOUND('',#16840,.F.);
#16840 = EDGE_LOOP('',(#16841));
#16841 = ORIENTED_EDGE('',*,*,#16842,.T.);
#16842 = EDGE_CURVE('',#16843,#16843,#16845,.T.);
#16843 = VERTEX_POINT('',#16844);
#16844 = CARTESIAN_POINT('',(148.9,-135.775,-4.E-02));
#16845 = CIRCLE('',#16846,0.275);
#16846 = AXIS2_PLACEMENT_3D('',#16847,#16848,#16849);
#16847 = CARTESIAN_POINT('',(148.9,-135.5,-4.E-02));
#16848 = DIRECTION('',(-0.,0.,-1.));
#16849 = DIRECTION('',(-0.,-1.,0.));
#16850 = PLANE('',#16851);
#16851 = AXIS2_PLACEMENT_3D('',#16852,#16853,#16854);
#16852 = CARTESIAN_POINT('',(148.9,-135.8,-4.E-02));
#16853 = DIRECTION('',(0.,0.,1.));
#16854 = DIRECTION('',(1.,0.,-0.));
#16855 = ADVANCED_FACE('',(#16856,#16859),#16870,.T.);
#16856 = FACE_BOUND('',#16857,.T.);
#16857 = EDGE_LOOP('',(#16858));
#16858 = ORIENTED_EDGE('',*,*,#16816,.T.);
#16859 = FACE_BOUND('',#16860,.T.);
#16860 = EDGE_LOOP('',(#16861));
#16861 = ORIENTED_EDGE('',*,*,#16862,.T.);
#16862 = EDGE_CURVE('',#16863,#16863,#16865,.T.);
#16863 = VERTEX_POINT('',#16864);
#16864 = CARTESIAN_POINT('',(148.9,-135.775,1.55));
#16865 = CIRCLE('',#16866,0.275);
#16866 = AXIS2_PLACEMENT_3D('',#16867,#16868,#16869);
#16867 = CARTESIAN_POINT('',(148.9,-135.5,1.55));
#16868 = DIRECTION('',(-0.,0.,-1.));
#16869 = DIRECTION('',(-0.,-1.,0.));
#16870 = PLANE('',#16871);
#16871 = AXIS2_PLACEMENT_3D('',#16872,#16873,#16874);
#16872 = CARTESIAN_POINT('',(148.9,-135.8,1.55));
#16873 = DIRECTION('',(0.,0.,1.));
#16874 = DIRECTION('',(1.,0.,-0.));
#16875 = ADVANCED_FACE('',(#16876),#16887,.F.);
#16876 = FACE_BOUND('',#16877,.T.);
#16877 = EDGE_LOOP('',(#16878,#16879,#16885,#16886));
#16878 = ORIENTED_EDGE('',*,*,#16842,.T.);
#16879 = ORIENTED_EDGE('',*,*,#16880,.T.);
#16880 = EDGE_CURVE('',#16843,#16863,#16881,.T.);
#16881 = LINE('',#16882,#16883);
#16882 = CARTESIAN_POINT('',(148.9,-135.775,-4.6E-02));
#16883 = VECTOR('',#16884,1.);
#16884 = DIRECTION('',(0.,0.,1.));
#16885 = ORIENTED_EDGE('',*,*,#16862,.F.);
#16886 = ORIENTED_EDGE('',*,*,#16880,.F.);
#16887 = CYLINDRICAL_SURFACE('',#16888,0.275);
#16888 = AXIS2_PLACEMENT_3D('',#16889,#16890,#16891);
#16889 = CARTESIAN_POINT('',(148.9,-135.5,-4.6E-02));
#16890 = DIRECTION('',(-0.,-0.,-1.));
#16891 = DIRECTION('',(-0.,-1.,0.));
#16892 = ( GEOMETRIC_REPRESENTATION_CONTEXT(3) 
GLOBAL_UNCERTAINTY_ASSIGNED_CONTEXT((#16896)) 
GLOBAL_UNIT_ASSIGNED_CONTEXT((#16893,#16894,#16895)) 
REPRESENTATION_CONTEXT('Context #1',
  '3D Context with UNIT and UNCERTAINTY') );
#16893 = ( LENGTH_UNIT() NAMED_UNIT(*) SI_UNIT(.MILLI.,.METRE.) );
#16894 = ( NAMED_UNIT(*) PLANE_ANGLE_UNIT() SI_UNIT($,.RADIAN.) );
#16895 = ( NAMED_UNIT(*) SI_UNIT($,.STERADIAN.) SOLID_ANGLE_UNIT() );
#16896 = UNCERTAINTY_MEASURE_WITH_UNIT(LENGTH_MEASURE(1.E-07),#16893,
  'distance_accuracy_value','confusion accuracy');
#16897 = CONTEXT_DEPENDENT_SHAPE_REPRESENTATION(#16898,#16900);
#16898 = ( REPRESENTATION_RELATIONSHIP('','',#10891,#10) 
REPRESENTATION_RELATIONSHIP_WITH_TRANSFORMATION(#16899) 
SHAPE_REPRESENTATION_RELATIONSHIP() );
#16899 = ITEM_DEFINED_TRANSFORMATION('','',#11,#19);
#16900 = PRODUCT_DEFINITION_SHAPE('Placement','Placement of an item',
  #16901);
#16901 = NEXT_ASSEMBLY_USAGE_OCCURRENCE('2','=>[0:1:1:3]','',#5,#10886,$
  );
#16902 = PRODUCT_RELATED_PRODUCT_CATEGORY('part',$,(#10888));
#16903 = SHAPE_DEFINITION_REPRESENTATION(#16904,#16910);
#16904 = PRODUCT_DEFINITION_SHAPE('','',#16905);
#16905 = PRODUCT_DEFINITION('design','',#16906,#16909);
#16906 = PRODUCT_DEFINITION_FORMATION('','',#16907);
#16907 = PRODUCT('Heating board - Copy_PCB','Heating board - Copy_PCB',
  '',(#16908));
#16908 = PRODUCT_CONTEXT('',#2,'mechanical');
#16909 = PRODUCT_DEFINITION_CONTEXT('part definition',#2,'design');
#16910 = ADVANCED_BREP_SHAPE_REPRESENTATION('',(#11,#16911),#17373);
#16911 = MANIFOLD_SOLID_BREP('',#16912);
#16912 = CLOSED_SHELL('',(#16913,#16953,#16984,#17015,#17120,#17225,
    #17237,#17254,#17271,#17288,#17305,#17322,#17339,#17356));
#16913 = ADVANCED_FACE('',(#16914),#16948,.T.);
#16914 = FACE_BOUND('',#16915,.T.);
#16915 = EDGE_LOOP('',(#16916,#16926,#16934,#16942));
#16916 = ORIENTED_EDGE('',*,*,#16917,.T.);
#16917 = EDGE_CURVE('',#16918,#16920,#16922,.T.);
#16918 = VERTEX_POINT('',#16919);
#16919 = CARTESIAN_POINT('',(161.601601,-136.585,0.));
#16920 = VERTEX_POINT('',#16921);
#16921 = CARTESIAN_POINT('',(161.601601,-136.585,1.51));
#16922 = LINE('',#16923,#16924);
#16923 = CARTESIAN_POINT('',(161.601601,-136.585,0.));
#16924 = VECTOR('',#16925,1.);
#16925 = DIRECTION('',(0.,0.,1.));
#16926 = ORIENTED_EDGE('',*,*,#16927,.T.);
#16927 = EDGE_CURVE('',#16920,#16928,#16930,.T.);
#16928 = VERTEX_POINT('',#16929);
#16929 = CARTESIAN_POINT('',(132.502643,-136.585,1.51));
#16930 = LINE('',#16931,#16932);
#16931 = CARTESIAN_POINT('',(161.601601,-136.585,1.51));
#16932 = VECTOR('',#16933,1.);
#16933 = DIRECTION('',(-1.,0.,0.));
#16934 = ORIENTED_EDGE('',*,*,#16935,.F.);
#16935 = EDGE_CURVE('',#16936,#16928,#16938,.T.);
#16936 = VERTEX_POINT('',#16937);
#16937 = CARTESIAN_POINT('',(132.502643,-136.585,0.));
#16938 = LINE('',#16939,#16940);
#16939 = CARTESIAN_POINT('',(132.502643,-136.585,0.));
#16940 = VECTOR('',#16941,1.);
#16941 = DIRECTION('',(0.,0.,1.));
#16942 = ORIENTED_EDGE('',*,*,#16943,.F.);
#16943 = EDGE_CURVE('',#16918,#16936,#16944,.T.);
#16944 = LINE('',#16945,#16946);
#16945 = CARTESIAN_POINT('',(161.601601,-136.585,0.));
#16946 = VECTOR('',#16947,1.);
#16947 = DIRECTION('',(-1.,0.,0.));
#16948 = PLANE('',#16949);
#16949 = AXIS2_PLACEMENT_3D('',#16950,#16951,#16952);
#16950 = CARTESIAN_POINT('',(161.601601,-136.585,0.));
#16951 = DIRECTION('',(0.,-1.,0.));
#16952 = DIRECTION('',(-1.,0.,0.));
#16953 = ADVANCED_FACE('',(#16954),#16979,.T.);
#16954 = FACE_BOUND('',#16955,.T.);
#16955 = EDGE_LOOP('',(#16956,#16966,#16972,#16973));
#16956 = ORIENTED_EDGE('',*,*,#16957,.T.);
#16957 = EDGE_CURVE('',#16958,#16960,#16962,.T.);
#16958 = VERTEX_POINT('',#16959);
#16959 = CARTESIAN_POINT('',(161.601601,-51.102643,0.));
#16960 = VERTEX_POINT('',#16961);
#16961 = CARTESIAN_POINT('',(161.601601,-51.102643,1.51));
#16962 = LINE('',#16963,#16964);
#16963 = CARTESIAN_POINT('',(161.601601,-51.102643,0.));
#16964 = VECTOR('',#16965,1.);
#16965 = DIRECTION('',(0.,0.,1.));
#16966 = ORIENTED_EDGE('',*,*,#16967,.T.);
#16967 = EDGE_CURVE('',#16960,#16920,#16968,.T.);
#16968 = LINE('',#16969,#16970);
#16969 = CARTESIAN_POINT('',(161.601601,-51.102643,1.51));
#16970 = VECTOR('',#16971,1.);
#16971 = DIRECTION('',(0.,-1.,0.));
#16972 = ORIENTED_EDGE('',*,*,#16917,.F.);
#16973 = ORIENTED_EDGE('',*,*,#16974,.F.);
#16974 = EDGE_CURVE('',#16958,#16918,#16975,.T.);
#16975 = LINE('',#16976,#16977);
#16976 = CARTESIAN_POINT('',(161.601601,-51.102643,0.));
#16977 = VECTOR('',#16978,1.);
#16978 = DIRECTION('',(0.,-1.,0.));
#16979 = PLANE('',#16980);
#16980 = AXIS2_PLACEMENT_3D('',#16981,#16982,#16983);
#16981 = CARTESIAN_POINT('',(161.601601,-51.102643,0.));
#16982 = DIRECTION('',(1.,0.,-0.));
#16983 = DIRECTION('',(0.,-1.,0.));
#16984 = ADVANCED_FACE('',(#16985),#17010,.T.);
#16985 = FACE_BOUND('',#16986,.T.);
#16986 = EDGE_LOOP('',(#16987,#16988,#16996,#17004));
#16987 = ORIENTED_EDGE('',*,*,#16935,.T.);
#16988 = ORIENTED_EDGE('',*,*,#16989,.T.);
#16989 = EDGE_CURVE('',#16928,#16990,#16992,.T.);
#16990 = VERTEX_POINT('',#16991);
#16991 = CARTESIAN_POINT('',(132.502643,-51.102643,1.51));
#16992 = LINE('',#16993,#16994);
#16993 = CARTESIAN_POINT('',(132.502643,-136.585,1.51));
#16994 = VECTOR('',#16995,1.);
#16995 = DIRECTION('',(0.,1.,0.));
#16996 = ORIENTED_EDGE('',*,*,#16997,.F.);
#16997 = EDGE_CURVE('',#16998,#16990,#17000,.T.);
#16998 = VERTEX_POINT('',#16999);
#16999 = CARTESIAN_POINT('',(132.502643,-51.102643,0.));
#17000 = LINE('',#17001,#17002);
#17001 = CARTESIAN_POINT('',(132.502643,-51.102643,0.));
#17002 = VECTOR('',#17003,1.);
#17003 = DIRECTION('',(0.,0.,1.));
#17004 = ORIENTED_EDGE('',*,*,#17005,.F.);
#17005 = EDGE_CURVE('',#16936,#16998,#17006,.T.);
#17006 = LINE('',#17007,#17008);
#17007 = CARTESIAN_POINT('',(132.502643,-136.585,0.));
#17008 = VECTOR('',#17009,1.);
#17009 = DIRECTION('',(0.,1.,0.));
#17010 = PLANE('',#17011);
#17011 = AXIS2_PLACEMENT_3D('',#17012,#17013,#17014);
#17012 = CARTESIAN_POINT('',(132.502643,-136.585,0.));
#17013 = DIRECTION('',(-1.,0.,0.));
#17014 = DIRECTION('',(0.,1.,0.));
#17015 = ADVANCED_FACE('',(#17016,#17027,#17038,#17049,#17060,#17071,
    #17082,#17093,#17104),#17115,.F.);
#17016 = FACE_BOUND('',#17017,.F.);
#17017 = EDGE_LOOP('',(#17018,#17019,#17020,#17026));
#17018 = ORIENTED_EDGE('',*,*,#16943,.F.);
#17019 = ORIENTED_EDGE('',*,*,#16974,.F.);
#17020 = ORIENTED_EDGE('',*,*,#17021,.F.);
#17021 = EDGE_CURVE('',#16998,#16958,#17022,.T.);
#17022 = LINE('',#17023,#17024);
#17023 = CARTESIAN_POINT('',(132.502643,-51.102643,0.));
#17024 = VECTOR('',#17025,1.);
#17025 = DIRECTION('',(1.,0.,0.));
#17026 = ORIENTED_EDGE('',*,*,#17005,.F.);
#17027 = FACE_BOUND('',#17028,.F.);
#17028 = EDGE_LOOP('',(#17029));
#17029 = ORIENTED_EDGE('',*,*,#17030,.T.);
#17030 = EDGE_CURVE('',#17031,#17031,#17033,.T.);
#17031 = VERTEX_POINT('',#17032);
#17032 = CARTESIAN_POINT('',(134.51,-135.685,0.));
#17033 = CIRCLE('',#17034,1.1);
#17034 = AXIS2_PLACEMENT_3D('',#17035,#17036,#17037);
#17035 = CARTESIAN_POINT('',(134.51,-134.585,0.));
#17036 = DIRECTION('',(-0.,0.,-1.));
#17037 = DIRECTION('',(-0.,-1.,0.));
#17038 = FACE_BOUND('',#17039,.F.);
#17039 = EDGE_LOOP('',(#17040));
#17040 = ORIENTED_EDGE('',*,*,#17041,.T.);
#17041 = EDGE_CURVE('',#17042,#17042,#17044,.T.);
#17042 = VERTEX_POINT('',#17043);
#17043 = CARTESIAN_POINT('',(145.3,-135.8,0.));
#17044 = CIRCLE('',#17045,0.3);
#17045 = AXIS2_PLACEMENT_3D('',#17046,#17047,#17048);
#17046 = CARTESIAN_POINT('',(145.3,-135.5,0.));
#17047 = DIRECTION('',(-0.,0.,-1.));
#17048 = DIRECTION('',(-0.,-1.,0.));
#17049 = FACE_BOUND('',#17050,.F.);
#17050 = EDGE_LOOP('',(#17051));
#17051 = ORIENTED_EDGE('',*,*,#17052,.T.);
#17052 = EDGE_CURVE('',#17053,#17053,#17055,.T.);
#17053 = VERTEX_POINT('',#17054);
#17054 = CARTESIAN_POINT('',(148.9,-135.8,0.));
#17055 = CIRCLE('',#17056,0.3);
#17056 = AXIS2_PLACEMENT_3D('',#17057,#17058,#17059);
#17057 = CARTESIAN_POINT('',(148.9,-135.5,0.));
#17058 = DIRECTION('',(-0.,0.,-1.));
#17059 = DIRECTION('',(9.473903143468E-14,-1.,-0.));
#17060 = FACE_BOUND('',#17061,.F.);
#17061 = EDGE_LOOP('',(#17062));
#17062 = ORIENTED_EDGE('',*,*,#17063,.T.);
#17063 = EDGE_CURVE('',#17064,#17064,#17066,.T.);
#17064 = VERTEX_POINT('',#17065);
#17065 = CARTESIAN_POINT('',(159.59,-135.685,0.));
#17066 = CIRCLE('',#17067,1.1);
#17067 = AXIS2_PLACEMENT_3D('',#17068,#17069,#17070);
#17068 = CARTESIAN_POINT('',(159.59,-134.585,0.));
#17069 = DIRECTION('',(-0.,0.,-1.));
#17070 = DIRECTION('',(-0.,-1.,0.));
#17071 = FACE_BOUND('',#17072,.F.);
#17072 = EDGE_LOOP('',(#17073));
#17073 = ORIENTED_EDGE('',*,*,#17074,.T.);
#17074 = EDGE_CURVE('',#17075,#17075,#17077,.T.);
#17075 = VERTEX_POINT('',#17076);
#17076 = CARTESIAN_POINT('',(160.475,-131.475,0.));
#17077 = CIRCLE('',#17078,0.3);
#17078 = AXIS2_PLACEMENT_3D('',#17079,#17080,#17081);
#17079 = CARTESIAN_POINT('',(160.475,-131.175,0.));
#17080 = DIRECTION('',(-0.,0.,-1.));
#17081 = DIRECTION('',(-9.473903143469E-14,-1.,0.));
#17082 = FACE_BOUND('',#17083,.F.);
#17083 = EDGE_LOOP('',(#17084));
#17084 = ORIENTED_EDGE('',*,*,#17085,.T.);
#17085 = EDGE_CURVE('',#17086,#17086,#17088,.T.);
#17086 = VERTEX_POINT('',#17087);
#17087 = CARTESIAN_POINT('',(160.475,-127.875,0.));
#17088 = CIRCLE('',#17089,0.3);
#17089 = AXIS2_PLACEMENT_3D('',#17090,#17091,#17092);
#17090 = CARTESIAN_POINT('',(160.475,-127.575,0.));
#17091 = DIRECTION('',(-0.,0.,-1.));
#17092 = DIRECTION('',(-9.473903143468E-14,-1.,0.));
#17093 = FACE_BOUND('',#17094,.F.);
#17094 = EDGE_LOOP('',(#17095));
#17095 = ORIENTED_EDGE('',*,*,#17096,.T.);
#17096 = EDGE_CURVE('',#17097,#17097,#17099,.T.);
#17097 = VERTEX_POINT('',#17098);
#17098 = CARTESIAN_POINT('',(134.51,-54.22,0.));
#17099 = CIRCLE('',#17100,1.1);
#17100 = AXIS2_PLACEMENT_3D('',#17101,#17102,#17103);
#17101 = CARTESIAN_POINT('',(134.51,-53.12,0.));
#17102 = DIRECTION('',(-0.,0.,-1.));
#17103 = DIRECTION('',(-0.,-1.,0.));
#17104 = FACE_BOUND('',#17105,.F.);
#17105 = EDGE_LOOP('',(#17106));
#17106 = ORIENTED_EDGE('',*,*,#17107,.T.);
#17107 = EDGE_CURVE('',#17108,#17108,#17110,.T.);
#17108 = VERTEX_POINT('',#17109);
#17109 = CARTESIAN_POINT('',(159.59,-54.22,0.));
#17110 = CIRCLE('',#17111,1.1);
#17111 = AXIS2_PLACEMENT_3D('',#17112,#17113,#17114);
#17112 = CARTESIAN_POINT('',(159.59,-53.12,0.));
#17113 = DIRECTION('',(-0.,0.,-1.));
#17114 = DIRECTION('',(-0.,-1.,0.));
#17115 = PLANE('',#17116);
#17116 = AXIS2_PLACEMENT_3D('',#17117,#17118,#17119);
#17117 = CARTESIAN_POINT('',(0.,0.,0.));
#17118 = DIRECTION('',(0.,0.,1.));
#17119 = DIRECTION('',(1.,0.,-0.));
#17120 = ADVANCED_FACE('',(#17121,#17132,#17143,#17154,#17165,#17176,
    #17187,#17198,#17209),#17220,.T.);
#17121 = FACE_BOUND('',#17122,.T.);
#17122 = EDGE_LOOP('',(#17123,#17124,#17125,#17131));
#17123 = ORIENTED_EDGE('',*,*,#16927,.F.);
#17124 = ORIENTED_EDGE('',*,*,#16967,.F.);
#17125 = ORIENTED_EDGE('',*,*,#17126,.F.);
#17126 = EDGE_CURVE('',#16990,#16960,#17127,.T.);
#17127 = LINE('',#17128,#17129);
#17128 = CARTESIAN_POINT('',(132.502643,-51.102643,1.51));
#17129 = VECTOR('',#17130,1.);
#17130 = DIRECTION('',(1.,0.,0.));
#17131 = ORIENTED_EDGE('',*,*,#16989,.F.);
#17132 = FACE_BOUND('',#17133,.T.);
#17133 = EDGE_LOOP('',(#17134));
#17134 = ORIENTED_EDGE('',*,*,#17135,.T.);
#17135 = EDGE_CURVE('',#17136,#17136,#17138,.T.);
#17136 = VERTEX_POINT('',#17137);
#17137 = CARTESIAN_POINT('',(134.51,-135.685,1.51));
#17138 = CIRCLE('',#17139,1.1);
#17139 = AXIS2_PLACEMENT_3D('',#17140,#17141,#17142);
#17140 = CARTESIAN_POINT('',(134.51,-134.585,1.51));
#17141 = DIRECTION('',(-0.,0.,-1.));
#17142 = DIRECTION('',(-0.,-1.,0.));
#17143 = FACE_BOUND('',#17144,.T.);
#17144 = EDGE_LOOP('',(#17145));
#17145 = ORIENTED_EDGE('',*,*,#17146,.T.);
#17146 = EDGE_CURVE('',#17147,#17147,#17149,.T.);
#17147 = VERTEX_POINT('',#17148);
#17148 = CARTESIAN_POINT('',(145.3,-135.8,1.51));
#17149 = CIRCLE('',#17150,0.3);
#17150 = AXIS2_PLACEMENT_3D('',#17151,#17152,#17153);
#17151 = CARTESIAN_POINT('',(145.3,-135.5,1.51));
#17152 = DIRECTION('',(-0.,0.,-1.));
#17153 = DIRECTION('',(-0.,-1.,0.));
#17154 = FACE_BOUND('',#17155,.T.);
#17155 = EDGE_LOOP('',(#17156));
#17156 = ORIENTED_EDGE('',*,*,#17157,.T.);
#17157 = EDGE_CURVE('',#17158,#17158,#17160,.T.);
#17158 = VERTEX_POINT('',#17159);
#17159 = CARTESIAN_POINT('',(148.9,-135.8,1.51));
#17160 = CIRCLE('',#17161,0.3);
#17161 = AXIS2_PLACEMENT_3D('',#17162,#17163,#17164);
#17162 = CARTESIAN_POINT('',(148.9,-135.5,1.51));
#17163 = DIRECTION('',(-0.,0.,-1.));
#17164 = DIRECTION('',(9.473903143468E-14,-1.,-0.));
#17165 = FACE_BOUND('',#17166,.T.);
#17166 = EDGE_LOOP('',(#17167));
#17167 = ORIENTED_EDGE('',*,*,#17168,.T.);
#17168 = EDGE_CURVE('',#17169,#17169,#17171,.T.);
#17169 = VERTEX_POINT('',#17170);
#17170 = CARTESIAN_POINT('',(159.59,-135.685,1.51));
#17171 = CIRCLE('',#17172,1.1);
#17172 = AXIS2_PLACEMENT_3D('',#17173,#17174,#17175);
#17173 = CARTESIAN_POINT('',(159.59,-134.585,1.51));
#17174 = DIRECTION('',(-0.,0.,-1.));
#17175 = DIRECTION('',(-0.,-1.,0.));
#17176 = FACE_BOUND('',#17177,.T.);
#17177 = EDGE_LOOP('',(#17178));
#17178 = ORIENTED_EDGE('',*,*,#17179,.T.);
#17179 = EDGE_CURVE('',#17180,#17180,#17182,.T.);
#17180 = VERTEX_POINT('',#17181);
#17181 = CARTESIAN_POINT('',(160.475,-131.475,1.51));
#17182 = CIRCLE('',#17183,0.3);
#17183 = AXIS2_PLACEMENT_3D('',#17184,#17185,#17186);
#17184 = CARTESIAN_POINT('',(160.475,-131.175,1.51));
#17185 = DIRECTION('',(-0.,0.,-1.));
#17186 = DIRECTION('',(-9.473903143469E-14,-1.,0.));
#17187 = FACE_BOUND('',#17188,.T.);
#17188 = EDGE_LOOP('',(#17189));
#17189 = ORIENTED_EDGE('',*,*,#17190,.T.);
#17190 = EDGE_CURVE('',#17191,#17191,#17193,.T.);
#17191 = VERTEX_POINT('',#17192);
#17192 = CARTESIAN_POINT('',(160.475,-127.875,1.51));
#17193 = CIRCLE('',#17194,0.3);
#17194 = AXIS2_PLACEMENT_3D('',#17195,#17196,#17197);
#17195 = CARTESIAN_POINT('',(160.475,-127.575,1.51));
#17196 = DIRECTION('',(-0.,0.,-1.));
#17197 = DIRECTION('',(-9.473903143468E-14,-1.,0.));
#17198 = FACE_BOUND('',#17199,.T.);
#17199 = EDGE_LOOP('',(#17200));
#17200 = ORIENTED_EDGE('',*,*,#17201,.T.);
#17201 = EDGE_CURVE('',#17202,#17202,#17204,.T.);
#17202 = VERTEX_POINT('',#17203);
#17203 = CARTESIAN_POINT('',(134.51,-54.22,1.51));
#17204 = CIRCLE('',#17205,1.1);
#17205 = AXIS2_PLACEMENT_3D('',#17206,#17207,#17208);
#17206 = CARTESIAN_POINT('',(134.51,-53.12,1.51));
#17207 = DIRECTION('',(-0.,0.,-1.));
#17208 = DIRECTION('',(-0.,-1.,0.));
#17209 = FACE_BOUND('',#17210,.T.);
#17210 = EDGE_LOOP('',(#17211));
#17211 = ORIENTED_EDGE('',*,*,#17212,.T.);
#17212 = EDGE_CURVE('',#17213,#17213,#17215,.T.);
#17213 = VERTEX_POINT('',#17214);
#17214 = CARTESIAN_POINT('',(159.59,-54.22,1.51));
#17215 = CIRCLE('',#17216,1.1);
#17216 = AXIS2_PLACEMENT_3D('',#17217,#17218,#17219);
#17217 = CARTESIAN_POINT('',(159.59,-53.12,1.51));
#17218 = DIRECTION('',(-0.,0.,-1.));
#17219 = DIRECTION('',(-0.,-1.,0.));
#17220 = PLANE('',#17221);
#17221 = AXIS2_PLACEMENT_3D('',#17222,#17223,#17224);
#17222 = CARTESIAN_POINT('',(0.,0.,1.51));
#17223 = DIRECTION('',(0.,0.,1.));
#17224 = DIRECTION('',(1.,0.,-0.));
#17225 = ADVANCED_FACE('',(#17226),#17232,.T.);
#17226 = FACE_BOUND('',#17227,.T.);
#17227 = EDGE_LOOP('',(#17228,#17229,#17230,#17231));
#17228 = ORIENTED_EDGE('',*,*,#16997,.T.);
#17229 = ORIENTED_EDGE('',*,*,#17126,.T.);
#17230 = ORIENTED_EDGE('',*,*,#16957,.F.);
#17231 = ORIENTED_EDGE('',*,*,#17021,.F.);
#17232 = PLANE('',#17233);
#17233 = AXIS2_PLACEMENT_3D('',#17234,#17235,#17236);
#17234 = CARTESIAN_POINT('',(132.502643,-51.102643,0.));
#17235 = DIRECTION('',(0.,1.,0.));
#17236 = DIRECTION('',(1.,0.,0.));
#17237 = ADVANCED_FACE('',(#17238),#17249,.F.);
#17238 = FACE_BOUND('',#17239,.T.);
#17239 = EDGE_LOOP('',(#17240,#17241,#17247,#17248));
#17240 = ORIENTED_EDGE('',*,*,#17030,.T.);
#17241 = ORIENTED_EDGE('',*,*,#17242,.T.);
#17242 = EDGE_CURVE('',#17031,#17136,#17243,.T.);
#17243 = LINE('',#17244,#17245);
#17244 = CARTESIAN_POINT('',(134.51,-135.685,-4.6E-02));
#17245 = VECTOR('',#17246,1.);
#17246 = DIRECTION('',(0.,0.,1.));
#17247 = ORIENTED_EDGE('',*,*,#17135,.F.);
#17248 = ORIENTED_EDGE('',*,*,#17242,.F.);
#17249 = CYLINDRICAL_SURFACE('',#17250,1.1);
#17250 = AXIS2_PLACEMENT_3D('',#17251,#17252,#17253);
#17251 = CARTESIAN_POINT('',(134.51,-134.585,-4.6E-02));
#17252 = DIRECTION('',(-0.,-0.,-1.));
#17253 = DIRECTION('',(-0.,-1.,0.));
#17254 = ADVANCED_FACE('',(#17255),#17266,.F.);
#17255 = FACE_BOUND('',#17256,.T.);
#17256 = EDGE_LOOP('',(#17257,#17258,#17264,#17265));
#17257 = ORIENTED_EDGE('',*,*,#17041,.T.);
#17258 = ORIENTED_EDGE('',*,*,#17259,.T.);
#17259 = EDGE_CURVE('',#17042,#17147,#17260,.T.);
#17260 = LINE('',#17261,#17262);
#17261 = CARTESIAN_POINT('',(145.3,-135.8,-4.6E-02));
#17262 = VECTOR('',#17263,1.);
#17263 = DIRECTION('',(0.,0.,1.));
#17264 = ORIENTED_EDGE('',*,*,#17146,.F.);
#17265 = ORIENTED_EDGE('',*,*,#17259,.F.);
#17266 = CYLINDRICAL_SURFACE('',#17267,0.3);
#17267 = AXIS2_PLACEMENT_3D('',#17268,#17269,#17270);
#17268 = CARTESIAN_POINT('',(145.3,-135.5,-4.6E-02));
#17269 = DIRECTION('',(-0.,-0.,-1.));
#17270 = DIRECTION('',(-0.,-1.,0.));
#17271 = ADVANCED_FACE('',(#17272),#17283,.F.);
#17272 = FACE_BOUND('',#17273,.T.);
#17273 = EDGE_LOOP('',(#17274,#17275,#17281,#17282));
#17274 = ORIENTED_EDGE('',*,*,#17052,.T.);
#17275 = ORIENTED_EDGE('',*,*,#17276,.T.);
#17276 = EDGE_CURVE('',#17053,#17158,#17277,.T.);
#17277 = LINE('',#17278,#17279);
#17278 = CARTESIAN_POINT('',(148.9,-135.8,-4.6E-02));
#17279 = VECTOR('',#17280,1.);
#17280 = DIRECTION('',(0.,0.,1.));
#17281 = ORIENTED_EDGE('',*,*,#17157,.F.);
#17282 = ORIENTED_EDGE('',*,*,#17276,.F.);
#17283 = CYLINDRICAL_SURFACE('',#17284,0.3);
#17284 = AXIS2_PLACEMENT_3D('',#17285,#17286,#17287);
#17285 = CARTESIAN_POINT('',(148.9,-135.5,-4.6E-02));
#17286 = DIRECTION('',(-0.,0.,-1.));
#17287 = DIRECTION('',(9.473903143468E-14,-1.,-0.));
#17288 = ADVANCED_FACE('',(#17289),#17300,.F.);
#17289 = FACE_BOUND('',#17290,.T.);
#17290 = EDGE_LOOP('',(#17291,#17292,#17298,#17299));
#17291 = ORIENTED_EDGE('',*,*,#17063,.T.);
#17292 = ORIENTED_EDGE('',*,*,#17293,.T.);
#17293 = EDGE_CURVE('',#17064,#17169,#17294,.T.);
#17294 = LINE('',#17295,#17296);
#17295 = CARTESIAN_POINT('',(159.59,-135.685,-4.6E-02));
#17296 = VECTOR('',#17297,1.);
#17297 = DIRECTION('',(0.,0.,1.));
#17298 = ORIENTED_EDGE('',*,*,#17168,.F.);
#17299 = ORIENTED_EDGE('',*,*,#17293,.F.);
#17300 = CYLINDRICAL_SURFACE('',#17301,1.1);
#17301 = AXIS2_PLACEMENT_3D('',#17302,#17303,#17304);
#17302 = CARTESIAN_POINT('',(159.59,-134.585,-4.6E-02));
#17303 = DIRECTION('',(-0.,-0.,-1.));
#17304 = DIRECTION('',(-0.,-1.,0.));
#17305 = ADVANCED_FACE('',(#17306),#17317,.F.);
#17306 = FACE_BOUND('',#17307,.T.);
#17307 = EDGE_LOOP('',(#17308,#17309,#17315,#17316));
#17308 = ORIENTED_EDGE('',*,*,#17074,.T.);
#17309 = ORIENTED_EDGE('',*,*,#17310,.T.);
#17310 = EDGE_CURVE('',#17075,#17180,#17311,.T.);
#17311 = LINE('',#17312,#17313);
#17312 = CARTESIAN_POINT('',(160.475,-131.475,-4.6E-02));
#17313 = VECTOR('',#17314,1.);
#17314 = DIRECTION('',(0.,0.,1.));
#17315 = ORIENTED_EDGE('',*,*,#17179,.F.);
#17316 = ORIENTED_EDGE('',*,*,#17310,.F.);
#17317 = CYLINDRICAL_SURFACE('',#17318,0.3);
#17318 = AXIS2_PLACEMENT_3D('',#17319,#17320,#17321);
#17319 = CARTESIAN_POINT('',(160.475,-131.175,-4.6E-02));
#17320 = DIRECTION('',(-0.,-0.,-1.));
#17321 = DIRECTION('',(-9.473903143469E-14,-1.,0.));
#17322 = ADVANCED_FACE('',(#17323),#17334,.F.);
#17323 = FACE_BOUND('',#17324,.T.);
#17324 = EDGE_LOOP('',(#17325,#17326,#17332,#17333));
#17325 = ORIENTED_EDGE('',*,*,#17085,.T.);
#17326 = ORIENTED_EDGE('',*,*,#17327,.T.);
#17327 = EDGE_CURVE('',#17086,#17191,#17328,.T.);
#17328 = LINE('',#17329,#17330);
#17329 = CARTESIAN_POINT('',(160.475,-127.875,-4.6E-02));
#17330 = VECTOR('',#17331,1.);
#17331 = DIRECTION('',(0.,0.,1.));
#17332 = ORIENTED_EDGE('',*,*,#17190,.F.);
#17333 = ORIENTED_EDGE('',*,*,#17327,.F.);
#17334 = CYLINDRICAL_SURFACE('',#17335,0.3);
#17335 = AXIS2_PLACEMENT_3D('',#17336,#17337,#17338);
#17336 = CARTESIAN_POINT('',(160.475,-127.575,-4.6E-02));
#17337 = DIRECTION('',(-0.,-0.,-1.));
#17338 = DIRECTION('',(-9.473903143468E-14,-1.,0.));
#17339 = ADVANCED_FACE('',(#17340),#17351,.F.);
#17340 = FACE_BOUND('',#17341,.T.);
#17341 = EDGE_LOOP('',(#17342,#17343,#17349,#17350));
#17342 = ORIENTED_EDGE('',*,*,#17096,.T.);
#17343 = ORIENTED_EDGE('',*,*,#17344,.T.);
#17344 = EDGE_CURVE('',#17097,#17202,#17345,.T.);
#17345 = LINE('',#17346,#17347);
#17346 = CARTESIAN_POINT('',(134.51,-54.22,-4.6E-02));
#17347 = VECTOR('',#17348,1.);
#17348 = DIRECTION('',(0.,0.,1.));
#17349 = ORIENTED_EDGE('',*,*,#17201,.F.);
#17350 = ORIENTED_EDGE('',*,*,#17344,.F.);
#17351 = CYLINDRICAL_SURFACE('',#17352,1.1);
#17352 = AXIS2_PLACEMENT_3D('',#17353,#17354,#17355);
#17353 = CARTESIAN_POINT('',(134.51,-53.12,-4.6E-02));
#17354 = DIRECTION('',(-0.,-0.,-1.));
#17355 = DIRECTION('',(-0.,-1.,0.));
#17356 = ADVANCED_FACE('',(#17357),#17368,.F.);
#17357 = FACE_BOUND('',#17358,.T.);
#17358 = EDGE_LOOP('',(#17359,#17360,#17366,#17367));
#17359 = ORIENTED_EDGE('',*,*,#17107,.T.);
#17360 = ORIENTED_EDGE('',*,*,#17361,.T.);
#17361 = EDGE_CURVE('',#17108,#17213,#17362,.T.);
#17362 = LINE('',#17363,#17364);
#17363 = CARTESIAN_POINT('',(159.59,-54.22,-4.6E-02));
#17364 = VECTOR('',#17365,1.);
#17365 = DIRECTION('',(0.,0.,1.));
#17366 = ORIENTED_EDGE('',*,*,#17212,.F.);
#17367 = ORIENTED_EDGE('',*,*,#17361,.F.);
#17368 = CYLINDRICAL_SURFACE('',#17369,1.1);
#17369 = AXIS2_PLACEMENT_3D('',#17370,#17371,#17372);
#17370 = CARTESIAN_POINT('',(159.59,-53.12,-4.6E-02));
#17371 = DIRECTION('',(-0.,-0.,-1.));
#17372 = DIRECTION('',(-0.,-1.,0.));
#17373 = ( GEOMETRIC_REPRESENTATION_CONTEXT(3) 
GLOBAL_UNCERTAINTY_ASSIGNED_CONTEXT((#17377)) 
GLOBAL_UNIT_ASSIGNED_CONTEXT((#17374,#17375,#17376)) 
REPRESENTATION_CONTEXT('Context #1',
  '3D Context with UNIT and UNCERTAINTY') );
#17374 = ( LENGTH_UNIT() NAMED_UNIT(*) SI_UNIT(.MILLI.,.METRE.) );
#17375 = ( NAMED_UNIT(*) PLANE_ANGLE_UNIT() SI_UNIT($,.RADIAN.) );
#17376 = ( NAMED_UNIT(*) SI_UNIT($,.STERADIAN.) SOLID_ANGLE_UNIT() );
#17377 = UNCERTAINTY_MEASURE_WITH_UNIT(LENGTH_MEASURE(1.E-07),#17374,
  'distance_accuracy_value','confusion accuracy');
#17378 = CONTEXT_DEPENDENT_SHAPE_REPRESENTATION(#17379,#17381);
#17379 = ( REPRESENTATION_RELATIONSHIP('','',#16910,#10) 
REPRESENTATION_RELATIONSHIP_WITH_TRANSFORMATION(#17380) 
SHAPE_REPRESENTATION_RELATIONSHIP() );
#17380 = ITEM_DEFINED_TRANSFORMATION('','',#11,#23);
#17381 = PRODUCT_DEFINITION_SHAPE('Placement','Placement of an item',
  #17382);
#17382 = NEXT_ASSEMBLY_USAGE_OCCURRENCE('3','=>[0:1:1:4]','',#5,#16905,$
  );
#17383 = PRODUCT_RELATED_PRODUCT_CATEGORY('part',$,(#16907));
#17384 = MECHANICAL_DESIGN_GEOMETRIC_PRESENTATION_REPRESENTATION('',(
    #17385,#17393,#17400,#17407),#10873);
#17385 = STYLED_ITEM('color',(#17386),#41);
#17386 = PRESENTATION_STYLE_ASSIGNMENT((#17387));
#17387 = SURFACE_STYLE_USAGE(.BOTH.,#17388);
#17388 = SURFACE_SIDE_STYLE('',(#17389));
#17389 = SURFACE_STYLE_FILL_AREA(#17390);
#17390 = FILL_AREA_STYLE('',(#17391));
#17391 = FILL_AREA_STYLE_COLOUR('',#17392);
#17392 = COLOUR_RGB('',0.854305825093,0.803630995277,0.);
#17393 = STYLED_ITEM('color',(#17394),#492);
#17394 = PRESENTATION_STYLE_ASSIGNMENT((#17395));
#17395 = SURFACE_STYLE_USAGE(.BOTH.,#17396);
#17396 = SURFACE_SIDE_STYLE('',(#17397));
#17397 = SURFACE_STYLE_FILL_AREA(#17398);
#17398 = FILL_AREA_STYLE('',(#17399));
#17399 = FILL_AREA_STYLE_COLOUR('',#17392);
#17400 = STYLED_ITEM('color',(#17401),#1141);
#17401 = PRESENTATION_STYLE_ASSIGNMENT((#17402));
#17402 = SURFACE_STYLE_USAGE(.BOTH.,#17403);
#17403 = SURFACE_SIDE_STYLE('',(#17404));
#17404 = SURFACE_STYLE_FILL_AREA(#17405);
#17405 = FILL_AREA_STYLE('',(#17406));
#17406 = FILL_AREA_STYLE_COLOUR('',#17392);
#17407 = STYLED_ITEM('color',(#17408),#1891);
#17408 = PRESENTATION_STYLE_ASSIGNMENT((#17409));
#17409 = SURFACE_STYLE_USAGE(.BOTH.,#17410);
#17410 = SURFACE_SIDE_STYLE('',(#17411));
#17411 = SURFACE_STYLE_FILL_AREA(#17412);
#17412 = FILL_AREA_STYLE('',(#17413));
#17413 = FILL_AREA_STYLE_COLOUR('',#17392);
#17414 = MECHANICAL_DESIGN_GEOMETRIC_PRESENTATION_REPRESENTATION('',(
    #17415,#17422,#17429,#17436,#17443,#17450,#17457,#17464,#17471,
    #17478,#17485,#17492,#17499,#17506,#17513,#17520,#17527,#17534,
    #17541,#17548,#17555,#17562,#17569,#17576,#17583,#17590,#17597,
    #17604,#17611,#17618,#17625,#17632,#17639,#17646,#17653,#17660),
  #16892);
#17415 = STYLED_ITEM('color',(#17416),#10892);
#17416 = PRESENTATION_STYLE_ASSIGNMENT((#17417));
#17417 = SURFACE_STYLE_USAGE(.BOTH.,#17418);
#17418 = SURFACE_SIDE_STYLE('',(#17419));
#17419 = SURFACE_STYLE_FILL_AREA(#17420);
#17420 = FILL_AREA_STYLE('',(#17421));
#17421 = FILL_AREA_STYLE_COLOUR('',#17392);
#17422 = STYLED_ITEM('color',(#17423),#10984);
#17423 = PRESENTATION_STYLE_ASSIGNMENT((#17424));
#17424 = SURFACE_STYLE_USAGE(.BOTH.,#17425);
#17425 = SURFACE_SIDE_STYLE('',(#17426));
#17426 = SURFACE_STYLE_FILL_AREA(#17427);
#17427 = FILL_AREA_STYLE('',(#17428));
#17428 = FILL_AREA_STYLE_COLOUR('',#17392);
#17429 = STYLED_ITEM('color',(#17430),#11076);
#17430 = PRESENTATION_STYLE_ASSIGNMENT((#17431));
#17431 = SURFACE_STYLE_USAGE(.BOTH.,#17432);
#17432 = SURFACE_SIDE_STYLE('',(#17433));
#17433 = SURFACE_STYLE_FILL_AREA(#17434);
#17434 = FILL_AREA_STYLE('',(#17435));
#17435 = FILL_AREA_STYLE_COLOUR('',#17392);
#17436 = STYLED_ITEM('color',(#17437),#11168);
#17437 = PRESENTATION_STYLE_ASSIGNMENT((#17438));
#17438 = SURFACE_STYLE_USAGE(.BOTH.,#17439);
#17439 = SURFACE_SIDE_STYLE('',(#17440));
#17440 = SURFACE_STYLE_FILL_AREA(#17441);
#17441 = FILL_AREA_STYLE('',(#17442));
#17442 = FILL_AREA_STYLE_COLOUR('',#17392);
#17443 = STYLED_ITEM('color',(#17444),#11260);
#17444 = PRESENTATION_STYLE_ASSIGNMENT((#17445));
#17445 = SURFACE_STYLE_USAGE(.BOTH.,#17446);
#17446 = SURFACE_SIDE_STYLE('',(#17447));
#17447 = SURFACE_STYLE_FILL_AREA(#17448);
#17448 = FILL_AREA_STYLE('',(#17449));
#17449 = FILL_AREA_STYLE_COLOUR('',#17392);
#17450 = STYLED_ITEM('color',(#17451),#11352);
#17451 = PRESENTATION_STYLE_ASSIGNMENT((#17452));
#17452 = SURFACE_STYLE_USAGE(.BOTH.,#17453);
#17453 = SURFACE_SIDE_STYLE('',(#17454));
#17454 = SURFACE_STYLE_FILL_AREA(#17455);
#17455 = FILL_AREA_STYLE('',(#17456));
#17456 = FILL_AREA_STYLE_COLOUR('',#17392);
#17457 = STYLED_ITEM('color',(#17458),#11444);
#17458 = PRESENTATION_STYLE_ASSIGNMENT((#17459));
#17459 = SURFACE_STYLE_USAGE(.BOTH.,#17460);
#17460 = SURFACE_SIDE_STYLE('',(#17461));
#17461 = SURFACE_STYLE_FILL_AREA(#17462);
#17462 = FILL_AREA_STYLE('',(#17463));
#17463 = FILL_AREA_STYLE_COLOUR('',#17392);
#17464 = STYLED_ITEM('color',(#17465),#11536);
#17465 = PRESENTATION_STYLE_ASSIGNMENT((#17466));
#17466 = SURFACE_STYLE_USAGE(.BOTH.,#17467);
#17467 = SURFACE_SIDE_STYLE('',(#17468));
#17468 = SURFACE_STYLE_FILL_AREA(#17469);
#17469 = FILL_AREA_STYLE('',(#17470));
#17470 = FILL_AREA_STYLE_COLOUR('',#17392);
#17471 = STYLED_ITEM('color',(#17472),#11628);
#17472 = PRESENTATION_STYLE_ASSIGNMENT((#17473));
#17473 = SURFACE_STYLE_USAGE(.BOTH.,#17474);
#17474 = SURFACE_SIDE_STYLE('',(#17475));
#17475 = SURFACE_STYLE_FILL_AREA(#17476);
#17476 = FILL_AREA_STYLE('',(#17477));
#17477 = FILL_AREA_STYLE_COLOUR('',#17392);
#17478 = STYLED_ITEM('color',(#17479),#11720);
#17479 = PRESENTATION_STYLE_ASSIGNMENT((#17480));
#17480 = SURFACE_STYLE_USAGE(.BOTH.,#17481);
#17481 = SURFACE_SIDE_STYLE('',(#17482));
#17482 = SURFACE_STYLE_FILL_AREA(#17483);
#17483 = FILL_AREA_STYLE('',(#17484));
#17484 = FILL_AREA_STYLE_COLOUR('',#17392);
#17485 = STYLED_ITEM('color',(#17486),#11812);
#17486 = PRESENTATION_STYLE_ASSIGNMENT((#17487));
#17487 = SURFACE_STYLE_USAGE(.BOTH.,#17488);
#17488 = SURFACE_SIDE_STYLE('',(#17489));
#17489 = SURFACE_STYLE_FILL_AREA(#17490);
#17490 = FILL_AREA_STYLE('',(#17491));
#17491 = FILL_AREA_STYLE_COLOUR('',#17392);
#17492 = STYLED_ITEM('color',(#17493),#11904);
#17493 = PRESENTATION_STYLE_ASSIGNMENT((#17494));
#17494 = SURFACE_STYLE_USAGE(.BOTH.,#17495);
#17495 = SURFACE_SIDE_STYLE('',(#17496));
#17496 = SURFACE_STYLE_FILL_AREA(#17497);
#17497 = FILL_AREA_STYLE('',(#17498));
#17498 = FILL_AREA_STYLE_COLOUR('',#17392);
#17499 = STYLED_ITEM('color',(#17500),#11996);
#17500 = PRESENTATION_STYLE_ASSIGNMENT((#17501));
#17501 = SURFACE_STYLE_USAGE(.BOTH.,#17502);
#17502 = SURFACE_SIDE_STYLE('',(#17503));
#17503 = SURFACE_STYLE_FILL_AREA(#17504);
#17504 = FILL_AREA_STYLE('',(#17505));
#17505 = FILL_AREA_STYLE_COLOUR('',#17392);
#17506 = STYLED_ITEM('color',(#17507),#12088);
#17507 = PRESENTATION_STYLE_ASSIGNMENT((#17508));
#17508 = SURFACE_STYLE_USAGE(.BOTH.,#17509);
#17509 = SURFACE_SIDE_STYLE('',(#17510));
#17510 = SURFACE_STYLE_FILL_AREA(#17511);
#17511 = FILL_AREA_STYLE('',(#17512));
#17512 = FILL_AREA_STYLE_COLOUR('',#17392);
#17513 = STYLED_ITEM('color',(#17514),#12180);
#17514 = PRESENTATION_STYLE_ASSIGNMENT((#17515));
#17515 = SURFACE_STYLE_USAGE(.BOTH.,#17516);
#17516 = SURFACE_SIDE_STYLE('',(#17517));
#17517 = SURFACE_STYLE_FILL_AREA(#17518);
#17518 = FILL_AREA_STYLE('',(#17519));
#17519 = FILL_AREA_STYLE_COLOUR('',#17392);
#17520 = STYLED_ITEM('color',(#17521),#12272);
#17521 = PRESENTATION_STYLE_ASSIGNMENT((#17522));
#17522 = SURFACE_STYLE_USAGE(.BOTH.,#17523);
#17523 = SURFACE_SIDE_STYLE('',(#17524));
#17524 = SURFACE_STYLE_FILL_AREA(#17525);
#17525 = FILL_AREA_STYLE('',(#17526));
#17526 = FILL_AREA_STYLE_COLOUR('',#17392);
#17527 = STYLED_ITEM('color',(#17528),#12364);
#17528 = PRESENTATION_STYLE_ASSIGNMENT((#17529));
#17529 = SURFACE_STYLE_USAGE(.BOTH.,#17530);
#17530 = SURFACE_SIDE_STYLE('',(#17531));
#17531 = SURFACE_STYLE_FILL_AREA(#17532);
#17532 = FILL_AREA_STYLE('',(#17533));
#17533 = FILL_AREA_STYLE_COLOUR('',#17392);
#17534 = STYLED_ITEM('color',(#17535),#12456);
#17535 = PRESENTATION_STYLE_ASSIGNMENT((#17536));
#17536 = SURFACE_STYLE_USAGE(.BOTH.,#17537);
#17537 = SURFACE_SIDE_STYLE('',(#17538));
#17538 = SURFACE_STYLE_FILL_AREA(#17539);
#17539 = FILL_AREA_STYLE('',(#17540));
#17540 = FILL_AREA_STYLE_COLOUR('',#17392);
#17541 = STYLED_ITEM('color',(#17542),#12548);
#17542 = PRESENTATION_STYLE_ASSIGNMENT((#17543));
#17543 = SURFACE_STYLE_USAGE(.BOTH.,#17544);
#17544 = SURFACE_SIDE_STYLE('',(#17545));
#17545 = SURFACE_STYLE_FILL_AREA(#17546);
#17546 = FILL_AREA_STYLE('',(#17547));
#17547 = FILL_AREA_STYLE_COLOUR('',#17392);
#17548 = STYLED_ITEM('color',(#17549),#12640);
#17549 = PRESENTATION_STYLE_ASSIGNMENT((#17550));
#17550 = SURFACE_STYLE_USAGE(.BOTH.,#17551);
#17551 = SURFACE_SIDE_STYLE('',(#17552));
#17552 = SURFACE_STYLE_FILL_AREA(#17553);
#17553 = FILL_AREA_STYLE('',(#17554));
#17554 = FILL_AREA_STYLE_COLOUR('',#17392);
#17555 = STYLED_ITEM('color',(#17556),#12732);
#17556 = PRESENTATION_STYLE_ASSIGNMENT((#17557));
#17557 = SURFACE_STYLE_USAGE(.BOTH.,#17558);
#17558 = SURFACE_SIDE_STYLE('',(#17559));
#17559 = SURFACE_STYLE_FILL_AREA(#17560);
#17560 = FILL_AREA_STYLE('',(#17561));
#17561 = FILL_AREA_STYLE_COLOUR('',#17392);
#17562 = STYLED_ITEM('color',(#17563),#13061);
#17563 = PRESENTATION_STYLE_ASSIGNMENT((#17564));
#17564 = SURFACE_STYLE_USAGE(.BOTH.,#17565);
#17565 = SURFACE_SIDE_STYLE('',(#17566));
#17566 = SURFACE_STYLE_FILL_AREA(#17567);
#17567 = FILL_AREA_STYLE('',(#17568));
#17568 = FILL_AREA_STYLE_COLOUR('',#17392);
#17569 = STYLED_ITEM('color',(#17570),#13390);
#17570 = PRESENTATION_STYLE_ASSIGNMENT((#17571));
#17571 = SURFACE_STYLE_USAGE(.BOTH.,#17572);
#17572 = SURFACE_SIDE_STYLE('',(#17573));
#17573 = SURFACE_STYLE_FILL_AREA(#17574);
#17574 = FILL_AREA_STYLE('',(#17575));
#17575 = FILL_AREA_STYLE_COLOUR('',#17392);
#17576 = STYLED_ITEM('color',(#17577),#13482);
#17577 = PRESENTATION_STYLE_ASSIGNMENT((#17578));
#17578 = SURFACE_STYLE_USAGE(.BOTH.,#17579);
#17579 = SURFACE_SIDE_STYLE('',(#17580));
#17580 = SURFACE_STYLE_FILL_AREA(#17581);
#17581 = FILL_AREA_STYLE('',(#17582));
#17582 = FILL_AREA_STYLE_COLOUR('',#17392);
#17583 = STYLED_ITEM('color',(#17584),#13772);
#17584 = PRESENTATION_STYLE_ASSIGNMENT((#17585));
#17585 = SURFACE_STYLE_USAGE(.BOTH.,#17586);
#17586 = SURFACE_SIDE_STYLE('',(#17587));
#17587 = SURFACE_STYLE_FILL_AREA(#17588);
#17588 = FILL_AREA_STYLE('',(#17589));
#17589 = FILL_AREA_STYLE_COLOUR('',#17392);
#17590 = STYLED_ITEM('color',(#17591),#14101);
#17591 = PRESENTATION_STYLE_ASSIGNMENT((#17592));
#17592 = SURFACE_STYLE_USAGE(.BOTH.,#17593);
#17593 = SURFACE_SIDE_STYLE('',(#17594));
#17594 = SURFACE_STYLE_FILL_AREA(#17595);
#17595 = FILL_AREA_STYLE('',(#17596));
#17596 = FILL_AREA_STYLE_COLOUR('',#17392);
#17597 = STYLED_ITEM('color',(#17598),#14430);
#17598 = PRESENTATION_STYLE_ASSIGNMENT((#17599));
#17599 = SURFACE_STYLE_USAGE(.BOTH.,#17600);
#17600 = SURFACE_SIDE_STYLE('',(#17601));
#17601 = SURFACE_STYLE_FILL_AREA(#17602);
#17602 = FILL_AREA_STYLE('',(#17603));
#17603 = FILL_AREA_STYLE_COLOUR('',#17392);
#17604 = STYLED_ITEM('color',(#17605),#14522);
#17605 = PRESENTATION_STYLE_ASSIGNMENT((#17606));
#17606 = SURFACE_STYLE_USAGE(.BOTH.,#17607);
#17607 = SURFACE_SIDE_STYLE('',(#17608));
#17608 = SURFACE_STYLE_FILL_AREA(#17609);
#17609 = FILL_AREA_STYLE('',(#17610));
#17610 = FILL_AREA_STYLE_COLOUR('',#17392);
#17611 = STYLED_ITEM('color',(#17612),#14812);
#17612 = PRESENTATION_STYLE_ASSIGNMENT((#17613));
#17613 = SURFACE_STYLE_USAGE(.BOTH.,#17614);
#17614 = SURFACE_SIDE_STYLE('',(#17615));
#17615 = SURFACE_STYLE_FILL_AREA(#17616);
#17616 = FILL_AREA_STYLE('',(#17617));
#17617 = FILL_AREA_STYLE_COLOUR('',#17392);
#17618 = STYLED_ITEM('color',(#17619),#15102);
#17619 = PRESENTATION_STYLE_ASSIGNMENT((#17620));
#17620 = SURFACE_STYLE_USAGE(.BOTH.,#17621);
#17621 = SURFACE_SIDE_STYLE('',(#17622));
#17622 = SURFACE_STYLE_FILL_AREA(#17623);
#17623 = FILL_AREA_STYLE('',(#17624));
#17624 = FILL_AREA_STYLE_COLOUR('',#17392);
#17625 = STYLED_ITEM('color',(#17626),#15392);
#17626 = PRESENTATION_STYLE_ASSIGNMENT((#17627));
#17627 = SURFACE_STYLE_USAGE(.BOTH.,#17628);
#17628 = SURFACE_SIDE_STYLE('',(#17629));
#17629 = SURFACE_STYLE_FILL_AREA(#17630);
#17630 = FILL_AREA_STYLE('',(#17631));
#17631 = FILL_AREA_STYLE_COLOUR('',#17392);
#17632 = STYLED_ITEM('color',(#17633),#15721);
#17633 = PRESENTATION_STYLE_ASSIGNMENT((#17634));
#17634 = SURFACE_STYLE_USAGE(.BOTH.,#17635);
#17635 = SURFACE_SIDE_STYLE('',(#17636));
#17636 = SURFACE_STYLE_FILL_AREA(#17637);
#17637 = FILL_AREA_STYLE('',(#17638));
#17638 = FILL_AREA_STYLE_COLOUR('',#17392);
#17639 = STYLED_ITEM('color',(#17640),#16050);
#17640 = PRESENTATION_STYLE_ASSIGNMENT((#17641));
#17641 = SURFACE_STYLE_USAGE(.BOTH.,#17642);
#17642 = SURFACE_SIDE_STYLE('',(#17643));
#17643 = SURFACE_STYLE_FILL_AREA(#17644);
#17644 = FILL_AREA_STYLE('',(#17645));
#17645 = FILL_AREA_STYLE_COLOUR('',#17392);
#17646 = STYLED_ITEM('color',(#17647),#16142);
#17647 = PRESENTATION_STYLE_ASSIGNMENT((#17648));
#17648 = SURFACE_STYLE_USAGE(.BOTH.,#17649);
#17649 = SURFACE_SIDE_STYLE('',(#17650));
#17650 = SURFACE_STYLE_FILL_AREA(#17651);
#17651 = FILL_AREA_STYLE('',(#17652));
#17652 = FILL_AREA_STYLE_COLOUR('',#17392);
#17653 = STYLED_ITEM('color',(#17654),#16471);
#17654 = PRESENTATION_STYLE_ASSIGNMENT((#17655));
#17655 = SURFACE_STYLE_USAGE(.BOTH.,#17656);
#17656 = SURFACE_SIDE_STYLE('',(#17657));
#17657 = SURFACE_STYLE_FILL_AREA(#17658);
#17658 = FILL_AREA_STYLE('',(#17659));
#17659 = FILL_AREA_STYLE_COLOUR('',#17392);
#17660 = STYLED_ITEM('color',(#17661),#16800);
#17661 = PRESENTATION_STYLE_ASSIGNMENT((#17662));
#17662 = SURFACE_STYLE_USAGE(.BOTH.,#17663);
#17663 = SURFACE_SIDE_STYLE('',(#17664));
#17664 = SURFACE_STYLE_FILL_AREA(#17665);
#17665 = FILL_AREA_STYLE('',(#17666));
#17666 = FILL_AREA_STYLE_COLOUR('',#17392);
#17667 = MECHANICAL_DESIGN_GEOMETRIC_PRESENTATION_REPRESENTATION('',(
    #17668),#17373);
#17668 = STYLED_ITEM('color',(#17669),#16911);
#17669 = PRESENTATION_STYLE_ASSIGNMENT((#17670));
#17670 = SURFACE_STYLE_USAGE(.BOTH.,#17671);
#17671 = SURFACE_SIDE_STYLE('',(#17672));
#17672 = SURFACE_STYLE_FILL_AREA(#17673);
#17673 = FILL_AREA_STYLE('',(#17674));
#17674 = FILL_AREA_STYLE_COLOUR('',#17675);
#17675 = COLOUR_RGB('',0.313304153717,0.484529207832,0.410020903123);
ENDSEC;
END-ISO-10303-21;
